{
  "StationCode": "O01",
  "StationName": "南勢角",
  "Timetables": [
    {
      "Direction": "往O54蘆洲站、O21迴龍站",
      "EffectiveFrom": "2017-08-01",
      "Schedule": [
        {
          "Days": "1,2,3,4,5",
          "Departures": [
            {
              "Dst": "迴龍",
              "Time": "06:00"
            },
            {
              "Dst": "蘆洲",
              "Time": "06:04"
            },
            {
              "Dst": "迴龍",
              "Time": "06:07"
            },
            {
              "Dst": "蘆洲",
              "Time": "06:12"
            },
            {
              "Dst": "迴龍",
              "Time": "06:16"
            },
            {
              "Dst": "蘆洲",
              "Time": "06:20"
            },
            {
              "Dst": "迴龍",
              "Time": "06:22"
            },
            {
              "Dst": "蘆洲",
              "Time": "06:26"
            },
            {
              "Dst": "迴龍",
              "Time": "06:30"
            },
            {
              "Dst": "蘆洲",
              "Time": "06:34"
            },
            {
              "Dst": "迴龍",
              "Time": "06:38"
            },
            {
              "Dst": "蘆洲",
              "Time": "06:42"
            },
            {
              "Dst": "迴龍",
              "Time": "06:45"
            },
            {
              "Dst": "蘆洲",
              "Time": "06:50"
            },
            {
              "Dst": "迴龍",
              "Time": "06:54"
            },
            {
              "Dst": "蘆洲",
              "Time": "06:58"
            },
            {
              "Dst": "迴龍",
              "Time": "07:02"
            },
            {
              "Dst": "蘆洲",
              "Time": "07:06"
            },
            {
              "Dst": "迴龍",
              "Time": "07:10"
            },
            {
              "Dst": "蘆洲",
              "Time": "07:14"
            },
            {
              "Dst": "迴龍",
              "Time": "07:18"
            },
            {
              "Dst": "蘆洲",
              "Time": "07:21"
            },
            {
              "Dst": "迴龍",
              "Time": "07:24"
            },
            {
              "Dst": "蘆洲",
              "Time": "07:27"
            },
            {
              "Dst": "迴龍",
              "Time": "07:30"
            },
            {
              "Dst": "蘆洲",
              "Time": "07:33"
            },
            {
              "Dst": "迴龍",
              "Time": "07:36"
            },
            {
              "Dst": "蘆洲",
              "Time": "07:39"
            },
            {
              "Dst": "迴龍",
              "Time": "07:42"
            },
            {
              "Dst": "蘆洲",
              "Time": "07:45"
            },
            {
              "Dst": "迴龍",
              "Time": "07:48"
            },
            {
              "Dst": "蘆洲",
              "Time": "07:51"
            },
            {
              "Dst": "迴龍",
              "Time": "07:54"
            },
            {
              "Dst": "蘆洲",
              "Time": "07:57"
            },
            {
              "Dst": "迴龍",
              "Time": "08:00"
            },
            {
              "Dst": "蘆洲",
              "Time": "08:03"
            },
            {
              "Dst": "迴龍",
              "Time": "08:06"
            },
            {
              "Dst": "蘆洲",
              "Time": "08:09"
            },
            {
              "Dst": "迴龍",
              "Time": "08:12"
            },
            {
              "Dst": "蘆洲",
              "Time": "08:15"
            },
            {
              "Dst": "迴龍",
              "Time": "08:18"
            },
            {
              "Dst": "蘆洲",
              "Time": "08:21"
            },
            {
              "Dst": "迴龍",
              "Time": "08:23"
            },
            {
              "Dst": "蘆洲",
              "Time": "08:26"
            },
            {
              "Dst": "迴龍",
              "Time": "08:28"
            },
            {
              "Dst": "蘆洲",
              "Time": "08:31"
            },
            {
              "Dst": "迴龍",
              "Time": "08:33"
            },
            {
              "Dst": "蘆洲",
              "Time": "08:36"
            },
            {
              "Dst": "迴龍",
              "Time": "08:39"
            },
            {
              "Dst": "蘆洲",
              "Time": "08:42"
            },
            {
              "Dst": "迴龍",
              "Time": "08:44"
            },
            {
              "Dst": "蘆洲",
              "Time": "08:47"
            },
            {
              "Dst": "迴龍",
              "Time": "08:49"
            },
            {
              "Dst": "蘆洲",
              "Time": "08:52"
            },
            {
              "Dst": "迴龍",
              "Time": "08:54"
            },
            {
              "Dst": "蘆洲",
              "Time": "08:57"
            },
            {
              "Dst": "迴龍",
              "Time": "08:59"
            },
            {
              "Dst": "蘆洲",
              "Time": "09:02"
            },
            {
              "Dst": "迴龍",
              "Time": "09:04"
            },
            {
              "Dst": "蘆洲",
              "Time": "09:07"
            },
            {
              "Dst": "迴龍",
              "Time": "09:11"
            },
            {
              "Dst": "蘆洲",
              "Time": "09:14"
            },
            {
              "Dst": "迴龍",
              "Time": "09:17"
            },
            {
              "Dst": "蘆洲",
              "Time": "09:20"
            },
            {
              "Dst": "迴龍",
              "Time": "09:23"
            },
            {
              "Dst": "蘆洲",
              "Time": "09:26"
            },
            {
              "Dst": "迴龍",
              "Time": "09:29"
            },
            {
              "Dst": "蘆洲",
              "Time": "09:33"
            },
            {
              "Dst": "迴龍",
              "Time": "09:36"
            },
            {
              "Dst": "蘆洲",
              "Time": "09:40"
            },
            {
              "Dst": "迴龍",
              "Time": "09:44"
            },
            {
              "Dst": "蘆洲",
              "Time": "09:48"
            },
            {
              "Dst": "迴龍",
              "Time": "09:52"
            },
            {
              "Dst": "蘆洲",
              "Time": "09:57"
            },
            {
              "Dst": "迴龍",
              "Time": "10:01"
            },
            {
              "Dst": "蘆洲",
              "Time": "10:05"
            },
            {
              "Dst": "迴龍",
              "Time": "10:09"
            },
            {
              "Dst": "蘆洲",
              "Time": "10:14"
            },
            {
              "Dst": "迴龍",
              "Time": "10:18"
            },
            {
              "Dst": "蘆洲",
              "Time": "10:22"
            },
            {
              "Dst": "迴龍",
              "Time": "10:26"
            },
            {
              "Dst": "蘆洲",
              "Time": "10:31"
            },
            {
              "Dst": "迴龍",
              "Time": "10:35"
            },
            {
              "Dst": "蘆洲",
              "Time": "10:39"
            },
            {
              "Dst": "迴龍",
              "Time": "10:43"
            },
            {
              "Dst": "蘆洲",
              "Time": "10:48"
            },
            {
              "Dst": "迴龍",
              "Time": "10:51"
            },
            {
              "Dst": "蘆洲",
              "Time": "10:55"
            },
            {
              "Dst": "迴龍",
              "Time": "11:00"
            },
            {
              "Dst": "蘆洲",
              "Time": "11:04"
            },
            {
              "Dst": "迴龍",
              "Time": "11:08"
            },
            {
              "Dst": "蘆洲",
              "Time": "11:12"
            },
            {
              "Dst": "迴龍",
              "Time": "11:17"
            },
            {
              "Dst": "蘆洲",
              "Time": "11:21"
            },
            {
              "Dst": "迴龍",
              "Time": "11:25"
            },
            {
              "Dst": "蘆洲",
              "Time": "11:29"
            },
            {
              "Dst": "迴龍",
              "Time": "11:34"
            },
            {
              "Dst": "蘆洲",
              "Time": "11:38"
            },
            {
              "Dst": "迴龍",
              "Time": "11:42"
            },
            {
              "Dst": "蘆洲",
              "Time": "11:46"
            },
            {
              "Dst": "迴龍",
              "Time": "11:51"
            },
            {
              "Dst": "蘆洲",
              "Time": "11:55"
            },
            {
              "Dst": "迴龍",
              "Time": "11:59"
            },
            {
              "Dst": "蘆洲",
              "Time": "12:03"
            },
            {
              "Dst": "迴龍",
              "Time": "12:08"
            },
            {
              "Dst": "蘆洲",
              "Time": "12:12"
            },
            {
              "Dst": "迴龍",
              "Time": "12:16"
            },
            {
              "Dst": "蘆洲",
              "Time": "12:20"
            },
            {
              "Dst": "迴龍",
              "Time": "12:25"
            },
            {
              "Dst": "蘆洲",
              "Time": "12:29"
            },
            {
              "Dst": "迴龍",
              "Time": "12:33"
            },
            {
              "Dst": "蘆洲",
              "Time": "12:37"
            },
            {
              "Dst": "迴龍",
              "Time": "12:42"
            },
            {
              "Dst": "蘆洲",
              "Time": "12:46"
            },
            {
              "Dst": "迴龍",
              "Time": "12:50"
            },
            {
              "Dst": "蘆洲",
              "Time": "12:54"
            },
            {
              "Dst": "迴龍",
              "Time": "12:59"
            },
            {
              "Dst": "蘆洲",
              "Time": "13:03"
            },
            {
              "Dst": "迴龍",
              "Time": "13:07"
            },
            {
              "Dst": "蘆洲",
              "Time": "13:11"
            },
            {
              "Dst": "迴龍",
              "Time": "13:16"
            },
            {
              "Dst": "蘆洲",
              "Time": "13:20"
            },
            {
              "Dst": "迴龍",
              "Time": "13:24"
            },
            {
              "Dst": "蘆洲",
              "Time": "13:28"
            },
            {
              "Dst": "迴龍",
              "Time": "13:33"
            },
            {
              "Dst": "蘆洲",
              "Time": "13:37"
            },
            {
              "Dst": "迴龍",
              "Time": "13:41"
            },
            {
              "Dst": "蘆洲",
              "Time": "13:45"
            },
            {
              "Dst": "迴龍",
              "Time": "13:50"
            },
            {
              "Dst": "蘆洲",
              "Time": "13:54"
            },
            {
              "Dst": "迴龍",
              "Time": "13:58"
            },
            {
              "Dst": "蘆洲",
              "Time": "14:02"
            },
            {
              "Dst": "迴龍",
              "Time": "14:07"
            },
            {
              "Dst": "蘆洲",
              "Time": "14:11"
            },
            {
              "Dst": "迴龍",
              "Time": "14:15"
            },
            {
              "Dst": "蘆洲",
              "Time": "14:19"
            },
            {
              "Dst": "迴龍",
              "Time": "14:24"
            },
            {
              "Dst": "蘆洲",
              "Time": "14:28"
            },
            {
              "Dst": "迴龍",
              "Time": "14:32"
            },
            {
              "Dst": "蘆洲",
              "Time": "14:36"
            },
            {
              "Dst": "迴龍",
              "Time": "14:41"
            },
            {
              "Dst": "蘆洲",
              "Time": "14:45"
            },
            {
              "Dst": "迴龍",
              "Time": "14:49"
            },
            {
              "Dst": "蘆洲",
              "Time": "14:53"
            },
            {
              "Dst": "迴龍",
              "Time": "14:58"
            },
            {
              "Dst": "蘆洲",
              "Time": "15:02"
            },
            {
              "Dst": "迴龍",
              "Time": "15:06"
            },
            {
              "Dst": "蘆洲",
              "Time": "15:10"
            },
            {
              "Dst": "迴龍",
              "Time": "15:15"
            },
            {
              "Dst": "蘆洲",
              "Time": "15:19"
            },
            {
              "Dst": "迴龍",
              "Time": "15:23"
            },
            {
              "Dst": "蘆洲",
              "Time": "15:27"
            },
            {
              "Dst": "迴龍",
              "Time": "15:32"
            },
            {
              "Dst": "蘆洲",
              "Time": "15:36"
            },
            {
              "Dst": "迴龍",
              "Time": "15:40"
            },
            {
              "Dst": "蘆洲",
              "Time": "15:44"
            },
            {
              "Dst": "迴龍",
              "Time": "15:49"
            },
            {
              "Dst": "蘆洲",
              "Time": "15:53"
            },
            {
              "Dst": "迴龍",
              "Time": "15:57"
            },
            {
              "Dst": "蘆洲",
              "Time": "16:01"
            },
            {
              "Dst": "迴龍",
              "Time": "16:06"
            },
            {
              "Dst": "蘆洲",
              "Time": "16:10"
            },
            {
              "Dst": "迴龍",
              "Time": "16:14"
            },
            {
              "Dst": "蘆洲",
              "Time": "16:18"
            },
            {
              "Dst": "迴龍",
              "Time": "16:23"
            },
            {
              "Dst": "蘆洲",
              "Time": "16:27"
            },
            {
              "Dst": "迴龍",
              "Time": "16:31"
            },
            {
              "Dst": "蘆洲",
              "Time": "16:35"
            },
            {
              "Dst": "迴龍",
              "Time": "16:40"
            },
            {
              "Dst": "蘆洲",
              "Time": "16:44"
            },
            {
              "Dst": "迴龍",
              "Time": "16:48"
            },
            {
              "Dst": "蘆洲",
              "Time": "16:52"
            },
            {
              "Dst": "迴龍",
              "Time": "16:56"
            },
            {
              "Dst": "蘆洲",
              "Time": "17:00"
            },
            {
              "Dst": "迴龍",
              "Time": "17:04"
            },
            {
              "Dst": "蘆洲",
              "Time": "17:07"
            },
            {
              "Dst": "迴龍",
              "Time": "17:10"
            },
            {
              "Dst": "蘆洲",
              "Time": "17:14"
            },
            {
              "Dst": "迴龍",
              "Time": "17:17"
            },
            {
              "Dst": "蘆洲",
              "Time": "17:20"
            },
            {
              "Dst": "迴龍",
              "Time": "17:23"
            },
            {
              "Dst": "蘆洲",
              "Time": "17:26"
            },
            {
              "Dst": "迴龍",
              "Time": "17:29"
            },
            {
              "Dst": "蘆洲",
              "Time": "17:33"
            },
            {
              "Dst": "迴龍",
              "Time": "17:36"
            },
            {
              "Dst": "蘆洲",
              "Time": "17:39"
            },
            {
              "Dst": "迴龍",
              "Time": "17:42"
            },
            {
              "Dst": "蘆洲",
              "Time": "17:45"
            },
            {
              "Dst": "迴龍",
              "Time": "17:48"
            },
            {
              "Dst": "蘆洲",
              "Time": "17:52"
            },
            {
              "Dst": "迴龍",
              "Time": "17:55"
            },
            {
              "Dst": "蘆洲",
              "Time": "17:58"
            },
            {
              "Dst": "迴龍",
              "Time": "18:01"
            },
            {
              "Dst": "蘆洲",
              "Time": "18:04"
            },
            {
              "Dst": "迴龍",
              "Time": "18:07"
            },
            {
              "Dst": "蘆洲",
              "Time": "18:11"
            },
            {
              "Dst": "迴龍",
              "Time": "18:14"
            },
            {
              "Dst": "蘆洲",
              "Time": "18:17"
            },
            {
              "Dst": "迴龍",
              "Time": "18:20"
            },
            {
              "Dst": "蘆洲",
              "Time": "18:23"
            },
            {
              "Dst": "迴龍",
              "Time": "18:26"
            },
            {
              "Dst": "蘆洲",
              "Time": "18:30"
            },
            {
              "Dst": "迴龍",
              "Time": "18:33"
            },
            {
              "Dst": "蘆洲",
              "Time": "18:36"
            },
            {
              "Dst": "迴龍",
              "Time": "18:39"
            },
            {
              "Dst": "蘆洲",
              "Time": "18:42"
            },
            {
              "Dst": "迴龍",
              "Time": "18:45"
            },
            {
              "Dst": "蘆洲",
              "Time": "18:49"
            },
            {
              "Dst": "迴龍",
              "Time": "18:52"
            },
            {
              "Dst": "蘆洲",
              "Time": "18:55"
            },
            {
              "Dst": "迴龍",
              "Time": "18:58"
            },
            {
              "Dst": "蘆洲",
              "Time": "19:01"
            },
            {
              "Dst": "迴龍",
              "Time": "19:04"
            },
            {
              "Dst": "蘆洲",
              "Time": "19:08"
            },
            {
              "Dst": "迴龍",
              "Time": "19:11"
            },
            {
              "Dst": "蘆洲",
              "Time": "19:14"
            },
            {
              "Dst": "迴龍",
              "Time": "19:17"
            },
            {
              "Dst": "蘆洲",
              "Time": "19:20"
            },
            {
              "Dst": "迴龍",
              "Time": "19:23"
            },
            {
              "Dst": "蘆洲",
              "Time": "19:27"
            },
            {
              "Dst": "迴龍",
              "Time": "19:30"
            },
            {
              "Dst": "蘆洲",
              "Time": "19:33"
            },
            {
              "Dst": "迴龍",
              "Time": "19:36"
            },
            {
              "Dst": "蘆洲",
              "Time": "19:39"
            },
            {
              "Dst": "迴龍",
              "Time": "19:42"
            },
            {
              "Dst": "蘆洲",
              "Time": "19:46"
            },
            {
              "Dst": "迴龍",
              "Time": "19:49"
            },
            {
              "Dst": "蘆洲",
              "Time": "19:52"
            },
            {
              "Dst": "迴龍",
              "Time": "19:56"
            },
            {
              "Dst": "蘆洲",
              "Time": "20:00"
            },
            {
              "Dst": "迴龍",
              "Time": "20:04"
            },
            {
              "Dst": "蘆洲",
              "Time": "20:08"
            },
            {
              "Dst": "迴龍",
              "Time": "20:12"
            },
            {
              "Dst": "蘆洲",
              "Time": "20:16"
            },
            {
              "Dst": "迴龍",
              "Time": "20:20"
            },
            {
              "Dst": "蘆洲",
              "Time": "20:24"
            },
            {
              "Dst": "迴龍",
              "Time": "20:28"
            },
            {
              "Dst": "蘆洲",
              "Time": "20:32"
            },
            {
              "Dst": "迴龍",
              "Time": "20:36"
            },
            {
              "Dst": "蘆洲",
              "Time": "20:40"
            },
            {
              "Dst": "迴龍",
              "Time": "20:44"
            },
            {
              "Dst": "蘆洲",
              "Time": "20:48"
            },
            {
              "Dst": "迴龍",
              "Time": "20:52"
            },
            {
              "Dst": "蘆洲",
              "Time": "20:56"
            },
            {
              "Dst": "迴龍",
              "Time": "21:00"
            },
            {
              "Dst": "蘆洲",
              "Time": "21:04"
            },
            {
              "Dst": "迴龍",
              "Time": "21:08"
            },
            {
              "Dst": "蘆洲",
              "Time": "21:12"
            },
            {
              "Dst": "迴龍",
              "Time": "21:16"
            },
            {
              "Dst": "蘆洲",
              "Time": "21:20"
            },
            {
              "Dst": "迴龍",
              "Time": "21:24"
            },
            {
              "Dst": "蘆洲",
              "Time": "21:28"
            },
            {
              "Dst": "迴龍",
              "Time": "21:32"
            },
            {
              "Dst": "蘆洲",
              "Time": "21:36"
            },
            {
              "Dst": "迴龍",
              "Time": "21:40"
            },
            {
              "Dst": "蘆洲",
              "Time": "21:44"
            },
            {
              "Dst": "迴龍",
              "Time": "21:48"
            },
            {
              "Dst": "蘆洲",
              "Time": "21:52"
            },
            {
              "Dst": "迴龍",
              "Time": "21:56"
            },
            {
              "Dst": "蘆洲",
              "Time": "22:00"
            },
            {
              "Dst": "迴龍",
              "Time": "22:04"
            },
            {
              "Dst": "蘆洲",
              "Time": "22:08"
            },
            {
              "Dst": "迴龍",
              "Time": "22:12"
            },
            {
              "Dst": "蘆洲",
              "Time": "22:16"
            },
            {
              "Dst": "迴龍",
              "Time": "22:20"
            },
            {
              "Dst": "蘆洲",
              "Time": "22:24"
            },
            {
              "Dst": "迴龍",
              "Time": "22:28"
            },
            {
              "Dst": "蘆洲",
              "Time": "22:32"
            },
            {
              "Dst": "迴龍",
              "Time": "22:36"
            },
            {
              "Dst": "蘆洲",
              "Time": "22:40"
            },
            {
              "Dst": "迴龍",
              "Time": "22:44"
            },
            {
              "Dst": "蘆洲",
              "Time": "22:48"
            },
            {
              "Dst": "迴龍",
              "Time": "22:52"
            },
            {
              "Dst": "蘆洲",
              "Time": "22:56"
            },
            {
              "Dst": "迴龍",
              "Time": "23:00"
            },
            {
              "Dst": "蘆洲",
              "Time": "23:06"
            },
            {
              "Dst": "迴龍",
              "Time": "23:12"
            },
            {
              "Dst": "蘆洲",
              "Time": "23:18"
            },
            {
              "Dst": "迴龍",
              "Time": "23:24"
            },
            {
              "Dst": "蘆洲",
              "Time": "23:30"
            },
            {
              "Dst": "迴龍",
              "Time": "23:36"
            },
            {
              "Dst": "蘆洲",
              "Time": "23:42"
            },
            {
              "Dst": "迴龍",
              "Time": "23:48"
            },
            {
              "Dst": "蘆洲",
              "Time": "23:54"
            },
            {
              "Dst": "迴龍",
              "Time": "00:00"
            },
            {
              "Dst": "蘆洲",
              "Time": "00:03"
            }
          ]
        },
        {
          "Days": "6",
          "Departures": [
            {
              "Dst": "迴龍",
              "Time": "06:00"
            },
            {
              "Dst": "蘆洲",
              "Time": "06:04"
            },
            {
              "Dst": "迴龍",
              "Time": "06:09"
            },
            {
              "Dst": "蘆洲",
              "Time": "06:13"
            },
            {
              "Dst": "迴龍",
              "Time": "06:18"
            },
            {
              "Dst": "蘆洲",
              "Time": "06:23"
            },
            {
              "Dst": "迴龍",
              "Time": "06:28"
            },
            {
              "Dst": "蘆洲",
              "Time": "06:33"
            },
            {
              "Dst": "迴龍",
              "Time": "06:38"
            },
            {
              "Dst": "蘆洲",
              "Time": "06:42"
            },
            {
              "Dst": "迴龍",
              "Time": "06:47"
            },
            {
              "Dst": "蘆洲",
              "Time": "06:52"
            },
            {
              "Dst": "迴龍",
              "Time": "06:57"
            },
            {
              "Dst": "蘆洲",
              "Time": "07:01"
            },
            {
              "Dst": "迴龍",
              "Time": "07:06"
            },
            {
              "Dst": "蘆洲",
              "Time": "07:11"
            },
            {
              "Dst": "迴龍",
              "Time": "07:16"
            },
            {
              "Dst": "蘆洲",
              "Time": "07:20"
            },
            {
              "Dst": "迴龍",
              "Time": "07:25"
            },
            {
              "Dst": "蘆洲",
              "Time": "07:30"
            },
            {
              "Dst": "迴龍",
              "Time": "07:35"
            },
            {
              "Dst": "蘆洲",
              "Time": "07:39"
            },
            {
              "Dst": "迴龍",
              "Time": "07:44"
            },
            {
              "Dst": "蘆洲",
              "Time": "07:49"
            },
            {
              "Dst": "迴龍",
              "Time": "07:54"
            },
            {
              "Dst": "蘆洲",
              "Time": "07:59"
            },
            {
              "Dst": "迴龍",
              "Time": "08:03"
            },
            {
              "Dst": "蘆洲",
              "Time": "08:08"
            },
            {
              "Dst": "迴龍",
              "Time": "08:13"
            },
            {
              "Dst": "蘆洲",
              "Time": "08:18"
            },
            {
              "Dst": "迴龍",
              "Time": "08:22"
            },
            {
              "Dst": "蘆洲",
              "Time": "08:27"
            },
            {
              "Dst": "迴龍",
              "Time": "08:32"
            },
            {
              "Dst": "蘆洲",
              "Time": "08:37"
            },
            {
              "Dst": "迴龍",
              "Time": "08:42"
            },
            {
              "Dst": "蘆洲",
              "Time": "08:46"
            },
            {
              "Dst": "迴龍",
              "Time": "08:51"
            },
            {
              "Dst": "蘆洲",
              "Time": "08:56"
            },
            {
              "Dst": "迴龍",
              "Time": "09:01"
            },
            {
              "Dst": "蘆洲",
              "Time": "09:05"
            },
            {
              "Dst": "迴龍",
              "Time": "09:10"
            },
            {
              "Dst": "蘆洲",
              "Time": "09:15"
            },
            {
              "Dst": "迴龍",
              "Time": "09:20"
            },
            {
              "Dst": "蘆洲",
              "Time": "09:25"
            },
            {
              "Dst": "迴龍",
              "Time": "09:29"
            },
            {
              "Dst": "蘆洲",
              "Time": "09:34"
            },
            {
              "Dst": "迴龍",
              "Time": "09:39"
            },
            {
              "Dst": "蘆洲",
              "Time": "09:44"
            },
            {
              "Dst": "迴龍",
              "Time": "09:48"
            },
            {
              "Dst": "蘆洲",
              "Time": "09:52"
            },
            {
              "Dst": "迴龍",
              "Time": "09:56"
            },
            {
              "Dst": "蘆洲",
              "Time": "10:00"
            },
            {
              "Dst": "迴龍",
              "Time": "10:04"
            },
            {
              "Dst": "蘆洲",
              "Time": "10:08"
            },
            {
              "Dst": "迴龍",
              "Time": "10:13"
            },
            {
              "Dst": "蘆洲",
              "Time": "10:17"
            },
            {
              "Dst": "迴龍",
              "Time": "10:21"
            },
            {
              "Dst": "蘆洲",
              "Time": "10:25"
            },
            {
              "Dst": "迴龍",
              "Time": "10:30"
            },
            {
              "Dst": "蘆洲",
              "Time": "10:34"
            },
            {
              "Dst": "迴龍",
              "Time": "10:38"
            },
            {
              "Dst": "蘆洲",
              "Time": "10:42"
            },
            {
              "Dst": "迴龍",
              "Time": "10:47"
            },
            {
              "Dst": "蘆洲",
              "Time": "10:51"
            },
            {
              "Dst": "迴龍",
              "Time": "10:55"
            },
            {
              "Dst": "蘆洲",
              "Time": "10:59"
            },
            {
              "Dst": "迴龍",
              "Time": "11:04"
            },
            {
              "Dst": "蘆洲",
              "Time": "11:08"
            },
            {
              "Dst": "迴龍",
              "Time": "11:12"
            },
            {
              "Dst": "蘆洲",
              "Time": "11:16"
            },
            {
              "Dst": "迴龍",
              "Time": "11:21"
            },
            {
              "Dst": "蘆洲",
              "Time": "11:25"
            },
            {
              "Dst": "迴龍",
              "Time": "11:29"
            },
            {
              "Dst": "蘆洲",
              "Time": "11:33"
            },
            {
              "Dst": "迴龍",
              "Time": "11:38"
            },
            {
              "Dst": "蘆洲",
              "Time": "11:42"
            },
            {
              "Dst": "迴龍",
              "Time": "11:46"
            },
            {
              "Dst": "蘆洲",
              "Time": "11:50"
            },
            {
              "Dst": "迴龍",
              "Time": "11:55"
            },
            {
              "Dst": "蘆洲",
              "Time": "11:59"
            },
            {
              "Dst": "迴龍",
              "Time": "12:03"
            },
            {
              "Dst": "蘆洲",
              "Time": "12:07"
            },
            {
              "Dst": "迴龍",
              "Time": "12:12"
            },
            {
              "Dst": "蘆洲",
              "Time": "12:16"
            },
            {
              "Dst": "迴龍",
              "Time": "12:20"
            },
            {
              "Dst": "蘆洲",
              "Time": "12:24"
            },
            {
              "Dst": "迴龍",
              "Time": "12:29"
            },
            {
              "Dst": "蘆洲",
              "Time": "12:33"
            },
            {
              "Dst": "迴龍",
              "Time": "12:37"
            },
            {
              "Dst": "蘆洲",
              "Time": "12:41"
            },
            {
              "Dst": "迴龍",
              "Time": "12:46"
            },
            {
              "Dst": "蘆洲",
              "Time": "12:50"
            },
            {
              "Dst": "迴龍",
              "Time": "12:54"
            },
            {
              "Dst": "蘆洲",
              "Time": "12:58"
            },
            {
              "Dst": "迴龍",
              "Time": "13:03"
            },
            {
              "Dst": "蘆洲",
              "Time": "13:07"
            },
            {
              "Dst": "迴龍",
              "Time": "13:11"
            },
            {
              "Dst": "蘆洲",
              "Time": "13:15"
            },
            {
              "Dst": "迴龍",
              "Time": "13:20"
            },
            {
              "Dst": "蘆洲",
              "Time": "13:24"
            },
            {
              "Dst": "迴龍",
              "Time": "13:28"
            },
            {
              "Dst": "蘆洲",
              "Time": "13:32"
            },
            {
              "Dst": "迴龍",
              "Time": "13:37"
            },
            {
              "Dst": "蘆洲",
              "Time": "13:41"
            },
            {
              "Dst": "迴龍",
              "Time": "13:45"
            },
            {
              "Dst": "蘆洲",
              "Time": "13:49"
            },
            {
              "Dst": "迴龍",
              "Time": "13:54"
            },
            {
              "Dst": "蘆洲",
              "Time": "13:58"
            },
            {
              "Dst": "迴龍",
              "Time": "14:02"
            },
            {
              "Dst": "蘆洲",
              "Time": "14:06"
            },
            {
              "Dst": "迴龍",
              "Time": "14:11"
            },
            {
              "Dst": "蘆洲",
              "Time": "14:15"
            },
            {
              "Dst": "迴龍",
              "Time": "14:19"
            },
            {
              "Dst": "蘆洲",
              "Time": "14:23"
            },
            {
              "Dst": "迴龍",
              "Time": "14:28"
            },
            {
              "Dst": "蘆洲",
              "Time": "14:32"
            },
            {
              "Dst": "迴龍",
              "Time": "14:36"
            },
            {
              "Dst": "蘆洲",
              "Time": "14:40"
            },
            {
              "Dst": "迴龍",
              "Time": "14:45"
            },
            {
              "Dst": "蘆洲",
              "Time": "14:49"
            },
            {
              "Dst": "迴龍",
              "Time": "14:53"
            },
            {
              "Dst": "蘆洲",
              "Time": "14:57"
            },
            {
              "Dst": "迴龍",
              "Time": "15:02"
            },
            {
              "Dst": "蘆洲",
              "Time": "15:06"
            },
            {
              "Dst": "迴龍",
              "Time": "15:10"
            },
            {
              "Dst": "蘆洲",
              "Time": "15:14"
            },
            {
              "Dst": "迴龍",
              "Time": "15:19"
            },
            {
              "Dst": "蘆洲",
              "Time": "15:23"
            },
            {
              "Dst": "迴龍",
              "Time": "15:27"
            },
            {
              "Dst": "蘆洲",
              "Time": "15:31"
            },
            {
              "Dst": "迴龍",
              "Time": "15:36"
            },
            {
              "Dst": "蘆洲",
              "Time": "15:40"
            },
            {
              "Dst": "迴龍",
              "Time": "15:44"
            },
            {
              "Dst": "蘆洲",
              "Time": "15:48"
            },
            {
              "Dst": "迴龍",
              "Time": "15:53"
            },
            {
              "Dst": "蘆洲",
              "Time": "15:57"
            },
            {
              "Dst": "迴龍",
              "Time": "16:01"
            },
            {
              "Dst": "蘆洲",
              "Time": "16:05"
            },
            {
              "Dst": "迴龍",
              "Time": "16:10"
            },
            {
              "Dst": "蘆洲",
              "Time": "16:14"
            },
            {
              "Dst": "迴龍",
              "Time": "16:18"
            },
            {
              "Dst": "蘆洲",
              "Time": "16:22"
            },
            {
              "Dst": "迴龍",
              "Time": "16:27"
            },
            {
              "Dst": "蘆洲",
              "Time": "16:31"
            },
            {
              "Dst": "迴龍",
              "Time": "16:35"
            },
            {
              "Dst": "蘆洲",
              "Time": "16:39"
            },
            {
              "Dst": "迴龍",
              "Time": "16:44"
            },
            {
              "Dst": "蘆洲",
              "Time": "16:48"
            },
            {
              "Dst": "迴龍",
              "Time": "16:52"
            },
            {
              "Dst": "蘆洲",
              "Time": "16:56"
            },
            {
              "Dst": "迴龍",
              "Time": "17:01"
            },
            {
              "Dst": "蘆洲",
              "Time": "17:05"
            },
            {
              "Dst": "迴龍",
              "Time": "17:09"
            },
            {
              "Dst": "蘆洲",
              "Time": "17:13"
            },
            {
              "Dst": "迴龍",
              "Time": "17:18"
            },
            {
              "Dst": "蘆洲",
              "Time": "17:22"
            },
            {
              "Dst": "迴龍",
              "Time": "17:26"
            },
            {
              "Dst": "蘆洲",
              "Time": "17:30"
            },
            {
              "Dst": "迴龍",
              "Time": "17:35"
            },
            {
              "Dst": "蘆洲",
              "Time": "17:39"
            },
            {
              "Dst": "迴龍",
              "Time": "17:43"
            },
            {
              "Dst": "蘆洲",
              "Time": "17:47"
            },
            {
              "Dst": "迴龍",
              "Time": "17:52"
            },
            {
              "Dst": "蘆洲",
              "Time": "17:56"
            },
            {
              "Dst": "迴龍",
              "Time": "18:00"
            },
            {
              "Dst": "蘆洲",
              "Time": "18:04"
            },
            {
              "Dst": "迴龍",
              "Time": "18:09"
            },
            {
              "Dst": "蘆洲",
              "Time": "18:13"
            },
            {
              "Dst": "迴龍",
              "Time": "18:17"
            },
            {
              "Dst": "蘆洲",
              "Time": "18:21"
            },
            {
              "Dst": "迴龍",
              "Time": "18:26"
            },
            {
              "Dst": "蘆洲",
              "Time": "18:30"
            },
            {
              "Dst": "迴龍",
              "Time": "18:34"
            },
            {
              "Dst": "蘆洲",
              "Time": "18:38"
            },
            {
              "Dst": "迴龍",
              "Time": "18:43"
            },
            {
              "Dst": "蘆洲",
              "Time": "18:47"
            },
            {
              "Dst": "迴龍",
              "Time": "18:51"
            },
            {
              "Dst": "蘆洲",
              "Time": "18:55"
            },
            {
              "Dst": "迴龍",
              "Time": "19:00"
            },
            {
              "Dst": "蘆洲",
              "Time": "19:04"
            },
            {
              "Dst": "迴龍",
              "Time": "19:08"
            },
            {
              "Dst": "蘆洲",
              "Time": "19:12"
            },
            {
              "Dst": "迴龍",
              "Time": "19:17"
            },
            {
              "Dst": "蘆洲",
              "Time": "19:21"
            },
            {
              "Dst": "迴龍",
              "Time": "19:25"
            },
            {
              "Dst": "蘆洲",
              "Time": "19:29"
            },
            {
              "Dst": "迴龍",
              "Time": "19:34"
            },
            {
              "Dst": "蘆洲",
              "Time": "19:38"
            },
            {
              "Dst": "迴龍",
              "Time": "19:42"
            },
            {
              "Dst": "蘆洲",
              "Time": "19:47"
            },
            {
              "Dst": "迴龍",
              "Time": "19:51"
            },
            {
              "Dst": "蘆洲",
              "Time": "19:56"
            },
            {
              "Dst": "迴龍",
              "Time": "20:01"
            },
            {
              "Dst": "蘆洲",
              "Time": "20:05"
            },
            {
              "Dst": "迴龍",
              "Time": "20:10"
            },
            {
              "Dst": "蘆洲",
              "Time": "20:14"
            },
            {
              "Dst": "迴龍",
              "Time": "20:18"
            },
            {
              "Dst": "蘆洲",
              "Time": "20:22"
            },
            {
              "Dst": "迴龍",
              "Time": "20:27"
            },
            {
              "Dst": "蘆洲",
              "Time": "20:31"
            },
            {
              "Dst": "迴龍",
              "Time": "20:36"
            },
            {
              "Dst": "蘆洲",
              "Time": "20:41"
            },
            {
              "Dst": "迴龍",
              "Time": "20:46"
            },
            {
              "Dst": "蘆洲",
              "Time": "20:50"
            },
            {
              "Dst": "迴龍",
              "Time": "20:55"
            },
            {
              "Dst": "蘆洲",
              "Time": "21:00"
            },
            {
              "Dst": "迴龍",
              "Time": "21:05"
            },
            {
              "Dst": "蘆洲",
              "Time": "21:09"
            },
            {
              "Dst": "迴龍",
              "Time": "21:14"
            },
            {
              "Dst": "蘆洲",
              "Time": "21:19"
            },
            {
              "Dst": "迴龍",
              "Time": "21:24"
            },
            {
              "Dst": "蘆洲",
              "Time": "21:29"
            },
            {
              "Dst": "迴龍",
              "Time": "21:33"
            },
            {
              "Dst": "蘆洲",
              "Time": "21:38"
            },
            {
              "Dst": "迴龍",
              "Time": "21:43"
            },
            {
              "Dst": "蘆洲",
              "Time": "21:48"
            },
            {
              "Dst": "迴龍",
              "Time": "21:53"
            },
            {
              "Dst": "蘆洲",
              "Time": "21:57"
            },
            {
              "Dst": "迴龍",
              "Time": "22:02"
            },
            {
              "Dst": "蘆洲",
              "Time": "22:07"
            },
            {
              "Dst": "迴龍",
              "Time": "22:12"
            },
            {
              "Dst": "蘆洲",
              "Time": "22:16"
            },
            {
              "Dst": "迴龍",
              "Time": "22:21"
            },
            {
              "Dst": "蘆洲",
              "Time": "22:26"
            },
            {
              "Dst": "迴龍",
              "Time": "22:31"
            },
            {
              "Dst": "蘆洲",
              "Time": "22:35"
            },
            {
              "Dst": "迴龍",
              "Time": "22:39"
            },
            {
              "Dst": "蘆洲",
              "Time": "22:44"
            },
            {
              "Dst": "迴龍",
              "Time": "22:49"
            },
            {
              "Dst": "蘆洲",
              "Time": "22:55"
            },
            {
              "Dst": "迴龍",
              "Time": "23:00"
            },
            {
              "Dst": "蘆洲",
              "Time": "23:06"
            },
            {
              "Dst": "迴龍",
              "Time": "23:12"
            },
            {
              "Dst": "蘆洲",
              "Time": "23:18"
            },
            {
              "Dst": "迴龍",
              "Time": "23:24"
            },
            {
              "Dst": "蘆洲",
              "Time": "23:30"
            },
            {
              "Dst": "迴龍",
              "Time": "23:36"
            },
            {
              "Dst": "蘆洲",
              "Time": "23:42"
            },
            {
              "Dst": "迴龍",
              "Time": "23:48"
            },
            {
              "Dst": "蘆洲",
              "Time": "23:54"
            },
            {
              "Dst": "迴龍",
              "Time": "00:00"
            },
            {
              "Dst": "蘆洲",
              "Time": "00:03"
            }
          ]
        },
        {
          "Days": "7",
          "Departures": [
            {
              "Dst": "迴龍",
              "Time": "06:00"
            },
            {
              "Dst": "蘆洲",
              "Time": "06:04"
            },
            {
              "Dst": "迴龍",
              "Time": "06:09"
            },
            {
              "Dst": "蘆洲",
              "Time": "06:13"
            },
            {
              "Dst": "迴龍",
              "Time": "06:18"
            },
            {
              "Dst": "蘆洲",
              "Time": "06:23"
            },
            {
              "Dst": "迴龍",
              "Time": "06:28"
            },
            {
              "Dst": "蘆洲",
              "Time": "06:33"
            },
            {
              "Dst": "迴龍",
              "Time": "06:38"
            },
            {
              "Dst": "蘆洲",
              "Time": "06:42"
            },
            {
              "Dst": "迴龍",
              "Time": "06:47"
            },
            {
              "Dst": "蘆洲",
              "Time": "06:52"
            },
            {
              "Dst": "迴龍",
              "Time": "06:57"
            },
            {
              "Dst": "蘆洲",
              "Time": "07:01"
            },
            {
              "Dst": "迴龍",
              "Time": "07:06"
            },
            {
              "Dst": "蘆洲",
              "Time": "07:11"
            },
            {
              "Dst": "迴龍",
              "Time": "07:16"
            },
            {
              "Dst": "蘆洲",
              "Time": "07:20"
            },
            {
              "Dst": "迴龍",
              "Time": "07:25"
            },
            {
              "Dst": "蘆洲",
              "Time": "07:30"
            },
            {
              "Dst": "迴龍",
              "Time": "07:35"
            },
            {
              "Dst": "蘆洲",
              "Time": "07:39"
            },
            {
              "Dst": "迴龍",
              "Time": "07:44"
            },
            {
              "Dst": "蘆洲",
              "Time": "07:49"
            },
            {
              "Dst": "迴龍",
              "Time": "07:54"
            },
            {
              "Dst": "蘆洲",
              "Time": "07:59"
            },
            {
              "Dst": "迴龍",
              "Time": "08:03"
            },
            {
              "Dst": "蘆洲",
              "Time": "08:08"
            },
            {
              "Dst": "迴龍",
              "Time": "08:13"
            },
            {
              "Dst": "蘆洲",
              "Time": "08:18"
            },
            {
              "Dst": "迴龍",
              "Time": "08:22"
            },
            {
              "Dst": "蘆洲",
              "Time": "08:27"
            },
            {
              "Dst": "迴龍",
              "Time": "08:32"
            },
            {
              "Dst": "蘆洲",
              "Time": "08:37"
            },
            {
              "Dst": "迴龍",
              "Time": "08:42"
            },
            {
              "Dst": "蘆洲",
              "Time": "08:46"
            },
            {
              "Dst": "迴龍",
              "Time": "08:51"
            },
            {
              "Dst": "蘆洲",
              "Time": "08:56"
            },
            {
              "Dst": "迴龍",
              "Time": "09:01"
            },
            {
              "Dst": "蘆洲",
              "Time": "09:05"
            },
            {
              "Dst": "迴龍",
              "Time": "09:10"
            },
            {
              "Dst": "蘆洲",
              "Time": "09:15"
            },
            {
              "Dst": "迴龍",
              "Time": "09:20"
            },
            {
              "Dst": "蘆洲",
              "Time": "09:25"
            },
            {
              "Dst": "迴龍",
              "Time": "09:29"
            },
            {
              "Dst": "蘆洲",
              "Time": "09:34"
            },
            {
              "Dst": "迴龍",
              "Time": "09:39"
            },
            {
              "Dst": "蘆洲",
              "Time": "09:44"
            },
            {
              "Dst": "迴龍",
              "Time": "09:48"
            },
            {
              "Dst": "蘆洲",
              "Time": "09:52"
            },
            {
              "Dst": "迴龍",
              "Time": "09:56"
            },
            {
              "Dst": "蘆洲",
              "Time": "10:00"
            },
            {
              "Dst": "迴龍",
              "Time": "10:04"
            },
            {
              "Dst": "蘆洲",
              "Time": "10:08"
            },
            {
              "Dst": "迴龍",
              "Time": "10:13"
            },
            {
              "Dst": "蘆洲",
              "Time": "10:17"
            },
            {
              "Dst": "迴龍",
              "Time": "10:21"
            },
            {
              "Dst": "蘆洲",
              "Time": "10:25"
            },
            {
              "Dst": "迴龍",
              "Time": "10:30"
            },
            {
              "Dst": "蘆洲",
              "Time": "10:34"
            },
            {
              "Dst": "迴龍",
              "Time": "10:38"
            },
            {
              "Dst": "蘆洲",
              "Time": "10:42"
            },
            {
              "Dst": "迴龍",
              "Time": "10:47"
            },
            {
              "Dst": "蘆洲",
              "Time": "10:51"
            },
            {
              "Dst": "迴龍",
              "Time": "10:55"
            },
            {
              "Dst": "蘆洲",
              "Time": "10:59"
            },
            {
              "Dst": "迴龍",
              "Time": "11:04"
            },
            {
              "Dst": "蘆洲",
              "Time": "11:08"
            },
            {
              "Dst": "迴龍",
              "Time": "11:12"
            },
            {
              "Dst": "蘆洲",
              "Time": "11:16"
            },
            {
              "Dst": "迴龍",
              "Time": "11:21"
            },
            {
              "Dst": "蘆洲",
              "Time": "11:25"
            },
            {
              "Dst": "迴龍",
              "Time": "11:29"
            },
            {
              "Dst": "蘆洲",
              "Time": "11:33"
            },
            {
              "Dst": "迴龍",
              "Time": "11:38"
            },
            {
              "Dst": "蘆洲",
              "Time": "11:42"
            },
            {
              "Dst": "迴龍",
              "Time": "11:46"
            },
            {
              "Dst": "蘆洲",
              "Time": "11:50"
            },
            {
              "Dst": "迴龍",
              "Time": "11:55"
            },
            {
              "Dst": "蘆洲",
              "Time": "11:59"
            },
            {
              "Dst": "迴龍",
              "Time": "12:03"
            },
            {
              "Dst": "蘆洲",
              "Time": "12:07"
            },
            {
              "Dst": "迴龍",
              "Time": "12:12"
            },
            {
              "Dst": "蘆洲",
              "Time": "12:16"
            },
            {
              "Dst": "迴龍",
              "Time": "12:20"
            },
            {
              "Dst": "蘆洲",
              "Time": "12:24"
            },
            {
              "Dst": "迴龍",
              "Time": "12:29"
            },
            {
              "Dst": "蘆洲",
              "Time": "12:33"
            },
            {
              "Dst": "迴龍",
              "Time": "12:37"
            },
            {
              "Dst": "蘆洲",
              "Time": "12:41"
            },
            {
              "Dst": "迴龍",
              "Time": "12:46"
            },
            {
              "Dst": "蘆洲",
              "Time": "12:50"
            },
            {
              "Dst": "迴龍",
              "Time": "12:54"
            },
            {
              "Dst": "蘆洲",
              "Time": "12:58"
            },
            {
              "Dst": "迴龍",
              "Time": "13:03"
            },
            {
              "Dst": "蘆洲",
              "Time": "13:07"
            },
            {
              "Dst": "迴龍",
              "Time": "13:11"
            },
            {
              "Dst": "蘆洲",
              "Time": "13:15"
            },
            {
              "Dst": "迴龍",
              "Time": "13:20"
            },
            {
              "Dst": "蘆洲",
              "Time": "13:24"
            },
            {
              "Dst": "迴龍",
              "Time": "13:28"
            },
            {
              "Dst": "蘆洲",
              "Time": "13:32"
            },
            {
              "Dst": "迴龍",
              "Time": "13:37"
            },
            {
              "Dst": "蘆洲",
              "Time": "13:41"
            },
            {
              "Dst": "迴龍",
              "Time": "13:45"
            },
            {
              "Dst": "蘆洲",
              "Time": "13:49"
            },
            {
              "Dst": "迴龍",
              "Time": "13:54"
            },
            {
              "Dst": "蘆洲",
              "Time": "13:58"
            },
            {
              "Dst": "迴龍",
              "Time": "14:02"
            },
            {
              "Dst": "蘆洲",
              "Time": "14:06"
            },
            {
              "Dst": "迴龍",
              "Time": "14:11"
            },
            {
              "Dst": "蘆洲",
              "Time": "14:15"
            },
            {
              "Dst": "迴龍",
              "Time": "14:19"
            },
            {
              "Dst": "蘆洲",
              "Time": "14:23"
            },
            {
              "Dst": "迴龍",
              "Time": "14:28"
            },
            {
              "Dst": "蘆洲",
              "Time": "14:32"
            },
            {
              "Dst": "迴龍",
              "Time": "14:36"
            },
            {
              "Dst": "蘆洲",
              "Time": "14:40"
            },
            {
              "Dst": "迴龍",
              "Time": "14:45"
            },
            {
              "Dst": "蘆洲",
              "Time": "14:49"
            },
            {
              "Dst": "迴龍",
              "Time": "14:53"
            },
            {
              "Dst": "蘆洲",
              "Time": "14:57"
            },
            {
              "Dst": "迴龍",
              "Time": "15:02"
            },
            {
              "Dst": "蘆洲",
              "Time": "15:06"
            },
            {
              "Dst": "迴龍",
              "Time": "15:10"
            },
            {
              "Dst": "蘆洲",
              "Time": "15:14"
            },
            {
              "Dst": "迴龍",
              "Time": "15:19"
            },
            {
              "Dst": "蘆洲",
              "Time": "15:23"
            },
            {
              "Dst": "迴龍",
              "Time": "15:27"
            },
            {
              "Dst": "蘆洲",
              "Time": "15:31"
            },
            {
              "Dst": "迴龍",
              "Time": "15:36"
            },
            {
              "Dst": "蘆洲",
              "Time": "15:40"
            },
            {
              "Dst": "迴龍",
              "Time": "15:44"
            },
            {
              "Dst": "蘆洲",
              "Time": "15:48"
            },
            {
              "Dst": "迴龍",
              "Time": "15:53"
            },
            {
              "Dst": "蘆洲",
              "Time": "15:57"
            },
            {
              "Dst": "迴龍",
              "Time": "16:01"
            },
            {
              "Dst": "蘆洲",
              "Time": "16:05"
            },
            {
              "Dst": "迴龍",
              "Time": "16:10"
            },
            {
              "Dst": "蘆洲",
              "Time": "16:14"
            },
            {
              "Dst": "迴龍",
              "Time": "16:18"
            },
            {
              "Dst": "蘆洲",
              "Time": "16:22"
            },
            {
              "Dst": "迴龍",
              "Time": "16:27"
            },
            {
              "Dst": "蘆洲",
              "Time": "16:31"
            },
            {
              "Dst": "迴龍",
              "Time": "16:35"
            },
            {
              "Dst": "蘆洲",
              "Time": "16:39"
            },
            {
              "Dst": "迴龍",
              "Time": "16:44"
            },
            {
              "Dst": "蘆洲",
              "Time": "16:48"
            },
            {
              "Dst": "迴龍",
              "Time": "16:52"
            },
            {
              "Dst": "蘆洲",
              "Time": "16:56"
            },
            {
              "Dst": "迴龍",
              "Time": "17:01"
            },
            {
              "Dst": "蘆洲",
              "Time": "17:05"
            },
            {
              "Dst": "迴龍",
              "Time": "17:09"
            },
            {
              "Dst": "蘆洲",
              "Time": "17:13"
            },
            {
              "Dst": "迴龍",
              "Time": "17:18"
            },
            {
              "Dst": "蘆洲",
              "Time": "17:22"
            },
            {
              "Dst": "迴龍",
              "Time": "17:26"
            },
            {
              "Dst": "蘆洲",
              "Time": "17:30"
            },
            {
              "Dst": "迴龍",
              "Time": "17:35"
            },
            {
              "Dst": "蘆洲",
              "Time": "17:39"
            },
            {
              "Dst": "迴龍",
              "Time": "17:43"
            },
            {
              "Dst": "蘆洲",
              "Time": "17:47"
            },
            {
              "Dst": "迴龍",
              "Time": "17:52"
            },
            {
              "Dst": "蘆洲",
              "Time": "17:56"
            },
            {
              "Dst": "迴龍",
              "Time": "18:00"
            },
            {
              "Dst": "蘆洲",
              "Time": "18:04"
            },
            {
              "Dst": "迴龍",
              "Time": "18:09"
            },
            {
              "Dst": "蘆洲",
              "Time": "18:13"
            },
            {
              "Dst": "迴龍",
              "Time": "18:17"
            },
            {
              "Dst": "蘆洲",
              "Time": "18:21"
            },
            {
              "Dst": "迴龍",
              "Time": "18:26"
            },
            {
              "Dst": "蘆洲",
              "Time": "18:30"
            },
            {
              "Dst": "迴龍",
              "Time": "18:34"
            },
            {
              "Dst": "蘆洲",
              "Time": "18:38"
            },
            {
              "Dst": "迴龍",
              "Time": "18:43"
            },
            {
              "Dst": "蘆洲",
              "Time": "18:47"
            },
            {
              "Dst": "迴龍",
              "Time": "18:51"
            },
            {
              "Dst": "蘆洲",
              "Time": "18:55"
            },
            {
              "Dst": "迴龍",
              "Time": "19:00"
            },
            {
              "Dst": "蘆洲",
              "Time": "19:04"
            },
            {
              "Dst": "迴龍",
              "Time": "19:08"
            },
            {
              "Dst": "蘆洲",
              "Time": "19:12"
            },
            {
              "Dst": "迴龍",
              "Time": "19:17"
            },
            {
              "Dst": "蘆洲",
              "Time": "19:21"
            },
            {
              "Dst": "迴龍",
              "Time": "19:25"
            },
            {
              "Dst": "蘆洲",
              "Time": "19:29"
            },
            {
              "Dst": "迴龍",
              "Time": "19:34"
            },
            {
              "Dst": "蘆洲",
              "Time": "19:38"
            },
            {
              "Dst": "迴龍",
              "Time": "19:42"
            },
            {
              "Dst": "蘆洲",
              "Time": "19:47"
            },
            {
              "Dst": "迴龍",
              "Time": "19:51"
            },
            {
              "Dst": "蘆洲",
              "Time": "19:56"
            },
            {
              "Dst": "迴龍",
              "Time": "20:01"
            },
            {
              "Dst": "蘆洲",
              "Time": "20:05"
            },
            {
              "Dst": "迴龍",
              "Time": "20:10"
            },
            {
              "Dst": "蘆洲",
              "Time": "20:14"
            },
            {
              "Dst": "迴龍",
              "Time": "20:18"
            },
            {
              "Dst": "蘆洲",
              "Time": "20:22"
            },
            {
              "Dst": "迴龍",
              "Time": "20:27"
            },
            {
              "Dst": "蘆洲",
              "Time": "20:31"
            },
            {
              "Dst": "迴龍",
              "Time": "20:36"
            },
            {
              "Dst": "蘆洲",
              "Time": "20:41"
            },
            {
              "Dst": "迴龍",
              "Time": "20:46"
            },
            {
              "Dst": "蘆洲",
              "Time": "20:50"
            },
            {
              "Dst": "迴龍",
              "Time": "20:55"
            },
            {
              "Dst": "蘆洲",
              "Time": "21:00"
            },
            {
              "Dst": "迴龍",
              "Time": "21:05"
            },
            {
              "Dst": "蘆洲",
              "Time": "21:09"
            },
            {
              "Dst": "迴龍",
              "Time": "21:14"
            },
            {
              "Dst": "蘆洲",
              "Time": "21:19"
            },
            {
              "Dst": "迴龍",
              "Time": "21:24"
            },
            {
              "Dst": "蘆洲",
              "Time": "21:29"
            },
            {
              "Dst": "迴龍",
              "Time": "21:33"
            },
            {
              "Dst": "蘆洲",
              "Time": "21:38"
            },
            {
              "Dst": "迴龍",
              "Time": "21:43"
            },
            {
              "Dst": "蘆洲",
              "Time": "21:48"
            },
            {
              "Dst": "迴龍",
              "Time": "21:53"
            },
            {
              "Dst": "蘆洲",
              "Time": "21:57"
            },
            {
              "Dst": "迴龍",
              "Time": "22:02"
            },
            {
              "Dst": "蘆洲",
              "Time": "22:07"
            },
            {
              "Dst": "迴龍",
              "Time": "22:12"
            },
            {
              "Dst": "蘆洲",
              "Time": "22:16"
            },
            {
              "Dst": "迴龍",
              "Time": "22:21"
            },
            {
              "Dst": "蘆洲",
              "Time": "22:26"
            },
            {
              "Dst": "迴龍",
              "Time": "22:31"
            },
            {
              "Dst": "蘆洲",
              "Time": "22:35"
            },
            {
              "Dst": "迴龍",
              "Time": "22:39"
            },
            {
              "Dst": "蘆洲",
              "Time": "22:44"
            },
            {
              "Dst": "迴龍",
              "Time": "22:49"
            },
            {
              "Dst": "蘆洲",
              "Time": "22:55"
            },
            {
              "Dst": "迴龍",
              "Time": "23:00"
            },
            {
              "Dst": "蘆洲",
              "Time": "23:06"
            },
            {
              "Dst": "迴龍",
              "Time": "23:12"
            },
            {
              "Dst": "蘆洲",
              "Time": "23:18"
            },
            {
              "Dst": "迴龍",
              "Time": "23:24"
            },
            {
              "Dst": "蘆洲",
              "Time": "23:30"
            },
            {
              "Dst": "迴龍",
              "Time": "23:36"
            },
            {
              "Dst": "蘆洲",
              "Time": "23:42"
            },
            {
              "Dst": "迴龍",
              "Time": "23:48"
            },
            {
              "Dst": "蘆洲",
              "Time": "23:54"
            },
            {
              "Dst": "迴龍",
              "Time": "00:00"
            },
            {
              "Dst": "蘆洲",
              "Time": "00:03"
            }
          ]
        }
      ]
    }
  ]
}