{
  "StationCode": "O13",
  "StationName": "台北橋",
  "Timetables": [
    {
      "Direction": "往O21迴龍站",
      "EffectiveFrom": "2017-08-01",
      "Schedule": [
        {
          "Days": "1,2,3,4,5",
          "Departures": [
            {
              "Dst": "迴龍",
              "Time": "06:08"
            },
            {
              "Dst": "迴龍",
              "Time": "06:18"
            },
            {
              "Dst": "迴龍",
              "Time": "06:26"
            },
            {
              "Dst": "迴龍",
              "Time": "06:34"
            },
            {
              "Dst": "迴龍",
              "Time": "06:39"
            },
            {
              "Dst": "迴龍",
              "Time": "06:42"
            },
            {
              "Dst": "迴龍",
              "Time": "06:50"
            },
            {
              "Dst": "迴龍",
              "Time": "06:57"
            },
            {
              "Dst": "迴龍",
              "Time": "07:01"
            },
            {
              "Dst": "迴龍",
              "Time": "07:05"
            },
            {
              "Dst": "迴龍",
              "Time": "07:14"
            },
            {
              "Dst": "迴龍",
              "Time": "07:18"
            },
            {
              "Dst": "迴龍",
              "Time": "07:22"
            },
            {
              "Dst": "迴龍",
              "Time": "07:29"
            },
            {
              "Dst": "迴龍",
              "Time": "07:34"
            },
            {
              "Dst": "迴龍",
              "Time": "07:38"
            },
            {
              "Dst": "迴龍",
              "Time": "07:45"
            },
            {
              "Dst": "迴龍",
              "Time": "07:51"
            },
            {
              "Dst": "迴龍",
              "Time": "07:57"
            },
            {
              "Dst": "迴龍",
              "Time": "08:03"
            },
            {
              "Dst": "迴龍",
              "Time": "08:09"
            },
            {
              "Dst": "迴龍",
              "Time": "08:15"
            },
            {
              "Dst": "迴龍",
              "Time": "08:21"
            },
            {
              "Dst": "迴龍",
              "Time": "08:27"
            },
            {
              "Dst": "迴龍",
              "Time": "08:33"
            },
            {
              "Dst": "迴龍",
              "Time": "08:39"
            },
            {
              "Dst": "迴龍",
              "Time": "08:45"
            },
            {
              "Dst": "迴龍",
              "Time": "08:50"
            },
            {
              "Dst": "迴龍",
              "Time": "08:56"
            },
            {
              "Dst": "迴龍",
              "Time": "09:01"
            },
            {
              "Dst": "迴龍",
              "Time": "09:06"
            },
            {
              "Dst": "迴龍",
              "Time": "09:11"
            },
            {
              "Dst": "迴龍",
              "Time": "09:16"
            },
            {
              "Dst": "迴龍",
              "Time": "09:21"
            },
            {
              "Dst": "迴龍",
              "Time": "09:27"
            },
            {
              "Dst": "迴龍",
              "Time": "09:32"
            },
            {
              "Dst": "迴龍",
              "Time": "09:38"
            },
            {
              "Dst": "迴龍",
              "Time": "09:44"
            },
            {
              "Dst": "迴龍",
              "Time": "09:49"
            },
            {
              "Dst": "迴龍",
              "Time": "09:57"
            },
            {
              "Dst": "迴龍",
              "Time": "10:04"
            },
            {
              "Dst": "迴龍",
              "Time": "10:12"
            },
            {
              "Dst": "迴龍",
              "Time": "10:20"
            },
            {
              "Dst": "迴龍",
              "Time": "10:29"
            },
            {
              "Dst": "迴龍",
              "Time": "10:37"
            },
            {
              "Dst": "迴龍",
              "Time": "10:46"
            },
            {
              "Dst": "迴龍",
              "Time": "10:54"
            },
            {
              "Dst": "迴龍",
              "Time": "11:03"
            },
            {
              "Dst": "迴龍",
              "Time": "11:11"
            },
            {
              "Dst": "迴龍",
              "Time": "11:20"
            },
            {
              "Dst": "迴龍",
              "Time": "11:28"
            },
            {
              "Dst": "迴龍",
              "Time": "11:37"
            },
            {
              "Dst": "迴龍",
              "Time": "11:45"
            },
            {
              "Dst": "迴龍",
              "Time": "11:54"
            },
            {
              "Dst": "迴龍",
              "Time": "12:02"
            },
            {
              "Dst": "迴龍",
              "Time": "12:11"
            },
            {
              "Dst": "迴龍",
              "Time": "12:19"
            },
            {
              "Dst": "迴龍",
              "Time": "12:28"
            },
            {
              "Dst": "迴龍",
              "Time": "12:36"
            },
            {
              "Dst": "迴龍",
              "Time": "12:45"
            },
            {
              "Dst": "迴龍",
              "Time": "12:53"
            },
            {
              "Dst": "迴龍",
              "Time": "13:02"
            },
            {
              "Dst": "迴龍",
              "Time": "13:10"
            },
            {
              "Dst": "迴龍",
              "Time": "13:19"
            },
            {
              "Dst": "迴龍",
              "Time": "13:27"
            },
            {
              "Dst": "迴龍",
              "Time": "13:36"
            },
            {
              "Dst": "迴龍",
              "Time": "13:44"
            },
            {
              "Dst": "迴龍",
              "Time": "13:53"
            },
            {
              "Dst": "迴龍",
              "Time": "14:01"
            },
            {
              "Dst": "迴龍",
              "Time": "14:10"
            },
            {
              "Dst": "迴龍",
              "Time": "14:18"
            },
            {
              "Dst": "迴龍",
              "Time": "14:27"
            },
            {
              "Dst": "迴龍",
              "Time": "14:35"
            },
            {
              "Dst": "迴龍",
              "Time": "14:44"
            },
            {
              "Dst": "迴龍",
              "Time": "14:52"
            },
            {
              "Dst": "迴龍",
              "Time": "15:01"
            },
            {
              "Dst": "迴龍",
              "Time": "15:09"
            },
            {
              "Dst": "迴龍",
              "Time": "15:18"
            },
            {
              "Dst": "迴龍",
              "Time": "15:26"
            },
            {
              "Dst": "迴龍",
              "Time": "15:35"
            },
            {
              "Dst": "迴龍",
              "Time": "15:43"
            },
            {
              "Dst": "迴龍",
              "Time": "15:51"
            },
            {
              "Dst": "迴龍",
              "Time": "15:59"
            },
            {
              "Dst": "迴龍",
              "Time": "16:07"
            },
            {
              "Dst": "迴龍",
              "Time": "16:16"
            },
            {
              "Dst": "迴龍",
              "Time": "16:24"
            },
            {
              "Dst": "迴龍",
              "Time": "16:33"
            },
            {
              "Dst": "迴龍",
              "Time": "16:38"
            },
            {
              "Dst": "迴龍",
              "Time": "16:41"
            },
            {
              "Dst": "迴龍",
              "Time": "16:50"
            },
            {
              "Dst": "迴龍",
              "Time": "16:58"
            },
            {
              "Dst": "迴龍",
              "Time": "17:04"
            },
            {
              "Dst": "迴龍",
              "Time": "17:07"
            },
            {
              "Dst": "迴龍",
              "Time": "17:15"
            },
            {
              "Dst": "迴龍",
              "Time": "17:23"
            },
            {
              "Dst": "迴龍",
              "Time": "17:29"
            },
            {
              "Dst": "迴龍",
              "Time": "17:32"
            },
            {
              "Dst": "迴龍",
              "Time": "17:38"
            },
            {
              "Dst": "迴龍",
              "Time": "17:45"
            },
            {
              "Dst": "迴龍",
              "Time": "17:51"
            },
            {
              "Dst": "迴龍",
              "Time": "17:57"
            },
            {
              "Dst": "迴龍",
              "Time": "18:04"
            },
            {
              "Dst": "迴龍",
              "Time": "18:10"
            },
            {
              "Dst": "迴龍",
              "Time": "18:16"
            },
            {
              "Dst": "迴龍",
              "Time": "18:23"
            },
            {
              "Dst": "迴龍",
              "Time": "18:29"
            },
            {
              "Dst": "迴龍",
              "Time": "18:35"
            },
            {
              "Dst": "迴龍",
              "Time": "18:42"
            },
            {
              "Dst": "迴龍",
              "Time": "18:48"
            },
            {
              "Dst": "迴龍",
              "Time": "18:54"
            },
            {
              "Dst": "迴龍",
              "Time": "19:01"
            },
            {
              "Dst": "迴龍",
              "Time": "19:07"
            },
            {
              "Dst": "迴龍",
              "Time": "19:13"
            },
            {
              "Dst": "迴龍",
              "Time": "19:20"
            },
            {
              "Dst": "迴龍",
              "Time": "19:26"
            },
            {
              "Dst": "迴龍",
              "Time": "19:32"
            },
            {
              "Dst": "迴龍",
              "Time": "19:39"
            },
            {
              "Dst": "迴龍",
              "Time": "19:45"
            },
            {
              "Dst": "迴龍",
              "Time": "19:51"
            },
            {
              "Dst": "迴龍",
              "Time": "19:58"
            },
            {
              "Dst": "迴龍",
              "Time": "20:04"
            },
            {
              "Dst": "迴龍",
              "Time": "20:10"
            },
            {
              "Dst": "迴龍",
              "Time": "20:16"
            },
            {
              "Dst": "迴龍",
              "Time": "20:24"
            },
            {
              "Dst": "迴龍",
              "Time": "20:32"
            },
            {
              "Dst": "迴龍",
              "Time": "20:40"
            },
            {
              "Dst": "迴龍",
              "Time": "20:48"
            },
            {
              "Dst": "迴龍",
              "Time": "20:56"
            },
            {
              "Dst": "迴龍",
              "Time": "21:04"
            },
            {
              "Dst": "迴龍",
              "Time": "21:12"
            },
            {
              "Dst": "迴龍",
              "Time": "21:20"
            },
            {
              "Dst": "迴龍",
              "Time": "21:28"
            },
            {
              "Dst": "迴龍",
              "Time": "21:36"
            },
            {
              "Dst": "迴龍",
              "Time": "21:44"
            },
            {
              "Dst": "迴龍",
              "Time": "21:52"
            },
            {
              "Dst": "迴龍",
              "Time": "22:00"
            },
            {
              "Dst": "迴龍",
              "Time": "22:08"
            },
            {
              "Dst": "迴龍",
              "Time": "22:17"
            },
            {
              "Dst": "迴龍",
              "Time": "22:24"
            },
            {
              "Dst": "迴龍",
              "Time": "22:32"
            },
            {
              "Dst": "迴龍",
              "Time": "22:39"
            },
            {
              "Dst": "迴龍",
              "Time": "22:48"
            },
            {
              "Dst": "迴龍",
              "Time": "22:56"
            },
            {
              "Dst": "迴龍",
              "Time": "23:04"
            },
            {
              "Dst": "迴龍",
              "Time": "23:11"
            },
            {
              "Dst": "迴龍",
              "Time": "23:19"
            },
            {
              "Dst": "迴龍",
              "Time": "23:27"
            },
            {
              "Dst": "迴龍",
              "Time": "23:39"
            },
            {
              "Dst": "迴龍",
              "Time": "23:51"
            },
            {
              "Dst": "迴龍",
              "Time": "00:03"
            },
            {
              "Dst": "迴龍",
              "Time": "00:15"
            },
            {
              "Dst": "迴龍",
              "Time": "00:27"
            },
            {
              "Dst": "迴龍",
              "Time": "00:35"
            },
            {
              "Dst": "迴龍",
              "Time": "00:51"
            }
          ]
        },
        {
          "Days": "6",
          "Departures": [
            {
              "Dst": "迴龍",
              "Time": "06:08"
            },
            {
              "Dst": "迴龍",
              "Time": "06:18"
            },
            {
              "Dst": "迴龍",
              "Time": "06:26"
            },
            {
              "Dst": "迴龍",
              "Time": "06:35"
            },
            {
              "Dst": "迴龍",
              "Time": "06:44"
            },
            {
              "Dst": "迴龍",
              "Time": "06:54"
            },
            {
              "Dst": "迴龍",
              "Time": "07:04"
            },
            {
              "Dst": "迴龍",
              "Time": "07:13"
            },
            {
              "Dst": "迴龍",
              "Time": "07:22"
            },
            {
              "Dst": "迴龍",
              "Time": "07:32"
            },
            {
              "Dst": "迴龍",
              "Time": "07:42"
            },
            {
              "Dst": "迴龍",
              "Time": "07:51"
            },
            {
              "Dst": "迴龍",
              "Time": "08:01"
            },
            {
              "Dst": "迴龍",
              "Time": "08:10"
            },
            {
              "Dst": "迴龍",
              "Time": "08:20"
            },
            {
              "Dst": "迴龍",
              "Time": "08:29"
            },
            {
              "Dst": "迴龍",
              "Time": "08:39"
            },
            {
              "Dst": "迴龍",
              "Time": "08:48"
            },
            {
              "Dst": "迴龍",
              "Time": "08:54"
            },
            {
              "Dst": "迴龍",
              "Time": "08:58"
            },
            {
              "Dst": "迴龍",
              "Time": "09:08"
            },
            {
              "Dst": "迴龍",
              "Time": "09:17"
            },
            {
              "Dst": "迴龍",
              "Time": "09:27"
            },
            {
              "Dst": "迴龍",
              "Time": "09:37"
            },
            {
              "Dst": "迴龍",
              "Time": "09:43"
            },
            {
              "Dst": "迴龍",
              "Time": "09:47"
            },
            {
              "Dst": "迴龍",
              "Time": "09:56"
            },
            {
              "Dst": "迴龍",
              "Time": "10:05"
            },
            {
              "Dst": "迴龍",
              "Time": "10:15"
            },
            {
              "Dst": "迴龍",
              "Time": "10:24"
            },
            {
              "Dst": "迴龍",
              "Time": "10:33"
            },
            {
              "Dst": "迴龍",
              "Time": "10:41"
            },
            {
              "Dst": "迴龍",
              "Time": "10:50"
            },
            {
              "Dst": "迴龍",
              "Time": "10:58"
            },
            {
              "Dst": "迴龍",
              "Time": "11:07"
            },
            {
              "Dst": "迴龍",
              "Time": "11:15"
            },
            {
              "Dst": "迴龍",
              "Time": "11:24"
            },
            {
              "Dst": "迴龍",
              "Time": "11:32"
            },
            {
              "Dst": "迴龍",
              "Time": "11:41"
            },
            {
              "Dst": "迴龍",
              "Time": "11:49"
            },
            {
              "Dst": "迴龍",
              "Time": "11:58"
            },
            {
              "Dst": "迴龍",
              "Time": "12:06"
            },
            {
              "Dst": "迴龍",
              "Time": "12:15"
            },
            {
              "Dst": "迴龍",
              "Time": "12:23"
            },
            {
              "Dst": "迴龍",
              "Time": "12:32"
            },
            {
              "Dst": "迴龍",
              "Time": "12:40"
            },
            {
              "Dst": "迴龍",
              "Time": "12:49"
            },
            {
              "Dst": "迴龍",
              "Time": "12:57"
            },
            {
              "Dst": "迴龍",
              "Time": "13:06"
            },
            {
              "Dst": "迴龍",
              "Time": "13:14"
            },
            {
              "Dst": "迴龍",
              "Time": "13:23"
            },
            {
              "Dst": "迴龍",
              "Time": "13:31"
            },
            {
              "Dst": "迴龍",
              "Time": "13:40"
            },
            {
              "Dst": "迴龍",
              "Time": "13:48"
            },
            {
              "Dst": "迴龍",
              "Time": "13:57"
            },
            {
              "Dst": "迴龍",
              "Time": "14:05"
            },
            {
              "Dst": "迴龍",
              "Time": "14:14"
            },
            {
              "Dst": "迴龍",
              "Time": "14:22"
            },
            {
              "Dst": "迴龍",
              "Time": "14:31"
            },
            {
              "Dst": "迴龍",
              "Time": "14:39"
            },
            {
              "Dst": "迴龍",
              "Time": "14:48"
            },
            {
              "Dst": "迴龍",
              "Time": "14:56"
            },
            {
              "Dst": "迴龍",
              "Time": "15:05"
            },
            {
              "Dst": "迴龍",
              "Time": "15:13"
            },
            {
              "Dst": "迴龍",
              "Time": "15:22"
            },
            {
              "Dst": "迴龍",
              "Time": "15:30"
            },
            {
              "Dst": "迴龍",
              "Time": "15:39"
            },
            {
              "Dst": "迴龍",
              "Time": "15:47"
            },
            {
              "Dst": "迴龍",
              "Time": "15:56"
            },
            {
              "Dst": "迴龍",
              "Time": "16:04"
            },
            {
              "Dst": "迴龍",
              "Time": "16:13"
            },
            {
              "Dst": "迴龍",
              "Time": "16:21"
            },
            {
              "Dst": "迴龍",
              "Time": "16:30"
            },
            {
              "Dst": "迴龍",
              "Time": "16:38"
            },
            {
              "Dst": "迴龍",
              "Time": "16:47"
            },
            {
              "Dst": "迴龍",
              "Time": "16:55"
            },
            {
              "Dst": "迴龍",
              "Time": "17:04"
            },
            {
              "Dst": "迴龍",
              "Time": "17:12"
            },
            {
              "Dst": "迴龍",
              "Time": "17:21"
            },
            {
              "Dst": "迴龍",
              "Time": "17:29"
            },
            {
              "Dst": "迴龍",
              "Time": "17:38"
            },
            {
              "Dst": "迴龍",
              "Time": "17:46"
            },
            {
              "Dst": "迴龍",
              "Time": "17:55"
            },
            {
              "Dst": "迴龍",
              "Time": "18:03"
            },
            {
              "Dst": "迴龍",
              "Time": "18:12"
            },
            {
              "Dst": "迴龍",
              "Time": "18:20"
            },
            {
              "Dst": "迴龍",
              "Time": "18:29"
            },
            {
              "Dst": "迴龍",
              "Time": "18:37"
            },
            {
              "Dst": "迴龍",
              "Time": "18:46"
            },
            {
              "Dst": "迴龍",
              "Time": "18:54"
            },
            {
              "Dst": "迴龍",
              "Time": "19:03"
            },
            {
              "Dst": "迴龍",
              "Time": "19:12"
            },
            {
              "Dst": "迴龍",
              "Time": "19:19"
            },
            {
              "Dst": "迴龍",
              "Time": "19:28"
            },
            {
              "Dst": "迴龍",
              "Time": "19:37"
            },
            {
              "Dst": "迴龍",
              "Time": "19:45"
            },
            {
              "Dst": "迴龍",
              "Time": "19:54"
            },
            {
              "Dst": "迴龍",
              "Time": "20:02"
            },
            {
              "Dst": "迴龍",
              "Time": "20:11"
            },
            {
              "Dst": "迴龍",
              "Time": "20:19"
            },
            {
              "Dst": "迴龍",
              "Time": "20:28"
            },
            {
              "Dst": "迴龍",
              "Time": "20:35"
            },
            {
              "Dst": "迴龍",
              "Time": "20:44"
            },
            {
              "Dst": "迴龍",
              "Time": "20:52"
            },
            {
              "Dst": "迴龍",
              "Time": "21:02"
            },
            {
              "Dst": "迴龍",
              "Time": "21:12"
            },
            {
              "Dst": "迴龍",
              "Time": "21:21"
            },
            {
              "Dst": "迴龍",
              "Time": "21:31"
            },
            {
              "Dst": "迴龍",
              "Time": "21:40"
            },
            {
              "Dst": "迴龍",
              "Time": "21:50"
            },
            {
              "Dst": "迴龍",
              "Time": "21:59"
            },
            {
              "Dst": "迴龍",
              "Time": "22:09"
            },
            {
              "Dst": "迴龍",
              "Time": "22:19"
            },
            {
              "Dst": "迴龍",
              "Time": "22:28"
            },
            {
              "Dst": "迴龍",
              "Time": "22:38"
            },
            {
              "Dst": "迴龍",
              "Time": "22:47"
            },
            {
              "Dst": "迴龍",
              "Time": "22:57"
            },
            {
              "Dst": "迴龍",
              "Time": "23:05"
            },
            {
              "Dst": "迴龍",
              "Time": "23:15"
            },
            {
              "Dst": "迴龍",
              "Time": "23:27"
            },
            {
              "Dst": "迴龍",
              "Time": "23:39"
            },
            {
              "Dst": "迴龍",
              "Time": "23:51"
            },
            {
              "Dst": "迴龍",
              "Time": "00:03"
            },
            {
              "Dst": "迴龍",
              "Time": "00:15"
            },
            {
              "Dst": "迴龍",
              "Time": "00:27"
            },
            {
              "Dst": "迴龍",
              "Time": "00:35"
            },
            {
              "Dst": "迴龍",
              "Time": "00:51"
            }
          ]
        },
        {
          "Days": "7",
          "Departures": [
            {
              "Dst": "迴龍",
              "Time": "06:08"
            },
            {
              "Dst": "迴龍",
              "Time": "06:18"
            },
            {
              "Dst": "迴龍",
              "Time": "06:26"
            },
            {
              "Dst": "迴龍",
              "Time": "06:35"
            },
            {
              "Dst": "迴龍",
              "Time": "06:44"
            },
            {
              "Dst": "迴龍",
              "Time": "06:54"
            },
            {
              "Dst": "迴龍",
              "Time": "07:04"
            },
            {
              "Dst": "迴龍",
              "Time": "07:13"
            },
            {
              "Dst": "迴龍",
              "Time": "07:22"
            },
            {
              "Dst": "迴龍",
              "Time": "07:32"
            },
            {
              "Dst": "迴龍",
              "Time": "07:42"
            },
            {
              "Dst": "迴龍",
              "Time": "07:51"
            },
            {
              "Dst": "迴龍",
              "Time": "08:01"
            },
            {
              "Dst": "迴龍",
              "Time": "08:10"
            },
            {
              "Dst": "迴龍",
              "Time": "08:20"
            },
            {
              "Dst": "迴龍",
              "Time": "08:29"
            },
            {
              "Dst": "迴龍",
              "Time": "08:39"
            },
            {
              "Dst": "迴龍",
              "Time": "08:48"
            },
            {
              "Dst": "迴龍",
              "Time": "08:54"
            },
            {
              "Dst": "迴龍",
              "Time": "08:58"
            },
            {
              "Dst": "迴龍",
              "Time": "09:08"
            },
            {
              "Dst": "迴龍",
              "Time": "09:17"
            },
            {
              "Dst": "迴龍",
              "Time": "09:27"
            },
            {
              "Dst": "迴龍",
              "Time": "09:37"
            },
            {
              "Dst": "迴龍",
              "Time": "09:43"
            },
            {
              "Dst": "迴龍",
              "Time": "09:47"
            },
            {
              "Dst": "迴龍",
              "Time": "09:56"
            },
            {
              "Dst": "迴龍",
              "Time": "10:05"
            },
            {
              "Dst": "迴龍",
              "Time": "10:15"
            },
            {
              "Dst": "迴龍",
              "Time": "10:24"
            },
            {
              "Dst": "迴龍",
              "Time": "10:33"
            },
            {
              "Dst": "迴龍",
              "Time": "10:41"
            },
            {
              "Dst": "迴龍",
              "Time": "10:50"
            },
            {
              "Dst": "迴龍",
              "Time": "10:58"
            },
            {
              "Dst": "迴龍",
              "Time": "11:07"
            },
            {
              "Dst": "迴龍",
              "Time": "11:15"
            },
            {
              "Dst": "迴龍",
              "Time": "11:24"
            },
            {
              "Dst": "迴龍",
              "Time": "11:32"
            },
            {
              "Dst": "迴龍",
              "Time": "11:41"
            },
            {
              "Dst": "迴龍",
              "Time": "11:49"
            },
            {
              "Dst": "迴龍",
              "Time": "11:58"
            },
            {
              "Dst": "迴龍",
              "Time": "12:06"
            },
            {
              "Dst": "迴龍",
              "Time": "12:15"
            },
            {
              "Dst": "迴龍",
              "Time": "12:23"
            },
            {
              "Dst": "迴龍",
              "Time": "12:32"
            },
            {
              "Dst": "迴龍",
              "Time": "12:40"
            },
            {
              "Dst": "迴龍",
              "Time": "12:49"
            },
            {
              "Dst": "迴龍",
              "Time": "12:57"
            },
            {
              "Dst": "迴龍",
              "Time": "13:06"
            },
            {
              "Dst": "迴龍",
              "Time": "13:14"
            },
            {
              "Dst": "迴龍",
              "Time": "13:23"
            },
            {
              "Dst": "迴龍",
              "Time": "13:31"
            },
            {
              "Dst": "迴龍",
              "Time": "13:40"
            },
            {
              "Dst": "迴龍",
              "Time": "13:48"
            },
            {
              "Dst": "迴龍",
              "Time": "13:57"
            },
            {
              "Dst": "迴龍",
              "Time": "14:05"
            },
            {
              "Dst": "迴龍",
              "Time": "14:14"
            },
            {
              "Dst": "迴龍",
              "Time": "14:22"
            },
            {
              "Dst": "迴龍",
              "Time": "14:31"
            },
            {
              "Dst": "迴龍",
              "Time": "14:39"
            },
            {
              "Dst": "迴龍",
              "Time": "14:48"
            },
            {
              "Dst": "迴龍",
              "Time": "14:56"
            },
            {
              "Dst": "迴龍",
              "Time": "15:05"
            },
            {
              "Dst": "迴龍",
              "Time": "15:13"
            },
            {
              "Dst": "迴龍",
              "Time": "15:22"
            },
            {
              "Dst": "迴龍",
              "Time": "15:30"
            },
            {
              "Dst": "迴龍",
              "Time": "15:39"
            },
            {
              "Dst": "迴龍",
              "Time": "15:47"
            },
            {
              "Dst": "迴龍",
              "Time": "15:56"
            },
            {
              "Dst": "迴龍",
              "Time": "16:04"
            },
            {
              "Dst": "迴龍",
              "Time": "16:13"
            },
            {
              "Dst": "迴龍",
              "Time": "16:21"
            },
            {
              "Dst": "迴龍",
              "Time": "16:30"
            },
            {
              "Dst": "迴龍",
              "Time": "16:38"
            },
            {
              "Dst": "迴龍",
              "Time": "16:47"
            },
            {
              "Dst": "迴龍",
              "Time": "16:55"
            },
            {
              "Dst": "迴龍",
              "Time": "17:04"
            },
            {
              "Dst": "迴龍",
              "Time": "17:12"
            },
            {
              "Dst": "迴龍",
              "Time": "17:21"
            },
            {
              "Dst": "迴龍",
              "Time": "17:29"
            },
            {
              "Dst": "迴龍",
              "Time": "17:38"
            },
            {
              "Dst": "迴龍",
              "Time": "17:46"
            },
            {
              "Dst": "迴龍",
              "Time": "17:55"
            },
            {
              "Dst": "迴龍",
              "Time": "18:03"
            },
            {
              "Dst": "迴龍",
              "Time": "18:12"
            },
            {
              "Dst": "迴龍",
              "Time": "18:20"
            },
            {
              "Dst": "迴龍",
              "Time": "18:29"
            },
            {
              "Dst": "迴龍",
              "Time": "18:37"
            },
            {
              "Dst": "迴龍",
              "Time": "18:46"
            },
            {
              "Dst": "迴龍",
              "Time": "18:54"
            },
            {
              "Dst": "迴龍",
              "Time": "19:03"
            },
            {
              "Dst": "迴龍",
              "Time": "19:12"
            },
            {
              "Dst": "迴龍",
              "Time": "19:19"
            },
            {
              "Dst": "迴龍",
              "Time": "19:28"
            },
            {
              "Dst": "迴龍",
              "Time": "19:37"
            },
            {
              "Dst": "迴龍",
              "Time": "19:45"
            },
            {
              "Dst": "迴龍",
              "Time": "19:54"
            },
            {
              "Dst": "迴龍",
              "Time": "20:02"
            },
            {
              "Dst": "迴龍",
              "Time": "20:11"
            },
            {
              "Dst": "迴龍",
              "Time": "20:19"
            },
            {
              "Dst": "迴龍",
              "Time": "20:28"
            },
            {
              "Dst": "迴龍",
              "Time": "20:35"
            },
            {
              "Dst": "迴龍",
              "Time": "20:44"
            },
            {
              "Dst": "迴龍",
              "Time": "20:52"
            },
            {
              "Dst": "迴龍",
              "Time": "21:02"
            },
            {
              "Dst": "迴龍",
              "Time": "21:12"
            },
            {
              "Dst": "迴龍",
              "Time": "21:21"
            },
            {
              "Dst": "迴龍",
              "Time": "21:31"
            },
            {
              "Dst": "迴龍",
              "Time": "21:40"
            },
            {
              "Dst": "迴龍",
              "Time": "21:50"
            },
            {
              "Dst": "迴龍",
              "Time": "21:59"
            },
            {
              "Dst": "迴龍",
              "Time": "22:09"
            },
            {
              "Dst": "迴龍",
              "Time": "22:19"
            },
            {
              "Dst": "迴龍",
              "Time": "22:28"
            },
            {
              "Dst": "迴龍",
              "Time": "22:38"
            },
            {
              "Dst": "迴龍",
              "Time": "22:47"
            },
            {
              "Dst": "迴龍",
              "Time": "22:57"
            },
            {
              "Dst": "迴龍",
              "Time": "23:05"
            },
            {
              "Dst": "迴龍",
              "Time": "23:15"
            },
            {
              "Dst": "迴龍",
              "Time": "23:27"
            },
            {
              "Dst": "迴龍",
              "Time": "23:39"
            },
            {
              "Dst": "迴龍",
              "Time": "23:51"
            },
            {
              "Dst": "迴龍",
              "Time": "00:03"
            },
            {
              "Dst": "迴龍",
              "Time": "00:15"
            },
            {
              "Dst": "迴龍",
              "Time": "00:27"
            },
            {
              "Dst": "迴龍",
              "Time": "00:35"
            },
            {
              "Dst": "迴龍",
              "Time": "00:51"
            }
          ]
        }
      ]
    },
    {
      "Direction": "往O01南勢角站",
      "EffectiveFrom": "2017-08-01",
      "Schedule": [
        {
          "Days": "1,2,3,4,5",
          "Departures": [
            {
              "Dst": "南勢角",
              "Time": "06:06"
            },
            {
              "Dst": "南勢角",
              "Time": "06:13"
            },
            {
              "Dst": "南勢角",
              "Time": "06:20"
            },
            {
              "Dst": "南勢角",
              "Time": "06:28"
            },
            {
              "Dst": "南勢角",
              "Time": "06:36"
            },
            {
              "Dst": "南勢角",
              "Time": "06:44"
            },
            {
              "Dst": "南勢角",
              "Time": "06:52"
            },
            {
              "Dst": "南勢角",
              "Time": "07:00"
            },
            {
              "Dst": "南勢角",
              "Time": "07:06"
            },
            {
              "Dst": "南勢角",
              "Time": "07:12"
            },
            {
              "Dst": "南勢角",
              "Time": "07:18"
            },
            {
              "Dst": "南勢角",
              "Time": "07:24"
            },
            {
              "Dst": "南勢角",
              "Time": "07:30"
            },
            {
              "Dst": "南勢角",
              "Time": "07:36"
            },
            {
              "Dst": "南勢角",
              "Time": "07:42"
            },
            {
              "Dst": "南勢角",
              "Time": "07:48"
            },
            {
              "Dst": "南勢角",
              "Time": "07:53"
            },
            {
              "Dst": "南勢角",
              "Time": "07:58"
            },
            {
              "Dst": "南勢角",
              "Time": "08:03"
            },
            {
              "Dst": "南勢角",
              "Time": "08:08"
            },
            {
              "Dst": "南勢角",
              "Time": "08:14"
            },
            {
              "Dst": "南勢角",
              "Time": "08:19"
            },
            {
              "Dst": "南勢角",
              "Time": "08:24"
            },
            {
              "Dst": "南勢角",
              "Time": "08:29"
            },
            {
              "Dst": "南勢角",
              "Time": "08:34"
            },
            {
              "Dst": "南勢角",
              "Time": "08:40"
            },
            {
              "Dst": "南勢角",
              "Time": "08:46"
            },
            {
              "Dst": "南勢角",
              "Time": "08:52"
            },
            {
              "Dst": "南勢角",
              "Time": "08:58"
            },
            {
              "Dst": "南勢角",
              "Time": "09:04"
            },
            {
              "Dst": "南勢角",
              "Time": "09:11"
            },
            {
              "Dst": "南勢角",
              "Time": "09:18"
            },
            {
              "Dst": "南勢角",
              "Time": "09:26"
            },
            {
              "Dst": "南勢角",
              "Time": "09:35"
            },
            {
              "Dst": "南勢角",
              "Time": "09:43"
            },
            {
              "Dst": "南勢角",
              "Time": "09:52"
            },
            {
              "Dst": "南勢角",
              "Time": "10:00"
            },
            {
              "Dst": "南勢角",
              "Time": "10:09"
            },
            {
              "Dst": "南勢角",
              "Time": "10:17"
            },
            {
              "Dst": "南勢角",
              "Time": "10:26"
            },
            {
              "Dst": "南勢角",
              "Time": "10:34"
            },
            {
              "Dst": "南勢角",
              "Time": "10:43"
            },
            {
              "Dst": "南勢角",
              "Time": "10:51"
            },
            {
              "Dst": "南勢角",
              "Time": "11:00"
            },
            {
              "Dst": "南勢角",
              "Time": "11:08"
            },
            {
              "Dst": "南勢角",
              "Time": "11:17"
            },
            {
              "Dst": "南勢角",
              "Time": "11:25"
            },
            {
              "Dst": "南勢角",
              "Time": "11:34"
            },
            {
              "Dst": "南勢角",
              "Time": "11:42"
            },
            {
              "Dst": "南勢角",
              "Time": "11:51"
            },
            {
              "Dst": "南勢角",
              "Time": "11:59"
            },
            {
              "Dst": "南勢角",
              "Time": "12:08"
            },
            {
              "Dst": "南勢角",
              "Time": "12:16"
            },
            {
              "Dst": "南勢角",
              "Time": "12:25"
            },
            {
              "Dst": "南勢角",
              "Time": "12:33"
            },
            {
              "Dst": "南勢角",
              "Time": "12:42"
            },
            {
              "Dst": "南勢角",
              "Time": "12:50"
            },
            {
              "Dst": "南勢角",
              "Time": "12:59"
            },
            {
              "Dst": "南勢角",
              "Time": "13:07"
            },
            {
              "Dst": "南勢角",
              "Time": "13:16"
            },
            {
              "Dst": "南勢角",
              "Time": "13:24"
            },
            {
              "Dst": "南勢角",
              "Time": "13:33"
            },
            {
              "Dst": "南勢角",
              "Time": "13:41"
            },
            {
              "Dst": "南勢角",
              "Time": "13:50"
            },
            {
              "Dst": "南勢角",
              "Time": "13:58"
            },
            {
              "Dst": "南勢角",
              "Time": "14:07"
            },
            {
              "Dst": "南勢角",
              "Time": "14:15"
            },
            {
              "Dst": "南勢角",
              "Time": "14:24"
            },
            {
              "Dst": "南勢角",
              "Time": "14:32"
            },
            {
              "Dst": "南勢角",
              "Time": "14:41"
            },
            {
              "Dst": "南勢角",
              "Time": "14:49"
            },
            {
              "Dst": "南勢角",
              "Time": "14:58"
            },
            {
              "Dst": "南勢角",
              "Time": "15:06"
            },
            {
              "Dst": "南勢角",
              "Time": "15:15"
            },
            {
              "Dst": "南勢角",
              "Time": "15:23"
            },
            {
              "Dst": "南勢角",
              "Time": "15:32"
            },
            {
              "Dst": "南勢角",
              "Time": "15:40"
            },
            {
              "Dst": "南勢角",
              "Time": "15:49"
            },
            {
              "Dst": "南勢角",
              "Time": "15:57"
            },
            {
              "Dst": "南勢角",
              "Time": "16:06"
            },
            {
              "Dst": "南勢角",
              "Time": "16:14"
            },
            {
              "Dst": "南勢角",
              "Time": "16:23"
            },
            {
              "Dst": "南勢角",
              "Time": "16:31"
            },
            {
              "Dst": "南勢角",
              "Time": "16:39"
            },
            {
              "Dst": "南勢角",
              "Time": "16:45"
            },
            {
              "Dst": "南勢角",
              "Time": "16:51"
            },
            {
              "Dst": "南勢角",
              "Time": "16:58"
            },
            {
              "Dst": "南勢角",
              "Time": "17:04"
            },
            {
              "Dst": "南勢角",
              "Time": "17:10"
            },
            {
              "Dst": "南勢角",
              "Time": "17:17"
            },
            {
              "Dst": "南勢角",
              "Time": "17:23"
            },
            {
              "Dst": "南勢角",
              "Time": "17:29"
            },
            {
              "Dst": "南勢角",
              "Time": "17:36"
            },
            {
              "Dst": "南勢角",
              "Time": "17:42"
            },
            {
              "Dst": "南勢角",
              "Time": "17:48"
            },
            {
              "Dst": "南勢角",
              "Time": "17:55"
            },
            {
              "Dst": "南勢角",
              "Time": "18:01"
            },
            {
              "Dst": "南勢角",
              "Time": "18:07"
            },
            {
              "Dst": "南勢角",
              "Time": "18:14"
            },
            {
              "Dst": "南勢角",
              "Time": "18:20"
            },
            {
              "Dst": "南勢角",
              "Time": "18:26"
            },
            {
              "Dst": "南勢角",
              "Time": "18:33"
            },
            {
              "Dst": "南勢角",
              "Time": "18:39"
            },
            {
              "Dst": "南勢角",
              "Time": "18:45"
            },
            {
              "Dst": "南勢角",
              "Time": "18:52"
            },
            {
              "Dst": "南勢角",
              "Time": "18:58"
            },
            {
              "Dst": "南勢角",
              "Time": "19:04"
            },
            {
              "Dst": "南勢角",
              "Time": "19:11"
            },
            {
              "Dst": "南勢角",
              "Time": "19:17"
            },
            {
              "Dst": "南勢角",
              "Time": "19:23"
            },
            {
              "Dst": "南勢角",
              "Time": "19:31"
            },
            {
              "Dst": "南勢角",
              "Time": "19:39"
            },
            {
              "Dst": "南勢角",
              "Time": "19:47"
            },
            {
              "Dst": "南勢角",
              "Time": "19:55"
            },
            {
              "Dst": "南勢角",
              "Time": "20:03"
            },
            {
              "Dst": "南勢角",
              "Time": "20:11"
            },
            {
              "Dst": "南勢角",
              "Time": "20:19"
            },
            {
              "Dst": "南勢角",
              "Time": "20:27"
            },
            {
              "Dst": "南勢角",
              "Time": "20:35"
            },
            {
              "Dst": "南勢角",
              "Time": "20:43"
            },
            {
              "Dst": "南勢角",
              "Time": "20:51"
            },
            {
              "Dst": "南勢角",
              "Time": "20:59"
            },
            {
              "Dst": "南勢角",
              "Time": "21:07"
            },
            {
              "Dst": "南勢角",
              "Time": "21:15"
            },
            {
              "Dst": "南勢角",
              "Time": "21:23"
            },
            {
              "Dst": "南勢角",
              "Time": "21:31"
            },
            {
              "Dst": "南勢角",
              "Time": "21:39"
            },
            {
              "Dst": "南勢角",
              "Time": "21:47"
            },
            {
              "Dst": "南勢角",
              "Time": "21:55"
            },
            {
              "Dst": "南勢角",
              "Time": "22:03"
            },
            {
              "Dst": "南勢角",
              "Time": "22:11"
            },
            {
              "Dst": "南勢角",
              "Time": "22:19"
            },
            {
              "Dst": "南勢角",
              "Time": "22:27"
            },
            {
              "Dst": "南勢角",
              "Time": "22:35"
            },
            {
              "Dst": "南勢角",
              "Time": "22:44"
            },
            {
              "Dst": "南勢角",
              "Time": "22:53"
            },
            {
              "Dst": "南勢角",
              "Time": "22:57"
            },
            {
              "Dst": "南勢角",
              "Time": "23:06"
            },
            {
              "Dst": "南勢角",
              "Time": "23:18"
            },
            {
              "Dst": "南勢角",
              "Time": "23:30"
            },
            {
              "Dst": "南勢角",
              "Time": "23:42"
            },
            {
              "Dst": "南勢角",
              "Time": "23:54"
            },
            {
              "Dst": "南勢角",
              "Time": "00:06"
            },
            {
              "Dst": "南勢角",
              "Time": "00:18"
            },
            {
              "Dst": "南勢角",
              "Time": "00:27"
            }
          ]
        },
        {
          "Days": "6",
          "Departures": [
            {
              "Dst": "南勢角",
              "Time": "06:06"
            },
            {
              "Dst": "南勢角",
              "Time": "06:13"
            },
            {
              "Dst": "南勢角",
              "Time": "06:20"
            },
            {
              "Dst": "南勢角",
              "Time": "06:28"
            },
            {
              "Dst": "南勢角",
              "Time": "06:35"
            },
            {
              "Dst": "南勢角",
              "Time": "06:44"
            },
            {
              "Dst": "南勢角",
              "Time": "06:53"
            },
            {
              "Dst": "南勢角",
              "Time": "07:03"
            },
            {
              "Dst": "南勢角",
              "Time": "07:12"
            },
            {
              "Dst": "南勢角",
              "Time": "07:22"
            },
            {
              "Dst": "南勢角",
              "Time": "07:32"
            },
            {
              "Dst": "南勢角",
              "Time": "07:41"
            },
            {
              "Dst": "南勢角",
              "Time": "07:51"
            },
            {
              "Dst": "南勢角",
              "Time": "08:00"
            },
            {
              "Dst": "南勢角",
              "Time": "08:10"
            },
            {
              "Dst": "南勢角",
              "Time": "08:19"
            },
            {
              "Dst": "南勢角",
              "Time": "08:29"
            },
            {
              "Dst": "南勢角",
              "Time": "08:39"
            },
            {
              "Dst": "南勢角",
              "Time": "08:48"
            },
            {
              "Dst": "南勢角",
              "Time": "08:57"
            },
            {
              "Dst": "南勢角",
              "Time": "09:05"
            },
            {
              "Dst": "南勢角",
              "Time": "09:14"
            },
            {
              "Dst": "南勢角",
              "Time": "09:22"
            },
            {
              "Dst": "南勢角",
              "Time": "09:31"
            },
            {
              "Dst": "南勢角",
              "Time": "09:39"
            },
            {
              "Dst": "南勢角",
              "Time": "09:47"
            },
            {
              "Dst": "南勢角",
              "Time": "09:56"
            },
            {
              "Dst": "南勢角",
              "Time": "10:04"
            },
            {
              "Dst": "南勢角",
              "Time": "10:13"
            },
            {
              "Dst": "南勢角",
              "Time": "10:21"
            },
            {
              "Dst": "南勢角",
              "Time": "10:30"
            },
            {
              "Dst": "南勢角",
              "Time": "10:38"
            },
            {
              "Dst": "南勢角",
              "Time": "10:47"
            },
            {
              "Dst": "南勢角",
              "Time": "10:55"
            },
            {
              "Dst": "南勢角",
              "Time": "11:04"
            },
            {
              "Dst": "南勢角",
              "Time": "11:12"
            },
            {
              "Dst": "南勢角",
              "Time": "11:21"
            },
            {
              "Dst": "南勢角",
              "Time": "11:29"
            },
            {
              "Dst": "南勢角",
              "Time": "11:38"
            },
            {
              "Dst": "南勢角",
              "Time": "11:46"
            },
            {
              "Dst": "南勢角",
              "Time": "11:55"
            },
            {
              "Dst": "南勢角",
              "Time": "12:03"
            },
            {
              "Dst": "南勢角",
              "Time": "12:12"
            },
            {
              "Dst": "南勢角",
              "Time": "12:20"
            },
            {
              "Dst": "南勢角",
              "Time": "12:29"
            },
            {
              "Dst": "南勢角",
              "Time": "12:37"
            },
            {
              "Dst": "南勢角",
              "Time": "12:46"
            },
            {
              "Dst": "南勢角",
              "Time": "12:54"
            },
            {
              "Dst": "南勢角",
              "Time": "13:03"
            },
            {
              "Dst": "南勢角",
              "Time": "13:11"
            },
            {
              "Dst": "南勢角",
              "Time": "13:20"
            },
            {
              "Dst": "南勢角",
              "Time": "13:28"
            },
            {
              "Dst": "南勢角",
              "Time": "13:37"
            },
            {
              "Dst": "南勢角",
              "Time": "13:45"
            },
            {
              "Dst": "南勢角",
              "Time": "13:54"
            },
            {
              "Dst": "南勢角",
              "Time": "14:02"
            },
            {
              "Dst": "南勢角",
              "Time": "14:11"
            },
            {
              "Dst": "南勢角",
              "Time": "14:19"
            },
            {
              "Dst": "南勢角",
              "Time": "14:28"
            },
            {
              "Dst": "南勢角",
              "Time": "14:36"
            },
            {
              "Dst": "南勢角",
              "Time": "14:45"
            },
            {
              "Dst": "南勢角",
              "Time": "14:53"
            },
            {
              "Dst": "南勢角",
              "Time": "15:02"
            },
            {
              "Dst": "南勢角",
              "Time": "15:10"
            },
            {
              "Dst": "南勢角",
              "Time": "15:19"
            },
            {
              "Dst": "南勢角",
              "Time": "15:27"
            },
            {
              "Dst": "南勢角",
              "Time": "15:36"
            },
            {
              "Dst": "南勢角",
              "Time": "15:44"
            },
            {
              "Dst": "南勢角",
              "Time": "15:53"
            },
            {
              "Dst": "南勢角",
              "Time": "16:01"
            },
            {
              "Dst": "南勢角",
              "Time": "16:10"
            },
            {
              "Dst": "南勢角",
              "Time": "16:18"
            },
            {
              "Dst": "南勢角",
              "Time": "16:27"
            },
            {
              "Dst": "南勢角",
              "Time": "16:35"
            },
            {
              "Dst": "南勢角",
              "Time": "16:44"
            },
            {
              "Dst": "南勢角",
              "Time": "16:52"
            },
            {
              "Dst": "南勢角",
              "Time": "17:01"
            },
            {
              "Dst": "南勢角",
              "Time": "17:09"
            },
            {
              "Dst": "南勢角",
              "Time": "17:18"
            },
            {
              "Dst": "南勢角",
              "Time": "17:26"
            },
            {
              "Dst": "南勢角",
              "Time": "17:35"
            },
            {
              "Dst": "南勢角",
              "Time": "17:43"
            },
            {
              "Dst": "南勢角",
              "Time": "17:52"
            },
            {
              "Dst": "南勢角",
              "Time": "18:00"
            },
            {
              "Dst": "南勢角",
              "Time": "18:09"
            },
            {
              "Dst": "南勢角",
              "Time": "18:17"
            },
            {
              "Dst": "南勢角",
              "Time": "18:26"
            },
            {
              "Dst": "南勢角",
              "Time": "18:34"
            },
            {
              "Dst": "南勢角",
              "Time": "18:43"
            },
            {
              "Dst": "南勢角",
              "Time": "18:51"
            },
            {
              "Dst": "南勢角",
              "Time": "19:00"
            },
            {
              "Dst": "南勢角",
              "Time": "19:08"
            },
            {
              "Dst": "南勢角",
              "Time": "19:17"
            },
            {
              "Dst": "南勢角",
              "Time": "19:26"
            },
            {
              "Dst": "南勢角",
              "Time": "19:36"
            },
            {
              "Dst": "南勢角",
              "Time": "19:45"
            },
            {
              "Dst": "南勢角",
              "Time": "19:55"
            },
            {
              "Dst": "南勢角",
              "Time": "20:04"
            },
            {
              "Dst": "南勢角",
              "Time": "20:14"
            },
            {
              "Dst": "南勢角",
              "Time": "20:23"
            },
            {
              "Dst": "南勢角",
              "Time": "20:33"
            },
            {
              "Dst": "南勢角",
              "Time": "20:43"
            },
            {
              "Dst": "南勢角",
              "Time": "20:52"
            },
            {
              "Dst": "南勢角",
              "Time": "21:02"
            },
            {
              "Dst": "南勢角",
              "Time": "21:11"
            },
            {
              "Dst": "南勢角",
              "Time": "21:21"
            },
            {
              "Dst": "南勢角",
              "Time": "21:30"
            },
            {
              "Dst": "南勢角",
              "Time": "21:40"
            },
            {
              "Dst": "南勢角",
              "Time": "21:50"
            },
            {
              "Dst": "南勢角",
              "Time": "21:59"
            },
            {
              "Dst": "南勢角",
              "Time": "22:09"
            },
            {
              "Dst": "南勢角",
              "Time": "22:18"
            },
            {
              "Dst": "南勢角",
              "Time": "22:28"
            },
            {
              "Dst": "南勢角",
              "Time": "22:37"
            },
            {
              "Dst": "南勢角",
              "Time": "22:47"
            },
            {
              "Dst": "南勢角",
              "Time": "22:56"
            },
            {
              "Dst": "南勢角",
              "Time": "23:06"
            },
            {
              "Dst": "南勢角",
              "Time": "23:18"
            },
            {
              "Dst": "南勢角",
              "Time": "23:30"
            },
            {
              "Dst": "南勢角",
              "Time": "23:42"
            },
            {
              "Dst": "南勢角",
              "Time": "23:54"
            },
            {
              "Dst": "南勢角",
              "Time": "00:06"
            },
            {
              "Dst": "南勢角",
              "Time": "00:18"
            },
            {
              "Dst": "南勢角",
              "Time": "00:27"
            }
          ]
        },
        {
          "Days": "7",
          "Departures": [
            {
              "Dst": "南勢角",
              "Time": "06:06"
            },
            {
              "Dst": "南勢角",
              "Time": "06:13"
            },
            {
              "Dst": "南勢角",
              "Time": "06:20"
            },
            {
              "Dst": "南勢角",
              "Time": "06:28"
            },
            {
              "Dst": "南勢角",
              "Time": "06:35"
            },
            {
              "Dst": "南勢角",
              "Time": "06:44"
            },
            {
              "Dst": "南勢角",
              "Time": "06:53"
            },
            {
              "Dst": "南勢角",
              "Time": "07:03"
            },
            {
              "Dst": "南勢角",
              "Time": "07:12"
            },
            {
              "Dst": "南勢角",
              "Time": "07:22"
            },
            {
              "Dst": "南勢角",
              "Time": "07:32"
            },
            {
              "Dst": "南勢角",
              "Time": "07:41"
            },
            {
              "Dst": "南勢角",
              "Time": "07:51"
            },
            {
              "Dst": "南勢角",
              "Time": "08:00"
            },
            {
              "Dst": "南勢角",
              "Time": "08:10"
            },
            {
              "Dst": "南勢角",
              "Time": "08:19"
            },
            {
              "Dst": "南勢角",
              "Time": "08:29"
            },
            {
              "Dst": "南勢角",
              "Time": "08:39"
            },
            {
              "Dst": "南勢角",
              "Time": "08:48"
            },
            {
              "Dst": "南勢角",
              "Time": "08:57"
            },
            {
              "Dst": "南勢角",
              "Time": "09:05"
            },
            {
              "Dst": "南勢角",
              "Time": "09:14"
            },
            {
              "Dst": "南勢角",
              "Time": "09:22"
            },
            {
              "Dst": "南勢角",
              "Time": "09:31"
            },
            {
              "Dst": "南勢角",
              "Time": "09:39"
            },
            {
              "Dst": "南勢角",
              "Time": "09:47"
            },
            {
              "Dst": "南勢角",
              "Time": "09:56"
            },
            {
              "Dst": "南勢角",
              "Time": "10:04"
            },
            {
              "Dst": "南勢角",
              "Time": "10:13"
            },
            {
              "Dst": "南勢角",
              "Time": "10:21"
            },
            {
              "Dst": "南勢角",
              "Time": "10:30"
            },
            {
              "Dst": "南勢角",
              "Time": "10:38"
            },
            {
              "Dst": "南勢角",
              "Time": "10:47"
            },
            {
              "Dst": "南勢角",
              "Time": "10:55"
            },
            {
              "Dst": "南勢角",
              "Time": "11:04"
            },
            {
              "Dst": "南勢角",
              "Time": "11:12"
            },
            {
              "Dst": "南勢角",
              "Time": "11:21"
            },
            {
              "Dst": "南勢角",
              "Time": "11:29"
            },
            {
              "Dst": "南勢角",
              "Time": "11:38"
            },
            {
              "Dst": "南勢角",
              "Time": "11:46"
            },
            {
              "Dst": "南勢角",
              "Time": "11:55"
            },
            {
              "Dst": "南勢角",
              "Time": "12:03"
            },
            {
              "Dst": "南勢角",
              "Time": "12:12"
            },
            {
              "Dst": "南勢角",
              "Time": "12:20"
            },
            {
              "Dst": "南勢角",
              "Time": "12:29"
            },
            {
              "Dst": "南勢角",
              "Time": "12:37"
            },
            {
              "Dst": "南勢角",
              "Time": "12:46"
            },
            {
              "Dst": "南勢角",
              "Time": "12:54"
            },
            {
              "Dst": "南勢角",
              "Time": "13:03"
            },
            {
              "Dst": "南勢角",
              "Time": "13:11"
            },
            {
              "Dst": "南勢角",
              "Time": "13:20"
            },
            {
              "Dst": "南勢角",
              "Time": "13:28"
            },
            {
              "Dst": "南勢角",
              "Time": "13:37"
            },
            {
              "Dst": "南勢角",
              "Time": "13:45"
            },
            {
              "Dst": "南勢角",
              "Time": "13:54"
            },
            {
              "Dst": "南勢角",
              "Time": "14:02"
            },
            {
              "Dst": "南勢角",
              "Time": "14:11"
            },
            {
              "Dst": "南勢角",
              "Time": "14:19"
            },
            {
              "Dst": "南勢角",
              "Time": "14:28"
            },
            {
              "Dst": "南勢角",
              "Time": "14:36"
            },
            {
              "Dst": "南勢角",
              "Time": "14:45"
            },
            {
              "Dst": "南勢角",
              "Time": "14:53"
            },
            {
              "Dst": "南勢角",
              "Time": "15:02"
            },
            {
              "Dst": "南勢角",
              "Time": "15:10"
            },
            {
              "Dst": "南勢角",
              "Time": "15:19"
            },
            {
              "Dst": "南勢角",
              "Time": "15:27"
            },
            {
              "Dst": "南勢角",
              "Time": "15:36"
            },
            {
              "Dst": "南勢角",
              "Time": "15:44"
            },
            {
              "Dst": "南勢角",
              "Time": "15:53"
            },
            {
              "Dst": "南勢角",
              "Time": "16:01"
            },
            {
              "Dst": "南勢角",
              "Time": "16:10"
            },
            {
              "Dst": "南勢角",
              "Time": "16:18"
            },
            {
              "Dst": "南勢角",
              "Time": "16:27"
            },
            {
              "Dst": "南勢角",
              "Time": "16:35"
            },
            {
              "Dst": "南勢角",
              "Time": "16:44"
            },
            {
              "Dst": "南勢角",
              "Time": "16:52"
            },
            {
              "Dst": "南勢角",
              "Time": "17:01"
            },
            {
              "Dst": "南勢角",
              "Time": "17:09"
            },
            {
              "Dst": "南勢角",
              "Time": "17:18"
            },
            {
              "Dst": "南勢角",
              "Time": "17:26"
            },
            {
              "Dst": "南勢角",
              "Time": "17:35"
            },
            {
              "Dst": "南勢角",
              "Time": "17:43"
            },
            {
              "Dst": "南勢角",
              "Time": "17:52"
            },
            {
              "Dst": "南勢角",
              "Time": "18:00"
            },
            {
              "Dst": "南勢角",
              "Time": "18:09"
            },
            {
              "Dst": "南勢角",
              "Time": "18:17"
            },
            {
              "Dst": "南勢角",
              "Time": "18:26"
            },
            {
              "Dst": "南勢角",
              "Time": "18:34"
            },
            {
              "Dst": "南勢角",
              "Time": "18:43"
            },
            {
              "Dst": "南勢角",
              "Time": "18:51"
            },
            {
              "Dst": "南勢角",
              "Time": "19:00"
            },
            {
              "Dst": "南勢角",
              "Time": "19:08"
            },
            {
              "Dst": "南勢角",
              "Time": "19:17"
            },
            {
              "Dst": "南勢角",
              "Time": "19:26"
            },
            {
              "Dst": "南勢角",
              "Time": "19:36"
            },
            {
              "Dst": "南勢角",
              "Time": "19:45"
            },
            {
              "Dst": "南勢角",
              "Time": "19:55"
            },
            {
              "Dst": "南勢角",
              "Time": "20:04"
            },
            {
              "Dst": "南勢角",
              "Time": "20:14"
            },
            {
              "Dst": "南勢角",
              "Time": "20:23"
            },
            {
              "Dst": "南勢角",
              "Time": "20:33"
            },
            {
              "Dst": "南勢角",
              "Time": "20:43"
            },
            {
              "Dst": "南勢角",
              "Time": "20:52"
            },
            {
              "Dst": "南勢角",
              "Time": "21:02"
            },
            {
              "Dst": "南勢角",
              "Time": "21:11"
            },
            {
              "Dst": "南勢角",
              "Time": "21:21"
            },
            {
              "Dst": "南勢角",
              "Time": "21:30"
            },
            {
              "Dst": "南勢角",
              "Time": "21:40"
            },
            {
              "Dst": "南勢角",
              "Time": "21:50"
            },
            {
              "Dst": "南勢角",
              "Time": "21:59"
            },
            {
              "Dst": "南勢角",
              "Time": "22:09"
            },
            {
              "Dst": "南勢角",
              "Time": "22:18"
            },
            {
              "Dst": "南勢角",
              "Time": "22:28"
            },
            {
              "Dst": "南勢角",
              "Time": "22:37"
            },
            {
              "Dst": "南勢角",
              "Time": "22:47"
            },
            {
              "Dst": "南勢角",
              "Time": "22:56"
            },
            {
              "Dst": "南勢角",
              "Time": "23:06"
            },
            {
              "Dst": "南勢角",
              "Time": "23:18"
            },
            {
              "Dst": "南勢角",
              "Time": "23:30"
            },
            {
              "Dst": "南勢角",
              "Time": "23:42"
            },
            {
              "Dst": "南勢角",
              "Time": "23:54"
            },
            {
              "Dst": "南勢角",
              "Time": "00:06"
            },
            {
              "Dst": "南勢角",
              "Time": "00:18"
            },
            {
              "Dst": "南勢角",
              "Time": "00:27"
            }
          ]
        }
      ]
    }
  ]
}