{
  "StationCode": "O14",
  "StationName": "菜寮",
  "Timetables": [
    {
      "Direction": "往O21迴龍站",
      "EffectiveFrom": "2017-08-01",
      "Schedule": [
        {
          "Days": "1,2,3,4,5",
          "Departures": [
            {
              "Dst": "迴龍",
              "Time": "06:00"
            },
            {
              "Dst": "迴龍",
              "Time": "06:10"
            },
            {
              "Dst": "迴龍",
              "Time": "06:20"
            },
            {
              "Dst": "迴龍",
              "Time": "06:28"
            },
            {
              "Dst": "迴龍",
              "Time": "06:35"
            },
            {
              "Dst": "迴龍",
              "Time": "06:41"
            },
            {
              "Dst": "迴龍",
              "Time": "06:44"
            },
            {
              "Dst": "迴龍",
              "Time": "06:52"
            },
            {
              "Dst": "迴龍",
              "Time": "06:59"
            },
            {
              "Dst": "迴龍",
              "Time": "07:03"
            },
            {
              "Dst": "迴龍",
              "Time": "07:07"
            },
            {
              "Dst": "迴龍",
              "Time": "07:16"
            },
            {
              "Dst": "迴龍",
              "Time": "07:20"
            },
            {
              "Dst": "迴龍",
              "Time": "07:24"
            },
            {
              "Dst": "迴龍",
              "Time": "07:31"
            },
            {
              "Dst": "迴龍",
              "Time": "07:36"
            },
            {
              "Dst": "迴龍",
              "Time": "07:40"
            },
            {
              "Dst": "迴龍",
              "Time": "07:47"
            },
            {
              "Dst": "迴龍",
              "Time": "07:53"
            },
            {
              "Dst": "迴龍",
              "Time": "07:59"
            },
            {
              "Dst": "迴龍",
              "Time": "08:05"
            },
            {
              "Dst": "迴龍",
              "Time": "08:11"
            },
            {
              "Dst": "迴龍",
              "Time": "08:17"
            },
            {
              "Dst": "迴龍",
              "Time": "08:23"
            },
            {
              "Dst": "迴龍",
              "Time": "08:29"
            },
            {
              "Dst": "迴龍",
              "Time": "08:35"
            },
            {
              "Dst": "迴龍",
              "Time": "08:41"
            },
            {
              "Dst": "迴龍",
              "Time": "08:47"
            },
            {
              "Dst": "迴龍",
              "Time": "08:52"
            },
            {
              "Dst": "迴龍",
              "Time": "08:58"
            },
            {
              "Dst": "迴龍",
              "Time": "09:03"
            },
            {
              "Dst": "迴龍",
              "Time": "09:08"
            },
            {
              "Dst": "迴龍",
              "Time": "09:13"
            },
            {
              "Dst": "迴龍",
              "Time": "09:18"
            },
            {
              "Dst": "迴龍",
              "Time": "09:23"
            },
            {
              "Dst": "迴龍",
              "Time": "09:29"
            },
            {
              "Dst": "迴龍",
              "Time": "09:34"
            },
            {
              "Dst": "迴龍",
              "Time": "09:40"
            },
            {
              "Dst": "迴龍",
              "Time": "09:46"
            },
            {
              "Dst": "迴龍",
              "Time": "09:51"
            },
            {
              "Dst": "迴龍",
              "Time": "09:59"
            },
            {
              "Dst": "迴龍",
              "Time": "10:06"
            },
            {
              "Dst": "迴龍",
              "Time": "10:14"
            },
            {
              "Dst": "迴龍",
              "Time": "10:22"
            },
            {
              "Dst": "迴龍",
              "Time": "10:31"
            },
            {
              "Dst": "迴龍",
              "Time": "10:39"
            },
            {
              "Dst": "迴龍",
              "Time": "10:48"
            },
            {
              "Dst": "迴龍",
              "Time": "10:56"
            },
            {
              "Dst": "迴龍",
              "Time": "11:05"
            },
            {
              "Dst": "迴龍",
              "Time": "11:13"
            },
            {
              "Dst": "迴龍",
              "Time": "11:22"
            },
            {
              "Dst": "迴龍",
              "Time": "11:30"
            },
            {
              "Dst": "迴龍",
              "Time": "11:39"
            },
            {
              "Dst": "迴龍",
              "Time": "11:47"
            },
            {
              "Dst": "迴龍",
              "Time": "11:56"
            },
            {
              "Dst": "迴龍",
              "Time": "12:04"
            },
            {
              "Dst": "迴龍",
              "Time": "12:13"
            },
            {
              "Dst": "迴龍",
              "Time": "12:21"
            },
            {
              "Dst": "迴龍",
              "Time": "12:30"
            },
            {
              "Dst": "迴龍",
              "Time": "12:38"
            },
            {
              "Dst": "迴龍",
              "Time": "12:47"
            },
            {
              "Dst": "迴龍",
              "Time": "12:55"
            },
            {
              "Dst": "迴龍",
              "Time": "13:04"
            },
            {
              "Dst": "迴龍",
              "Time": "13:12"
            },
            {
              "Dst": "迴龍",
              "Time": "13:21"
            },
            {
              "Dst": "迴龍",
              "Time": "13:29"
            },
            {
              "Dst": "迴龍",
              "Time": "13:38"
            },
            {
              "Dst": "迴龍",
              "Time": "13:46"
            },
            {
              "Dst": "迴龍",
              "Time": "13:55"
            },
            {
              "Dst": "迴龍",
              "Time": "14:03"
            },
            {
              "Dst": "迴龍",
              "Time": "14:12"
            },
            {
              "Dst": "迴龍",
              "Time": "14:20"
            },
            {
              "Dst": "迴龍",
              "Time": "14:29"
            },
            {
              "Dst": "迴龍",
              "Time": "14:37"
            },
            {
              "Dst": "迴龍",
              "Time": "14:46"
            },
            {
              "Dst": "迴龍",
              "Time": "14:54"
            },
            {
              "Dst": "迴龍",
              "Time": "15:03"
            },
            {
              "Dst": "迴龍",
              "Time": "15:11"
            },
            {
              "Dst": "迴龍",
              "Time": "15:20"
            },
            {
              "Dst": "迴龍",
              "Time": "15:28"
            },
            {
              "Dst": "迴龍",
              "Time": "15:37"
            },
            {
              "Dst": "迴龍",
              "Time": "15:45"
            },
            {
              "Dst": "迴龍",
              "Time": "15:53"
            },
            {
              "Dst": "迴龍",
              "Time": "16:01"
            },
            {
              "Dst": "迴龍",
              "Time": "16:09"
            },
            {
              "Dst": "迴龍",
              "Time": "16:18"
            },
            {
              "Dst": "迴龍",
              "Time": "16:26"
            },
            {
              "Dst": "迴龍",
              "Time": "16:35"
            },
            {
              "Dst": "迴龍",
              "Time": "16:40"
            },
            {
              "Dst": "迴龍",
              "Time": "16:43"
            },
            {
              "Dst": "迴龍",
              "Time": "16:52"
            },
            {
              "Dst": "迴龍",
              "Time": "17:00"
            },
            {
              "Dst": "迴龍",
              "Time": "17:06"
            },
            {
              "Dst": "迴龍",
              "Time": "17:09"
            },
            {
              "Dst": "迴龍",
              "Time": "17:17"
            },
            {
              "Dst": "迴龍",
              "Time": "17:25"
            },
            {
              "Dst": "迴龍",
              "Time": "17:31"
            },
            {
              "Dst": "迴龍",
              "Time": "17:34"
            },
            {
              "Dst": "迴龍",
              "Time": "17:40"
            },
            {
              "Dst": "迴龍",
              "Time": "17:47"
            },
            {
              "Dst": "迴龍",
              "Time": "17:53"
            },
            {
              "Dst": "迴龍",
              "Time": "17:59"
            },
            {
              "Dst": "迴龍",
              "Time": "18:06"
            },
            {
              "Dst": "迴龍",
              "Time": "18:12"
            },
            {
              "Dst": "迴龍",
              "Time": "18:18"
            },
            {
              "Dst": "迴龍",
              "Time": "18:25"
            },
            {
              "Dst": "迴龍",
              "Time": "18:31"
            },
            {
              "Dst": "迴龍",
              "Time": "18:37"
            },
            {
              "Dst": "迴龍",
              "Time": "18:44"
            },
            {
              "Dst": "迴龍",
              "Time": "18:50"
            },
            {
              "Dst": "迴龍",
              "Time": "18:56"
            },
            {
              "Dst": "迴龍",
              "Time": "19:03"
            },
            {
              "Dst": "迴龍",
              "Time": "19:09"
            },
            {
              "Dst": "迴龍",
              "Time": "19:15"
            },
            {
              "Dst": "迴龍",
              "Time": "19:22"
            },
            {
              "Dst": "迴龍",
              "Time": "19:28"
            },
            {
              "Dst": "迴龍",
              "Time": "19:34"
            },
            {
              "Dst": "迴龍",
              "Time": "19:41"
            },
            {
              "Dst": "迴龍",
              "Time": "19:47"
            },
            {
              "Dst": "迴龍",
              "Time": "19:53"
            },
            {
              "Dst": "迴龍",
              "Time": "20:00"
            },
            {
              "Dst": "迴龍",
              "Time": "20:06"
            },
            {
              "Dst": "迴龍",
              "Time": "20:12"
            },
            {
              "Dst": "迴龍",
              "Time": "20:19"
            },
            {
              "Dst": "迴龍",
              "Time": "20:26"
            },
            {
              "Dst": "迴龍",
              "Time": "20:34"
            },
            {
              "Dst": "迴龍",
              "Time": "20:42"
            },
            {
              "Dst": "迴龍",
              "Time": "20:50"
            },
            {
              "Dst": "迴龍",
              "Time": "20:58"
            },
            {
              "Dst": "迴龍",
              "Time": "21:06"
            },
            {
              "Dst": "迴龍",
              "Time": "21:14"
            },
            {
              "Dst": "迴龍",
              "Time": "21:22"
            },
            {
              "Dst": "迴龍",
              "Time": "21:30"
            },
            {
              "Dst": "迴龍",
              "Time": "21:38"
            },
            {
              "Dst": "迴龍",
              "Time": "21:46"
            },
            {
              "Dst": "迴龍",
              "Time": "21:54"
            },
            {
              "Dst": "迴龍",
              "Time": "22:02"
            },
            {
              "Dst": "迴龍",
              "Time": "22:10"
            },
            {
              "Dst": "迴龍",
              "Time": "22:19"
            },
            {
              "Dst": "迴龍",
              "Time": "22:26"
            },
            {
              "Dst": "迴龍",
              "Time": "22:34"
            },
            {
              "Dst": "迴龍",
              "Time": "22:41"
            },
            {
              "Dst": "迴龍",
              "Time": "22:50"
            },
            {
              "Dst": "迴龍",
              "Time": "22:58"
            },
            {
              "Dst": "迴龍",
              "Time": "23:06"
            },
            {
              "Dst": "迴龍",
              "Time": "23:13"
            },
            {
              "Dst": "迴龍",
              "Time": "23:22"
            },
            {
              "Dst": "迴龍",
              "Time": "23:29"
            },
            {
              "Dst": "迴龍",
              "Time": "23:41"
            },
            {
              "Dst": "迴龍",
              "Time": "23:53"
            },
            {
              "Dst": "迴龍",
              "Time": "00:05"
            },
            {
              "Dst": "迴龍",
              "Time": "00:17"
            },
            {
              "Dst": "迴龍",
              "Time": "00:29"
            },
            {
              "Dst": "迴龍",
              "Time": "00:37"
            },
            {
              "Dst": "迴龍",
              "Time": "00:53"
            }
          ]
        },
        {
          "Days": "6",
          "Departures": [
            {
              "Dst": "迴龍",
              "Time": "06:00"
            },
            {
              "Dst": "迴龍",
              "Time": "06:10"
            },
            {
              "Dst": "迴龍",
              "Time": "06:20"
            },
            {
              "Dst": "迴龍",
              "Time": "06:28"
            },
            {
              "Dst": "迴龍",
              "Time": "06:37"
            },
            {
              "Dst": "迴龍",
              "Time": "06:46"
            },
            {
              "Dst": "迴龍",
              "Time": "06:56"
            },
            {
              "Dst": "迴龍",
              "Time": "07:05"
            },
            {
              "Dst": "迴龍",
              "Time": "07:15"
            },
            {
              "Dst": "迴龍",
              "Time": "07:24"
            },
            {
              "Dst": "迴龍",
              "Time": "07:34"
            },
            {
              "Dst": "迴龍",
              "Time": "07:43"
            },
            {
              "Dst": "迴龍",
              "Time": "07:53"
            },
            {
              "Dst": "迴龍",
              "Time": "08:03"
            },
            {
              "Dst": "迴龍",
              "Time": "08:12"
            },
            {
              "Dst": "迴龍",
              "Time": "08:22"
            },
            {
              "Dst": "迴龍",
              "Time": "08:31"
            },
            {
              "Dst": "迴龍",
              "Time": "08:41"
            },
            {
              "Dst": "迴龍",
              "Time": "08:50"
            },
            {
              "Dst": "迴龍",
              "Time": "08:56"
            },
            {
              "Dst": "迴龍",
              "Time": "09:00"
            },
            {
              "Dst": "迴龍",
              "Time": "09:10"
            },
            {
              "Dst": "迴龍",
              "Time": "09:19"
            },
            {
              "Dst": "迴龍",
              "Time": "09:29"
            },
            {
              "Dst": "迴龍",
              "Time": "09:39"
            },
            {
              "Dst": "迴龍",
              "Time": "09:44"
            },
            {
              "Dst": "迴龍",
              "Time": "09:49"
            },
            {
              "Dst": "迴龍",
              "Time": "09:58"
            },
            {
              "Dst": "迴龍",
              "Time": "10:07"
            },
            {
              "Dst": "迴龍",
              "Time": "10:17"
            },
            {
              "Dst": "迴龍",
              "Time": "10:26"
            },
            {
              "Dst": "迴龍",
              "Time": "10:35"
            },
            {
              "Dst": "迴龍",
              "Time": "10:43"
            },
            {
              "Dst": "迴龍",
              "Time": "10:52"
            },
            {
              "Dst": "迴龍",
              "Time": "11:00"
            },
            {
              "Dst": "迴龍",
              "Time": "11:09"
            },
            {
              "Dst": "迴龍",
              "Time": "11:17"
            },
            {
              "Dst": "迴龍",
              "Time": "11:26"
            },
            {
              "Dst": "迴龍",
              "Time": "11:34"
            },
            {
              "Dst": "迴龍",
              "Time": "11:43"
            },
            {
              "Dst": "迴龍",
              "Time": "11:51"
            },
            {
              "Dst": "迴龍",
              "Time": "12:00"
            },
            {
              "Dst": "迴龍",
              "Time": "12:08"
            },
            {
              "Dst": "迴龍",
              "Time": "12:17"
            },
            {
              "Dst": "迴龍",
              "Time": "12:25"
            },
            {
              "Dst": "迴龍",
              "Time": "12:34"
            },
            {
              "Dst": "迴龍",
              "Time": "12:42"
            },
            {
              "Dst": "迴龍",
              "Time": "12:51"
            },
            {
              "Dst": "迴龍",
              "Time": "12:59"
            },
            {
              "Dst": "迴龍",
              "Time": "13:08"
            },
            {
              "Dst": "迴龍",
              "Time": "13:16"
            },
            {
              "Dst": "迴龍",
              "Time": "13:25"
            },
            {
              "Dst": "迴龍",
              "Time": "13:33"
            },
            {
              "Dst": "迴龍",
              "Time": "13:42"
            },
            {
              "Dst": "迴龍",
              "Time": "13:50"
            },
            {
              "Dst": "迴龍",
              "Time": "13:59"
            },
            {
              "Dst": "迴龍",
              "Time": "14:07"
            },
            {
              "Dst": "迴龍",
              "Time": "14:16"
            },
            {
              "Dst": "迴龍",
              "Time": "14:24"
            },
            {
              "Dst": "迴龍",
              "Time": "14:33"
            },
            {
              "Dst": "迴龍",
              "Time": "14:41"
            },
            {
              "Dst": "迴龍",
              "Time": "14:50"
            },
            {
              "Dst": "迴龍",
              "Time": "14:58"
            },
            {
              "Dst": "迴龍",
              "Time": "15:07"
            },
            {
              "Dst": "迴龍",
              "Time": "15:15"
            },
            {
              "Dst": "迴龍",
              "Time": "15:24"
            },
            {
              "Dst": "迴龍",
              "Time": "15:32"
            },
            {
              "Dst": "迴龍",
              "Time": "15:41"
            },
            {
              "Dst": "迴龍",
              "Time": "15:49"
            },
            {
              "Dst": "迴龍",
              "Time": "15:58"
            },
            {
              "Dst": "迴龍",
              "Time": "16:06"
            },
            {
              "Dst": "迴龍",
              "Time": "16:15"
            },
            {
              "Dst": "迴龍",
              "Time": "16:23"
            },
            {
              "Dst": "迴龍",
              "Time": "16:32"
            },
            {
              "Dst": "迴龍",
              "Time": "16:40"
            },
            {
              "Dst": "迴龍",
              "Time": "16:49"
            },
            {
              "Dst": "迴龍",
              "Time": "16:57"
            },
            {
              "Dst": "迴龍",
              "Time": "17:06"
            },
            {
              "Dst": "迴龍",
              "Time": "17:14"
            },
            {
              "Dst": "迴龍",
              "Time": "17:23"
            },
            {
              "Dst": "迴龍",
              "Time": "17:31"
            },
            {
              "Dst": "迴龍",
              "Time": "17:40"
            },
            {
              "Dst": "迴龍",
              "Time": "17:48"
            },
            {
              "Dst": "迴龍",
              "Time": "17:57"
            },
            {
              "Dst": "迴龍",
              "Time": "18:05"
            },
            {
              "Dst": "迴龍",
              "Time": "18:14"
            },
            {
              "Dst": "迴龍",
              "Time": "18:22"
            },
            {
              "Dst": "迴龍",
              "Time": "18:31"
            },
            {
              "Dst": "迴龍",
              "Time": "18:39"
            },
            {
              "Dst": "迴龍",
              "Time": "18:48"
            },
            {
              "Dst": "迴龍",
              "Time": "18:56"
            },
            {
              "Dst": "迴龍",
              "Time": "19:05"
            },
            {
              "Dst": "迴龍",
              "Time": "19:14"
            },
            {
              "Dst": "迴龍",
              "Time": "19:21"
            },
            {
              "Dst": "迴龍",
              "Time": "19:30"
            },
            {
              "Dst": "迴龍",
              "Time": "19:39"
            },
            {
              "Dst": "迴龍",
              "Time": "19:47"
            },
            {
              "Dst": "迴龍",
              "Time": "19:56"
            },
            {
              "Dst": "迴龍",
              "Time": "20:04"
            },
            {
              "Dst": "迴龍",
              "Time": "20:13"
            },
            {
              "Dst": "迴龍",
              "Time": "20:21"
            },
            {
              "Dst": "迴龍",
              "Time": "20:30"
            },
            {
              "Dst": "迴龍",
              "Time": "20:37"
            },
            {
              "Dst": "迴龍",
              "Time": "20:46"
            },
            {
              "Dst": "迴龍",
              "Time": "20:54"
            },
            {
              "Dst": "迴龍",
              "Time": "21:04"
            },
            {
              "Dst": "迴龍",
              "Time": "21:13"
            },
            {
              "Dst": "迴龍",
              "Time": "21:23"
            },
            {
              "Dst": "迴龍",
              "Time": "21:33"
            },
            {
              "Dst": "迴龍",
              "Time": "21:42"
            },
            {
              "Dst": "迴龍",
              "Time": "21:52"
            },
            {
              "Dst": "迴龍",
              "Time": "22:01"
            },
            {
              "Dst": "迴龍",
              "Time": "22:11"
            },
            {
              "Dst": "迴龍",
              "Time": "22:20"
            },
            {
              "Dst": "迴龍",
              "Time": "22:30"
            },
            {
              "Dst": "迴龍",
              "Time": "22:40"
            },
            {
              "Dst": "迴龍",
              "Time": "22:49"
            },
            {
              "Dst": "迴龍",
              "Time": "22:59"
            },
            {
              "Dst": "迴龍",
              "Time": "23:07"
            },
            {
              "Dst": "迴龍",
              "Time": "23:17"
            },
            {
              "Dst": "迴龍",
              "Time": "23:29"
            },
            {
              "Dst": "迴龍",
              "Time": "23:41"
            },
            {
              "Dst": "迴龍",
              "Time": "23:53"
            },
            {
              "Dst": "迴龍",
              "Time": "00:05"
            },
            {
              "Dst": "迴龍",
              "Time": "00:17"
            },
            {
              "Dst": "迴龍",
              "Time": "00:29"
            },
            {
              "Dst": "迴龍",
              "Time": "00:37"
            },
            {
              "Dst": "迴龍",
              "Time": "00:53"
            }
          ]
        },
        {
          "Days": "7",
          "Departures": [
            {
              "Dst": "迴龍",
              "Time": "06:00"
            },
            {
              "Dst": "迴龍",
              "Time": "06:10"
            },
            {
              "Dst": "迴龍",
              "Time": "06:20"
            },
            {
              "Dst": "迴龍",
              "Time": "06:28"
            },
            {
              "Dst": "迴龍",
              "Time": "06:37"
            },
            {
              "Dst": "迴龍",
              "Time": "06:46"
            },
            {
              "Dst": "迴龍",
              "Time": "06:56"
            },
            {
              "Dst": "迴龍",
              "Time": "07:05"
            },
            {
              "Dst": "迴龍",
              "Time": "07:15"
            },
            {
              "Dst": "迴龍",
              "Time": "07:24"
            },
            {
              "Dst": "迴龍",
              "Time": "07:34"
            },
            {
              "Dst": "迴龍",
              "Time": "07:43"
            },
            {
              "Dst": "迴龍",
              "Time": "07:53"
            },
            {
              "Dst": "迴龍",
              "Time": "08:03"
            },
            {
              "Dst": "迴龍",
              "Time": "08:12"
            },
            {
              "Dst": "迴龍",
              "Time": "08:22"
            },
            {
              "Dst": "迴龍",
              "Time": "08:31"
            },
            {
              "Dst": "迴龍",
              "Time": "08:41"
            },
            {
              "Dst": "迴龍",
              "Time": "08:50"
            },
            {
              "Dst": "迴龍",
              "Time": "08:56"
            },
            {
              "Dst": "迴龍",
              "Time": "09:00"
            },
            {
              "Dst": "迴龍",
              "Time": "09:10"
            },
            {
              "Dst": "迴龍",
              "Time": "09:19"
            },
            {
              "Dst": "迴龍",
              "Time": "09:29"
            },
            {
              "Dst": "迴龍",
              "Time": "09:39"
            },
            {
              "Dst": "迴龍",
              "Time": "09:44"
            },
            {
              "Dst": "迴龍",
              "Time": "09:49"
            },
            {
              "Dst": "迴龍",
              "Time": "09:58"
            },
            {
              "Dst": "迴龍",
              "Time": "10:07"
            },
            {
              "Dst": "迴龍",
              "Time": "10:17"
            },
            {
              "Dst": "迴龍",
              "Time": "10:26"
            },
            {
              "Dst": "迴龍",
              "Time": "10:35"
            },
            {
              "Dst": "迴龍",
              "Time": "10:43"
            },
            {
              "Dst": "迴龍",
              "Time": "10:52"
            },
            {
              "Dst": "迴龍",
              "Time": "11:00"
            },
            {
              "Dst": "迴龍",
              "Time": "11:09"
            },
            {
              "Dst": "迴龍",
              "Time": "11:17"
            },
            {
              "Dst": "迴龍",
              "Time": "11:26"
            },
            {
              "Dst": "迴龍",
              "Time": "11:34"
            },
            {
              "Dst": "迴龍",
              "Time": "11:43"
            },
            {
              "Dst": "迴龍",
              "Time": "11:51"
            },
            {
              "Dst": "迴龍",
              "Time": "12:00"
            },
            {
              "Dst": "迴龍",
              "Time": "12:08"
            },
            {
              "Dst": "迴龍",
              "Time": "12:17"
            },
            {
              "Dst": "迴龍",
              "Time": "12:25"
            },
            {
              "Dst": "迴龍",
              "Time": "12:34"
            },
            {
              "Dst": "迴龍",
              "Time": "12:42"
            },
            {
              "Dst": "迴龍",
              "Time": "12:51"
            },
            {
              "Dst": "迴龍",
              "Time": "12:59"
            },
            {
              "Dst": "迴龍",
              "Time": "13:08"
            },
            {
              "Dst": "迴龍",
              "Time": "13:16"
            },
            {
              "Dst": "迴龍",
              "Time": "13:25"
            },
            {
              "Dst": "迴龍",
              "Time": "13:33"
            },
            {
              "Dst": "迴龍",
              "Time": "13:42"
            },
            {
              "Dst": "迴龍",
              "Time": "13:50"
            },
            {
              "Dst": "迴龍",
              "Time": "13:59"
            },
            {
              "Dst": "迴龍",
              "Time": "14:07"
            },
            {
              "Dst": "迴龍",
              "Time": "14:16"
            },
            {
              "Dst": "迴龍",
              "Time": "14:24"
            },
            {
              "Dst": "迴龍",
              "Time": "14:33"
            },
            {
              "Dst": "迴龍",
              "Time": "14:41"
            },
            {
              "Dst": "迴龍",
              "Time": "14:50"
            },
            {
              "Dst": "迴龍",
              "Time": "14:58"
            },
            {
              "Dst": "迴龍",
              "Time": "15:07"
            },
            {
              "Dst": "迴龍",
              "Time": "15:15"
            },
            {
              "Dst": "迴龍",
              "Time": "15:24"
            },
            {
              "Dst": "迴龍",
              "Time": "15:32"
            },
            {
              "Dst": "迴龍",
              "Time": "15:41"
            },
            {
              "Dst": "迴龍",
              "Time": "15:49"
            },
            {
              "Dst": "迴龍",
              "Time": "15:58"
            },
            {
              "Dst": "迴龍",
              "Time": "16:06"
            },
            {
              "Dst": "迴龍",
              "Time": "16:15"
            },
            {
              "Dst": "迴龍",
              "Time": "16:23"
            },
            {
              "Dst": "迴龍",
              "Time": "16:32"
            },
            {
              "Dst": "迴龍",
              "Time": "16:40"
            },
            {
              "Dst": "迴龍",
              "Time": "16:49"
            },
            {
              "Dst": "迴龍",
              "Time": "16:57"
            },
            {
              "Dst": "迴龍",
              "Time": "17:06"
            },
            {
              "Dst": "迴龍",
              "Time": "17:14"
            },
            {
              "Dst": "迴龍",
              "Time": "17:23"
            },
            {
              "Dst": "迴龍",
              "Time": "17:31"
            },
            {
              "Dst": "迴龍",
              "Time": "17:40"
            },
            {
              "Dst": "迴龍",
              "Time": "17:48"
            },
            {
              "Dst": "迴龍",
              "Time": "17:57"
            },
            {
              "Dst": "迴龍",
              "Time": "18:05"
            },
            {
              "Dst": "迴龍",
              "Time": "18:14"
            },
            {
              "Dst": "迴龍",
              "Time": "18:22"
            },
            {
              "Dst": "迴龍",
              "Time": "18:31"
            },
            {
              "Dst": "迴龍",
              "Time": "18:39"
            },
            {
              "Dst": "迴龍",
              "Time": "18:48"
            },
            {
              "Dst": "迴龍",
              "Time": "18:56"
            },
            {
              "Dst": "迴龍",
              "Time": "19:05"
            },
            {
              "Dst": "迴龍",
              "Time": "19:14"
            },
            {
              "Dst": "迴龍",
              "Time": "19:21"
            },
            {
              "Dst": "迴龍",
              "Time": "19:30"
            },
            {
              "Dst": "迴龍",
              "Time": "19:39"
            },
            {
              "Dst": "迴龍",
              "Time": "19:47"
            },
            {
              "Dst": "迴龍",
              "Time": "19:56"
            },
            {
              "Dst": "迴龍",
              "Time": "20:04"
            },
            {
              "Dst": "迴龍",
              "Time": "20:13"
            },
            {
              "Dst": "迴龍",
              "Time": "20:21"
            },
            {
              "Dst": "迴龍",
              "Time": "20:30"
            },
            {
              "Dst": "迴龍",
              "Time": "20:37"
            },
            {
              "Dst": "迴龍",
              "Time": "20:46"
            },
            {
              "Dst": "迴龍",
              "Time": "20:54"
            },
            {
              "Dst": "迴龍",
              "Time": "21:04"
            },
            {
              "Dst": "迴龍",
              "Time": "21:13"
            },
            {
              "Dst": "迴龍",
              "Time": "21:23"
            },
            {
              "Dst": "迴龍",
              "Time": "21:33"
            },
            {
              "Dst": "迴龍",
              "Time": "21:42"
            },
            {
              "Dst": "迴龍",
              "Time": "21:52"
            },
            {
              "Dst": "迴龍",
              "Time": "22:01"
            },
            {
              "Dst": "迴龍",
              "Time": "22:11"
            },
            {
              "Dst": "迴龍",
              "Time": "22:20"
            },
            {
              "Dst": "迴龍",
              "Time": "22:30"
            },
            {
              "Dst": "迴龍",
              "Time": "22:40"
            },
            {
              "Dst": "迴龍",
              "Time": "22:49"
            },
            {
              "Dst": "迴龍",
              "Time": "22:59"
            },
            {
              "Dst": "迴龍",
              "Time": "23:07"
            },
            {
              "Dst": "迴龍",
              "Time": "23:17"
            },
            {
              "Dst": "迴龍",
              "Time": "23:29"
            },
            {
              "Dst": "迴龍",
              "Time": "23:41"
            },
            {
              "Dst": "迴龍",
              "Time": "23:53"
            },
            {
              "Dst": "迴龍",
              "Time": "00:05"
            },
            {
              "Dst": "迴龍",
              "Time": "00:17"
            },
            {
              "Dst": "迴龍",
              "Time": "00:29"
            },
            {
              "Dst": "迴龍",
              "Time": "00:37"
            },
            {
              "Dst": "迴龍",
              "Time": "00:53"
            }
          ]
        }
      ]
    },
    {
      "Direction": "往O01南勢角站",
      "EffectiveFrom": "2017-08-01",
      "Schedule": [
        {
          "Days": "1,2,3,4,5",
          "Departures": [
            {
              "Dst": "南勢角",
              "Time": "06:04"
            },
            {
              "Dst": "南勢角",
              "Time": "06:11"
            },
            {
              "Dst": "南勢角",
              "Time": "06:18"
            },
            {
              "Dst": "南勢角",
              "Time": "06:26"
            },
            {
              "Dst": "南勢角",
              "Time": "06:34"
            },
            {
              "Dst": "南勢角",
              "Time": "06:42"
            },
            {
              "Dst": "南勢角",
              "Time": "06:50"
            },
            {
              "Dst": "南勢角",
              "Time": "06:58"
            },
            {
              "Dst": "南勢角",
              "Time": "07:04"
            },
            {
              "Dst": "南勢角",
              "Time": "07:10"
            },
            {
              "Dst": "南勢角",
              "Time": "07:16"
            },
            {
              "Dst": "南勢角",
              "Time": "07:22"
            },
            {
              "Dst": "南勢角",
              "Time": "07:28"
            },
            {
              "Dst": "南勢角",
              "Time": "07:34"
            },
            {
              "Dst": "南勢角",
              "Time": "07:40"
            },
            {
              "Dst": "南勢角",
              "Time": "07:46"
            },
            {
              "Dst": "南勢角",
              "Time": "07:51"
            },
            {
              "Dst": "南勢角",
              "Time": "07:56"
            },
            {
              "Dst": "南勢角",
              "Time": "08:01"
            },
            {
              "Dst": "南勢角",
              "Time": "08:07"
            },
            {
              "Dst": "南勢角",
              "Time": "08:12"
            },
            {
              "Dst": "南勢角",
              "Time": "08:17"
            },
            {
              "Dst": "南勢角",
              "Time": "08:22"
            },
            {
              "Dst": "南勢角",
              "Time": "08:27"
            },
            {
              "Dst": "南勢角",
              "Time": "08:32"
            },
            {
              "Dst": "南勢角",
              "Time": "08:38"
            },
            {
              "Dst": "南勢角",
              "Time": "08:44"
            },
            {
              "Dst": "南勢角",
              "Time": "08:50"
            },
            {
              "Dst": "南勢角",
              "Time": "08:56"
            },
            {
              "Dst": "南勢角",
              "Time": "09:02"
            },
            {
              "Dst": "南勢角",
              "Time": "09:09"
            },
            {
              "Dst": "南勢角",
              "Time": "09:16"
            },
            {
              "Dst": "南勢角",
              "Time": "09:24"
            },
            {
              "Dst": "南勢角",
              "Time": "09:33"
            },
            {
              "Dst": "南勢角",
              "Time": "09:41"
            },
            {
              "Dst": "南勢角",
              "Time": "09:50"
            },
            {
              "Dst": "南勢角",
              "Time": "09:58"
            },
            {
              "Dst": "南勢角",
              "Time": "10:07"
            },
            {
              "Dst": "南勢角",
              "Time": "10:15"
            },
            {
              "Dst": "南勢角",
              "Time": "10:24"
            },
            {
              "Dst": "南勢角",
              "Time": "10:32"
            },
            {
              "Dst": "南勢角",
              "Time": "10:41"
            },
            {
              "Dst": "南勢角",
              "Time": "10:49"
            },
            {
              "Dst": "南勢角",
              "Time": "10:58"
            },
            {
              "Dst": "南勢角",
              "Time": "11:06"
            },
            {
              "Dst": "南勢角",
              "Time": "11:15"
            },
            {
              "Dst": "南勢角",
              "Time": "11:23"
            },
            {
              "Dst": "南勢角",
              "Time": "11:32"
            },
            {
              "Dst": "南勢角",
              "Time": "11:40"
            },
            {
              "Dst": "南勢角",
              "Time": "11:49"
            },
            {
              "Dst": "南勢角",
              "Time": "11:57"
            },
            {
              "Dst": "南勢角",
              "Time": "12:06"
            },
            {
              "Dst": "南勢角",
              "Time": "12:14"
            },
            {
              "Dst": "南勢角",
              "Time": "12:23"
            },
            {
              "Dst": "南勢角",
              "Time": "12:31"
            },
            {
              "Dst": "南勢角",
              "Time": "12:40"
            },
            {
              "Dst": "南勢角",
              "Time": "12:48"
            },
            {
              "Dst": "南勢角",
              "Time": "12:57"
            },
            {
              "Dst": "南勢角",
              "Time": "13:05"
            },
            {
              "Dst": "南勢角",
              "Time": "13:14"
            },
            {
              "Dst": "南勢角",
              "Time": "13:22"
            },
            {
              "Dst": "南勢角",
              "Time": "13:31"
            },
            {
              "Dst": "南勢角",
              "Time": "13:39"
            },
            {
              "Dst": "南勢角",
              "Time": "13:48"
            },
            {
              "Dst": "南勢角",
              "Time": "13:56"
            },
            {
              "Dst": "南勢角",
              "Time": "14:05"
            },
            {
              "Dst": "南勢角",
              "Time": "14:13"
            },
            {
              "Dst": "南勢角",
              "Time": "14:22"
            },
            {
              "Dst": "南勢角",
              "Time": "14:30"
            },
            {
              "Dst": "南勢角",
              "Time": "14:39"
            },
            {
              "Dst": "南勢角",
              "Time": "14:47"
            },
            {
              "Dst": "南勢角",
              "Time": "14:56"
            },
            {
              "Dst": "南勢角",
              "Time": "15:04"
            },
            {
              "Dst": "南勢角",
              "Time": "15:13"
            },
            {
              "Dst": "南勢角",
              "Time": "15:21"
            },
            {
              "Dst": "南勢角",
              "Time": "15:30"
            },
            {
              "Dst": "南勢角",
              "Time": "15:38"
            },
            {
              "Dst": "南勢角",
              "Time": "15:47"
            },
            {
              "Dst": "南勢角",
              "Time": "15:55"
            },
            {
              "Dst": "南勢角",
              "Time": "16:04"
            },
            {
              "Dst": "南勢角",
              "Time": "16:12"
            },
            {
              "Dst": "南勢角",
              "Time": "16:21"
            },
            {
              "Dst": "南勢角",
              "Time": "16:29"
            },
            {
              "Dst": "南勢角",
              "Time": "16:36"
            },
            {
              "Dst": "南勢角",
              "Time": "16:43"
            },
            {
              "Dst": "南勢角",
              "Time": "16:49"
            },
            {
              "Dst": "南勢角",
              "Time": "16:56"
            },
            {
              "Dst": "南勢角",
              "Time": "17:02"
            },
            {
              "Dst": "南勢角",
              "Time": "17:08"
            },
            {
              "Dst": "南勢角",
              "Time": "17:15"
            },
            {
              "Dst": "南勢角",
              "Time": "17:21"
            },
            {
              "Dst": "南勢角",
              "Time": "17:27"
            },
            {
              "Dst": "南勢角",
              "Time": "17:34"
            },
            {
              "Dst": "南勢角",
              "Time": "17:40"
            },
            {
              "Dst": "南勢角",
              "Time": "17:46"
            },
            {
              "Dst": "南勢角",
              "Time": "17:53"
            },
            {
              "Dst": "南勢角",
              "Time": "17:59"
            },
            {
              "Dst": "南勢角",
              "Time": "18:05"
            },
            {
              "Dst": "南勢角",
              "Time": "18:12"
            },
            {
              "Dst": "南勢角",
              "Time": "18:18"
            },
            {
              "Dst": "南勢角",
              "Time": "18:24"
            },
            {
              "Dst": "南勢角",
              "Time": "18:31"
            },
            {
              "Dst": "南勢角",
              "Time": "18:37"
            },
            {
              "Dst": "南勢角",
              "Time": "18:43"
            },
            {
              "Dst": "南勢角",
              "Time": "18:50"
            },
            {
              "Dst": "南勢角",
              "Time": "18:56"
            },
            {
              "Dst": "南勢角",
              "Time": "19:02"
            },
            {
              "Dst": "南勢角",
              "Time": "19:09"
            },
            {
              "Dst": "南勢角",
              "Time": "19:15"
            },
            {
              "Dst": "南勢角",
              "Time": "19:21"
            },
            {
              "Dst": "南勢角",
              "Time": "19:28"
            },
            {
              "Dst": "南勢角",
              "Time": "19:36"
            },
            {
              "Dst": "南勢角",
              "Time": "19:44"
            },
            {
              "Dst": "南勢角",
              "Time": "19:52"
            },
            {
              "Dst": "南勢角",
              "Time": "20:00"
            },
            {
              "Dst": "南勢角",
              "Time": "20:08"
            },
            {
              "Dst": "南勢角",
              "Time": "20:16"
            },
            {
              "Dst": "南勢角",
              "Time": "20:24"
            },
            {
              "Dst": "南勢角",
              "Time": "20:32"
            },
            {
              "Dst": "南勢角",
              "Time": "20:40"
            },
            {
              "Dst": "南勢角",
              "Time": "20:49"
            },
            {
              "Dst": "南勢角",
              "Time": "20:57"
            },
            {
              "Dst": "南勢角",
              "Time": "21:05"
            },
            {
              "Dst": "南勢角",
              "Time": "21:13"
            },
            {
              "Dst": "南勢角",
              "Time": "21:21"
            },
            {
              "Dst": "南勢角",
              "Time": "21:29"
            },
            {
              "Dst": "南勢角",
              "Time": "21:37"
            },
            {
              "Dst": "南勢角",
              "Time": "21:45"
            },
            {
              "Dst": "南勢角",
              "Time": "21:53"
            },
            {
              "Dst": "南勢角",
              "Time": "22:01"
            },
            {
              "Dst": "南勢角",
              "Time": "22:09"
            },
            {
              "Dst": "南勢角",
              "Time": "22:17"
            },
            {
              "Dst": "南勢角",
              "Time": "22:25"
            },
            {
              "Dst": "南勢角",
              "Time": "22:33"
            },
            {
              "Dst": "南勢角",
              "Time": "22:42"
            },
            {
              "Dst": "南勢角",
              "Time": "22:51"
            },
            {
              "Dst": "南勢角",
              "Time": "22:55"
            },
            {
              "Dst": "南勢角",
              "Time": "23:04"
            },
            {
              "Dst": "南勢角",
              "Time": "23:16"
            },
            {
              "Dst": "南勢角",
              "Time": "23:28"
            },
            {
              "Dst": "南勢角",
              "Time": "23:40"
            },
            {
              "Dst": "南勢角",
              "Time": "23:52"
            },
            {
              "Dst": "南勢角",
              "Time": "00:04"
            },
            {
              "Dst": "南勢角",
              "Time": "00:16"
            },
            {
              "Dst": "南勢角",
              "Time": "00:25"
            }
          ]
        },
        {
          "Days": "6",
          "Departures": [
            {
              "Dst": "南勢角",
              "Time": "06:04"
            },
            {
              "Dst": "南勢角",
              "Time": "06:11"
            },
            {
              "Dst": "南勢角",
              "Time": "06:18"
            },
            {
              "Dst": "南勢角",
              "Time": "06:26"
            },
            {
              "Dst": "南勢角",
              "Time": "06:34"
            },
            {
              "Dst": "南勢角",
              "Time": "06:42"
            },
            {
              "Dst": "南勢角",
              "Time": "06:51"
            },
            {
              "Dst": "南勢角",
              "Time": "07:01"
            },
            {
              "Dst": "南勢角",
              "Time": "07:11"
            },
            {
              "Dst": "南勢角",
              "Time": "07:20"
            },
            {
              "Dst": "南勢角",
              "Time": "07:30"
            },
            {
              "Dst": "南勢角",
              "Time": "07:39"
            },
            {
              "Dst": "南勢角",
              "Time": "07:49"
            },
            {
              "Dst": "南勢角",
              "Time": "07:58"
            },
            {
              "Dst": "南勢角",
              "Time": "08:08"
            },
            {
              "Dst": "南勢角",
              "Time": "08:18"
            },
            {
              "Dst": "南勢角",
              "Time": "08:27"
            },
            {
              "Dst": "南勢角",
              "Time": "08:37"
            },
            {
              "Dst": "南勢角",
              "Time": "08:46"
            },
            {
              "Dst": "南勢角",
              "Time": "08:55"
            },
            {
              "Dst": "南勢角",
              "Time": "09:03"
            },
            {
              "Dst": "南勢角",
              "Time": "09:12"
            },
            {
              "Dst": "南勢角",
              "Time": "09:20"
            },
            {
              "Dst": "南勢角",
              "Time": "09:29"
            },
            {
              "Dst": "南勢角",
              "Time": "09:36"
            },
            {
              "Dst": "南勢角",
              "Time": "09:45"
            },
            {
              "Dst": "南勢角",
              "Time": "09:53"
            },
            {
              "Dst": "南勢角",
              "Time": "10:02"
            },
            {
              "Dst": "南勢角",
              "Time": "10:10"
            },
            {
              "Dst": "南勢角",
              "Time": "10:19"
            },
            {
              "Dst": "南勢角",
              "Time": "10:27"
            },
            {
              "Dst": "南勢角",
              "Time": "10:36"
            },
            {
              "Dst": "南勢角",
              "Time": "10:44"
            },
            {
              "Dst": "南勢角",
              "Time": "10:53"
            },
            {
              "Dst": "南勢角",
              "Time": "11:01"
            },
            {
              "Dst": "南勢角",
              "Time": "11:10"
            },
            {
              "Dst": "南勢角",
              "Time": "11:18"
            },
            {
              "Dst": "南勢角",
              "Time": "11:27"
            },
            {
              "Dst": "南勢角",
              "Time": "11:35"
            },
            {
              "Dst": "南勢角",
              "Time": "11:44"
            },
            {
              "Dst": "南勢角",
              "Time": "11:52"
            },
            {
              "Dst": "南勢角",
              "Time": "12:01"
            },
            {
              "Dst": "南勢角",
              "Time": "12:09"
            },
            {
              "Dst": "南勢角",
              "Time": "12:18"
            },
            {
              "Dst": "南勢角",
              "Time": "12:26"
            },
            {
              "Dst": "南勢角",
              "Time": "12:35"
            },
            {
              "Dst": "南勢角",
              "Time": "12:43"
            },
            {
              "Dst": "南勢角",
              "Time": "12:52"
            },
            {
              "Dst": "南勢角",
              "Time": "13:00"
            },
            {
              "Dst": "南勢角",
              "Time": "13:09"
            },
            {
              "Dst": "南勢角",
              "Time": "13:17"
            },
            {
              "Dst": "南勢角",
              "Time": "13:26"
            },
            {
              "Dst": "南勢角",
              "Time": "13:34"
            },
            {
              "Dst": "南勢角",
              "Time": "13:43"
            },
            {
              "Dst": "南勢角",
              "Time": "13:51"
            },
            {
              "Dst": "南勢角",
              "Time": "14:00"
            },
            {
              "Dst": "南勢角",
              "Time": "14:08"
            },
            {
              "Dst": "南勢角",
              "Time": "14:17"
            },
            {
              "Dst": "南勢角",
              "Time": "14:25"
            },
            {
              "Dst": "南勢角",
              "Time": "14:34"
            },
            {
              "Dst": "南勢角",
              "Time": "14:42"
            },
            {
              "Dst": "南勢角",
              "Time": "14:51"
            },
            {
              "Dst": "南勢角",
              "Time": "14:59"
            },
            {
              "Dst": "南勢角",
              "Time": "15:08"
            },
            {
              "Dst": "南勢角",
              "Time": "15:16"
            },
            {
              "Dst": "南勢角",
              "Time": "15:25"
            },
            {
              "Dst": "南勢角",
              "Time": "15:33"
            },
            {
              "Dst": "南勢角",
              "Time": "15:42"
            },
            {
              "Dst": "南勢角",
              "Time": "15:50"
            },
            {
              "Dst": "南勢角",
              "Time": "15:59"
            },
            {
              "Dst": "南勢角",
              "Time": "16:07"
            },
            {
              "Dst": "南勢角",
              "Time": "16:16"
            },
            {
              "Dst": "南勢角",
              "Time": "16:24"
            },
            {
              "Dst": "南勢角",
              "Time": "16:33"
            },
            {
              "Dst": "南勢角",
              "Time": "16:41"
            },
            {
              "Dst": "南勢角",
              "Time": "16:50"
            },
            {
              "Dst": "南勢角",
              "Time": "16:58"
            },
            {
              "Dst": "南勢角",
              "Time": "17:07"
            },
            {
              "Dst": "南勢角",
              "Time": "17:15"
            },
            {
              "Dst": "南勢角",
              "Time": "17:24"
            },
            {
              "Dst": "南勢角",
              "Time": "17:32"
            },
            {
              "Dst": "南勢角",
              "Time": "17:41"
            },
            {
              "Dst": "南勢角",
              "Time": "17:49"
            },
            {
              "Dst": "南勢角",
              "Time": "17:58"
            },
            {
              "Dst": "南勢角",
              "Time": "18:06"
            },
            {
              "Dst": "南勢角",
              "Time": "18:15"
            },
            {
              "Dst": "南勢角",
              "Time": "18:23"
            },
            {
              "Dst": "南勢角",
              "Time": "18:32"
            },
            {
              "Dst": "南勢角",
              "Time": "18:40"
            },
            {
              "Dst": "南勢角",
              "Time": "18:49"
            },
            {
              "Dst": "南勢角",
              "Time": "18:57"
            },
            {
              "Dst": "南勢角",
              "Time": "19:06"
            },
            {
              "Dst": "南勢角",
              "Time": "19:15"
            },
            {
              "Dst": "南勢角",
              "Time": "19:24"
            },
            {
              "Dst": "南勢角",
              "Time": "19:34"
            },
            {
              "Dst": "南勢角",
              "Time": "19:43"
            },
            {
              "Dst": "南勢角",
              "Time": "19:53"
            },
            {
              "Dst": "南勢角",
              "Time": "20:02"
            },
            {
              "Dst": "南勢角",
              "Time": "20:12"
            },
            {
              "Dst": "南勢角",
              "Time": "20:21"
            },
            {
              "Dst": "南勢角",
              "Time": "20:31"
            },
            {
              "Dst": "南勢角",
              "Time": "20:41"
            },
            {
              "Dst": "南勢角",
              "Time": "20:50"
            },
            {
              "Dst": "南勢角",
              "Time": "21:00"
            },
            {
              "Dst": "南勢角",
              "Time": "21:09"
            },
            {
              "Dst": "南勢角",
              "Time": "21:19"
            },
            {
              "Dst": "南勢角",
              "Time": "21:28"
            },
            {
              "Dst": "南勢角",
              "Time": "21:38"
            },
            {
              "Dst": "南勢角",
              "Time": "21:48"
            },
            {
              "Dst": "南勢角",
              "Time": "21:57"
            },
            {
              "Dst": "南勢角",
              "Time": "22:07"
            },
            {
              "Dst": "南勢角",
              "Time": "22:16"
            },
            {
              "Dst": "南勢角",
              "Time": "22:26"
            },
            {
              "Dst": "南勢角",
              "Time": "22:35"
            },
            {
              "Dst": "南勢角",
              "Time": "22:45"
            },
            {
              "Dst": "南勢角",
              "Time": "22:54"
            },
            {
              "Dst": "南勢角",
              "Time": "23:04"
            },
            {
              "Dst": "南勢角",
              "Time": "23:16"
            },
            {
              "Dst": "南勢角",
              "Time": "23:28"
            },
            {
              "Dst": "南勢角",
              "Time": "23:40"
            },
            {
              "Dst": "南勢角",
              "Time": "23:52"
            },
            {
              "Dst": "南勢角",
              "Time": "00:04"
            },
            {
              "Dst": "南勢角",
              "Time": "00:16"
            },
            {
              "Dst": "南勢角",
              "Time": "00:25"
            }
          ]
        },
        {
          "Days": "7",
          "Departures": [
            {
              "Dst": "南勢角",
              "Time": "06:04"
            },
            {
              "Dst": "南勢角",
              "Time": "06:11"
            },
            {
              "Dst": "南勢角",
              "Time": "06:18"
            },
            {
              "Dst": "南勢角",
              "Time": "06:26"
            },
            {
              "Dst": "南勢角",
              "Time": "06:34"
            },
            {
              "Dst": "南勢角",
              "Time": "06:42"
            },
            {
              "Dst": "南勢角",
              "Time": "06:51"
            },
            {
              "Dst": "南勢角",
              "Time": "07:01"
            },
            {
              "Dst": "南勢角",
              "Time": "07:11"
            },
            {
              "Dst": "南勢角",
              "Time": "07:20"
            },
            {
              "Dst": "南勢角",
              "Time": "07:30"
            },
            {
              "Dst": "南勢角",
              "Time": "07:39"
            },
            {
              "Dst": "南勢角",
              "Time": "07:49"
            },
            {
              "Dst": "南勢角",
              "Time": "07:58"
            },
            {
              "Dst": "南勢角",
              "Time": "08:08"
            },
            {
              "Dst": "南勢角",
              "Time": "08:18"
            },
            {
              "Dst": "南勢角",
              "Time": "08:27"
            },
            {
              "Dst": "南勢角",
              "Time": "08:37"
            },
            {
              "Dst": "南勢角",
              "Time": "08:46"
            },
            {
              "Dst": "南勢角",
              "Time": "08:55"
            },
            {
              "Dst": "南勢角",
              "Time": "09:03"
            },
            {
              "Dst": "南勢角",
              "Time": "09:12"
            },
            {
              "Dst": "南勢角",
              "Time": "09:20"
            },
            {
              "Dst": "南勢角",
              "Time": "09:29"
            },
            {
              "Dst": "南勢角",
              "Time": "09:36"
            },
            {
              "Dst": "南勢角",
              "Time": "09:45"
            },
            {
              "Dst": "南勢角",
              "Time": "09:53"
            },
            {
              "Dst": "南勢角",
              "Time": "10:02"
            },
            {
              "Dst": "南勢角",
              "Time": "10:10"
            },
            {
              "Dst": "南勢角",
              "Time": "10:19"
            },
            {
              "Dst": "南勢角",
              "Time": "10:27"
            },
            {
              "Dst": "南勢角",
              "Time": "10:36"
            },
            {
              "Dst": "南勢角",
              "Time": "10:44"
            },
            {
              "Dst": "南勢角",
              "Time": "10:53"
            },
            {
              "Dst": "南勢角",
              "Time": "11:01"
            },
            {
              "Dst": "南勢角",
              "Time": "11:10"
            },
            {
              "Dst": "南勢角",
              "Time": "11:18"
            },
            {
              "Dst": "南勢角",
              "Time": "11:27"
            },
            {
              "Dst": "南勢角",
              "Time": "11:35"
            },
            {
              "Dst": "南勢角",
              "Time": "11:44"
            },
            {
              "Dst": "南勢角",
              "Time": "11:52"
            },
            {
              "Dst": "南勢角",
              "Time": "12:01"
            },
            {
              "Dst": "南勢角",
              "Time": "12:09"
            },
            {
              "Dst": "南勢角",
              "Time": "12:18"
            },
            {
              "Dst": "南勢角",
              "Time": "12:26"
            },
            {
              "Dst": "南勢角",
              "Time": "12:35"
            },
            {
              "Dst": "南勢角",
              "Time": "12:43"
            },
            {
              "Dst": "南勢角",
              "Time": "12:52"
            },
            {
              "Dst": "南勢角",
              "Time": "13:00"
            },
            {
              "Dst": "南勢角",
              "Time": "13:09"
            },
            {
              "Dst": "南勢角",
              "Time": "13:17"
            },
            {
              "Dst": "南勢角",
              "Time": "13:26"
            },
            {
              "Dst": "南勢角",
              "Time": "13:34"
            },
            {
              "Dst": "南勢角",
              "Time": "13:43"
            },
            {
              "Dst": "南勢角",
              "Time": "13:51"
            },
            {
              "Dst": "南勢角",
              "Time": "14:00"
            },
            {
              "Dst": "南勢角",
              "Time": "14:08"
            },
            {
              "Dst": "南勢角",
              "Time": "14:17"
            },
            {
              "Dst": "南勢角",
              "Time": "14:25"
            },
            {
              "Dst": "南勢角",
              "Time": "14:34"
            },
            {
              "Dst": "南勢角",
              "Time": "14:42"
            },
            {
              "Dst": "南勢角",
              "Time": "14:51"
            },
            {
              "Dst": "南勢角",
              "Time": "14:59"
            },
            {
              "Dst": "南勢角",
              "Time": "15:08"
            },
            {
              "Dst": "南勢角",
              "Time": "15:16"
            },
            {
              "Dst": "南勢角",
              "Time": "15:25"
            },
            {
              "Dst": "南勢角",
              "Time": "15:33"
            },
            {
              "Dst": "南勢角",
              "Time": "15:42"
            },
            {
              "Dst": "南勢角",
              "Time": "15:50"
            },
            {
              "Dst": "南勢角",
              "Time": "15:59"
            },
            {
              "Dst": "南勢角",
              "Time": "16:07"
            },
            {
              "Dst": "南勢角",
              "Time": "16:16"
            },
            {
              "Dst": "南勢角",
              "Time": "16:24"
            },
            {
              "Dst": "南勢角",
              "Time": "16:33"
            },
            {
              "Dst": "南勢角",
              "Time": "16:41"
            },
            {
              "Dst": "南勢角",
              "Time": "16:50"
            },
            {
              "Dst": "南勢角",
              "Time": "16:58"
            },
            {
              "Dst": "南勢角",
              "Time": "17:07"
            },
            {
              "Dst": "南勢角",
              "Time": "17:15"
            },
            {
              "Dst": "南勢角",
              "Time": "17:24"
            },
            {
              "Dst": "南勢角",
              "Time": "17:32"
            },
            {
              "Dst": "南勢角",
              "Time": "17:41"
            },
            {
              "Dst": "南勢角",
              "Time": "17:49"
            },
            {
              "Dst": "南勢角",
              "Time": "17:58"
            },
            {
              "Dst": "南勢角",
              "Time": "18:06"
            },
            {
              "Dst": "南勢角",
              "Time": "18:15"
            },
            {
              "Dst": "南勢角",
              "Time": "18:23"
            },
            {
              "Dst": "南勢角",
              "Time": "18:32"
            },
            {
              "Dst": "南勢角",
              "Time": "18:40"
            },
            {
              "Dst": "南勢角",
              "Time": "18:49"
            },
            {
              "Dst": "南勢角",
              "Time": "18:57"
            },
            {
              "Dst": "南勢角",
              "Time": "19:06"
            },
            {
              "Dst": "南勢角",
              "Time": "19:15"
            },
            {
              "Dst": "南勢角",
              "Time": "19:24"
            },
            {
              "Dst": "南勢角",
              "Time": "19:34"
            },
            {
              "Dst": "南勢角",
              "Time": "19:43"
            },
            {
              "Dst": "南勢角",
              "Time": "19:53"
            },
            {
              "Dst": "南勢角",
              "Time": "20:02"
            },
            {
              "Dst": "南勢角",
              "Time": "20:12"
            },
            {
              "Dst": "南勢角",
              "Time": "20:21"
            },
            {
              "Dst": "南勢角",
              "Time": "20:31"
            },
            {
              "Dst": "南勢角",
              "Time": "20:41"
            },
            {
              "Dst": "南勢角",
              "Time": "20:50"
            },
            {
              "Dst": "南勢角",
              "Time": "21:00"
            },
            {
              "Dst": "南勢角",
              "Time": "21:09"
            },
            {
              "Dst": "南勢角",
              "Time": "21:19"
            },
            {
              "Dst": "南勢角",
              "Time": "21:28"
            },
            {
              "Dst": "南勢角",
              "Time": "21:38"
            },
            {
              "Dst": "南勢角",
              "Time": "21:48"
            },
            {
              "Dst": "南勢角",
              "Time": "21:57"
            },
            {
              "Dst": "南勢角",
              "Time": "22:07"
            },
            {
              "Dst": "南勢角",
              "Time": "22:16"
            },
            {
              "Dst": "南勢角",
              "Time": "22:26"
            },
            {
              "Dst": "南勢角",
              "Time": "22:35"
            },
            {
              "Dst": "南勢角",
              "Time": "22:45"
            },
            {
              "Dst": "南勢角",
              "Time": "22:54"
            },
            {
              "Dst": "南勢角",
              "Time": "23:04"
            },
            {
              "Dst": "南勢角",
              "Time": "23:16"
            },
            {
              "Dst": "南勢角",
              "Time": "23:28"
            },
            {
              "Dst": "南勢角",
              "Time": "23:40"
            },
            {
              "Dst": "南勢角",
              "Time": "23:52"
            },
            {
              "Dst": "南勢角",
              "Time": "00:04"
            },
            {
              "Dst": "南勢角",
              "Time": "00:16"
            },
            {
              "Dst": "南勢角",
              "Time": "00:25"
            }
          ]
        }
      ]
    }
  ]
}