{
  "StationCode": "O15",
  "StationName": "三重",
  "Timetables": [
    {
      "Direction": "往O21迴龍站",
      "EffectiveFrom": "2017-08-01",
      "Schedule": [
        {
          "Days": "1,2,3,4,5",
          "Departures": [
            {
              "Dst": "迴龍",
              "Time": "06:02"
            },
            {
              "Dst": "迴龍",
              "Time": "06:12"
            },
            {
              "Dst": "迴龍",
              "Time": "06:22"
            },
            {
              "Dst": "迴龍",
              "Time": "06:30"
            },
            {
              "Dst": "迴龍",
              "Time": "06:37"
            },
            {
              "Dst": "迴龍",
              "Time": "06:43"
            },
            {
              "Dst": "迴龍",
              "Time": "06:46"
            },
            {
              "Dst": "迴龍",
              "Time": "06:53"
            },
            {
              "Dst": "迴龍",
              "Time": "07:01"
            },
            {
              "Dst": "迴龍",
              "Time": "07:05"
            },
            {
              "Dst": "迴龍",
              "Time": "07:09"
            },
            {
              "Dst": "迴龍",
              "Time": "07:17"
            },
            {
              "Dst": "迴龍",
              "Time": "07:21"
            },
            {
              "Dst": "迴龍",
              "Time": "07:26"
            },
            {
              "Dst": "迴龍",
              "Time": "07:33"
            },
            {
              "Dst": "迴龍",
              "Time": "07:37"
            },
            {
              "Dst": "迴龍",
              "Time": "07:41"
            },
            {
              "Dst": "迴龍",
              "Time": "07:49"
            },
            {
              "Dst": "迴龍",
              "Time": "07:55"
            },
            {
              "Dst": "迴龍",
              "Time": "08:01"
            },
            {
              "Dst": "迴龍",
              "Time": "08:07"
            },
            {
              "Dst": "迴龍",
              "Time": "08:13"
            },
            {
              "Dst": "迴龍",
              "Time": "08:19"
            },
            {
              "Dst": "迴龍",
              "Time": "08:24"
            },
            {
              "Dst": "迴龍",
              "Time": "08:31"
            },
            {
              "Dst": "迴龍",
              "Time": "08:37"
            },
            {
              "Dst": "迴龍",
              "Time": "08:43"
            },
            {
              "Dst": "迴龍",
              "Time": "08:49"
            },
            {
              "Dst": "迴龍",
              "Time": "08:54"
            },
            {
              "Dst": "迴龍",
              "Time": "09:00"
            },
            {
              "Dst": "迴龍",
              "Time": "09:05"
            },
            {
              "Dst": "迴龍",
              "Time": "09:10"
            },
            {
              "Dst": "迴龍",
              "Time": "09:15"
            },
            {
              "Dst": "迴龍",
              "Time": "09:20"
            },
            {
              "Dst": "迴龍",
              "Time": "09:25"
            },
            {
              "Dst": "迴龍",
              "Time": "09:31"
            },
            {
              "Dst": "迴龍",
              "Time": "09:35"
            },
            {
              "Dst": "迴龍",
              "Time": "09:42"
            },
            {
              "Dst": "迴龍",
              "Time": "09:48"
            },
            {
              "Dst": "迴龍",
              "Time": "09:53"
            },
            {
              "Dst": "迴龍",
              "Time": "10:01"
            },
            {
              "Dst": "迴龍",
              "Time": "10:08"
            },
            {
              "Dst": "迴龍",
              "Time": "10:16"
            },
            {
              "Dst": "迴龍",
              "Time": "10:24"
            },
            {
              "Dst": "迴龍",
              "Time": "10:33"
            },
            {
              "Dst": "迴龍",
              "Time": "10:41"
            },
            {
              "Dst": "迴龍",
              "Time": "10:50"
            },
            {
              "Dst": "迴龍",
              "Time": "10:58"
            },
            {
              "Dst": "迴龍",
              "Time": "11:07"
            },
            {
              "Dst": "迴龍",
              "Time": "11:15"
            },
            {
              "Dst": "迴龍",
              "Time": "11:24"
            },
            {
              "Dst": "迴龍",
              "Time": "11:32"
            },
            {
              "Dst": "迴龍",
              "Time": "11:41"
            },
            {
              "Dst": "迴龍",
              "Time": "11:49"
            },
            {
              "Dst": "迴龍",
              "Time": "11:58"
            },
            {
              "Dst": "迴龍",
              "Time": "12:06"
            },
            {
              "Dst": "迴龍",
              "Time": "12:15"
            },
            {
              "Dst": "迴龍",
              "Time": "12:23"
            },
            {
              "Dst": "迴龍",
              "Time": "12:32"
            },
            {
              "Dst": "迴龍",
              "Time": "12:40"
            },
            {
              "Dst": "迴龍",
              "Time": "12:49"
            },
            {
              "Dst": "迴龍",
              "Time": "12:57"
            },
            {
              "Dst": "迴龍",
              "Time": "13:06"
            },
            {
              "Dst": "迴龍",
              "Time": "13:14"
            },
            {
              "Dst": "迴龍",
              "Time": "13:23"
            },
            {
              "Dst": "迴龍",
              "Time": "13:31"
            },
            {
              "Dst": "迴龍",
              "Time": "13:40"
            },
            {
              "Dst": "迴龍",
              "Time": "13:48"
            },
            {
              "Dst": "迴龍",
              "Time": "13:57"
            },
            {
              "Dst": "迴龍",
              "Time": "14:05"
            },
            {
              "Dst": "迴龍",
              "Time": "14:14"
            },
            {
              "Dst": "迴龍",
              "Time": "14:22"
            },
            {
              "Dst": "迴龍",
              "Time": "14:31"
            },
            {
              "Dst": "迴龍",
              "Time": "14:39"
            },
            {
              "Dst": "迴龍",
              "Time": "14:48"
            },
            {
              "Dst": "迴龍",
              "Time": "14:56"
            },
            {
              "Dst": "迴龍",
              "Time": "15:05"
            },
            {
              "Dst": "迴龍",
              "Time": "15:13"
            },
            {
              "Dst": "迴龍",
              "Time": "15:22"
            },
            {
              "Dst": "迴龍",
              "Time": "15:30"
            },
            {
              "Dst": "迴龍",
              "Time": "15:39"
            },
            {
              "Dst": "迴龍",
              "Time": "15:47"
            },
            {
              "Dst": "迴龍",
              "Time": "15:55"
            },
            {
              "Dst": "迴龍",
              "Time": "16:03"
            },
            {
              "Dst": "迴龍",
              "Time": "16:11"
            },
            {
              "Dst": "迴龍",
              "Time": "16:20"
            },
            {
              "Dst": "迴龍",
              "Time": "16:28"
            },
            {
              "Dst": "迴龍",
              "Time": "16:37"
            },
            {
              "Dst": "迴龍",
              "Time": "16:42"
            },
            {
              "Dst": "迴龍",
              "Time": "16:45"
            },
            {
              "Dst": "迴龍",
              "Time": "16:54"
            },
            {
              "Dst": "迴龍",
              "Time": "17:02"
            },
            {
              "Dst": "迴龍",
              "Time": "17:07"
            },
            {
              "Dst": "迴龍",
              "Time": "17:11"
            },
            {
              "Dst": "迴龍",
              "Time": "17:19"
            },
            {
              "Dst": "迴龍",
              "Time": "17:27"
            },
            {
              "Dst": "迴龍",
              "Time": "17:33"
            },
            {
              "Dst": "迴龍",
              "Time": "17:36"
            },
            {
              "Dst": "迴龍",
              "Time": "17:42"
            },
            {
              "Dst": "迴龍",
              "Time": "17:48"
            },
            {
              "Dst": "迴龍",
              "Time": "17:55"
            },
            {
              "Dst": "迴龍",
              "Time": "18:01"
            },
            {
              "Dst": "迴龍",
              "Time": "18:07"
            },
            {
              "Dst": "迴龍",
              "Time": "18:14"
            },
            {
              "Dst": "迴龍",
              "Time": "18:20"
            },
            {
              "Dst": "迴龍",
              "Time": "18:26"
            },
            {
              "Dst": "迴龍",
              "Time": "18:33"
            },
            {
              "Dst": "迴龍",
              "Time": "18:39"
            },
            {
              "Dst": "迴龍",
              "Time": "18:45"
            },
            {
              "Dst": "迴龍",
              "Time": "18:52"
            },
            {
              "Dst": "迴龍",
              "Time": "18:58"
            },
            {
              "Dst": "迴龍",
              "Time": "19:04"
            },
            {
              "Dst": "迴龍",
              "Time": "19:11"
            },
            {
              "Dst": "迴龍",
              "Time": "19:17"
            },
            {
              "Dst": "迴龍",
              "Time": "19:24"
            },
            {
              "Dst": "迴龍",
              "Time": "19:30"
            },
            {
              "Dst": "迴龍",
              "Time": "19:36"
            },
            {
              "Dst": "迴龍",
              "Time": "19:42"
            },
            {
              "Dst": "迴龍",
              "Time": "19:49"
            },
            {
              "Dst": "迴龍",
              "Time": "19:55"
            },
            {
              "Dst": "迴龍",
              "Time": "20:01"
            },
            {
              "Dst": "迴龍",
              "Time": "20:08"
            },
            {
              "Dst": "迴龍",
              "Time": "20:14"
            },
            {
              "Dst": "迴龍",
              "Time": "20:20"
            },
            {
              "Dst": "迴龍",
              "Time": "20:28"
            },
            {
              "Dst": "迴龍",
              "Time": "20:36"
            },
            {
              "Dst": "迴龍",
              "Time": "20:44"
            },
            {
              "Dst": "迴龍",
              "Time": "20:52"
            },
            {
              "Dst": "迴龍",
              "Time": "21:00"
            },
            {
              "Dst": "迴龍",
              "Time": "21:08"
            },
            {
              "Dst": "迴龍",
              "Time": "21:16"
            },
            {
              "Dst": "迴龍",
              "Time": "21:24"
            },
            {
              "Dst": "迴龍",
              "Time": "21:32"
            },
            {
              "Dst": "迴龍",
              "Time": "21:40"
            },
            {
              "Dst": "迴龍",
              "Time": "21:48"
            },
            {
              "Dst": "迴龍",
              "Time": "21:56"
            },
            {
              "Dst": "迴龍",
              "Time": "22:04"
            },
            {
              "Dst": "迴龍",
              "Time": "22:12"
            },
            {
              "Dst": "迴龍",
              "Time": "22:21"
            },
            {
              "Dst": "迴龍",
              "Time": "22:28"
            },
            {
              "Dst": "迴龍",
              "Time": "22:36"
            },
            {
              "Dst": "迴龍",
              "Time": "22:43"
            },
            {
              "Dst": "迴龍",
              "Time": "22:52"
            },
            {
              "Dst": "迴龍",
              "Time": "23:00"
            },
            {
              "Dst": "迴龍",
              "Time": "23:08"
            },
            {
              "Dst": "迴龍",
              "Time": "23:15"
            },
            {
              "Dst": "迴龍",
              "Time": "23:24"
            },
            {
              "Dst": "迴龍",
              "Time": "23:31"
            },
            {
              "Dst": "迴龍",
              "Time": "23:43"
            },
            {
              "Dst": "迴龍",
              "Time": "23:55"
            },
            {
              "Dst": "迴龍",
              "Time": "00:07"
            },
            {
              "Dst": "迴龍",
              "Time": "00:19"
            },
            {
              "Dst": "迴龍",
              "Time": "00:31"
            },
            {
              "Dst": "迴龍",
              "Time": "00:38"
            },
            {
              "Dst": "迴龍",
              "Time": "00:54"
            }
          ]
        },
        {
          "Days": "6",
          "Departures": [
            {
              "Dst": "迴龍",
              "Time": "06:02"
            },
            {
              "Dst": "迴龍",
              "Time": "06:12"
            },
            {
              "Dst": "迴龍",
              "Time": "06:22"
            },
            {
              "Dst": "迴龍",
              "Time": "06:30"
            },
            {
              "Dst": "迴龍",
              "Time": "06:39"
            },
            {
              "Dst": "迴龍",
              "Time": "06:48"
            },
            {
              "Dst": "迴龍",
              "Time": "06:58"
            },
            {
              "Dst": "迴龍",
              "Time": "07:07"
            },
            {
              "Dst": "迴龍",
              "Time": "07:17"
            },
            {
              "Dst": "迴龍",
              "Time": "07:26"
            },
            {
              "Dst": "迴龍",
              "Time": "07:36"
            },
            {
              "Dst": "迴龍",
              "Time": "07:45"
            },
            {
              "Dst": "迴龍",
              "Time": "07:55"
            },
            {
              "Dst": "迴龍",
              "Time": "08:04"
            },
            {
              "Dst": "迴龍",
              "Time": "08:14"
            },
            {
              "Dst": "迴龍",
              "Time": "08:23"
            },
            {
              "Dst": "迴龍",
              "Time": "08:33"
            },
            {
              "Dst": "迴龍",
              "Time": "08:43"
            },
            {
              "Dst": "迴龍",
              "Time": "08:52"
            },
            {
              "Dst": "迴龍",
              "Time": "08:58"
            },
            {
              "Dst": "迴龍",
              "Time": "09:02"
            },
            {
              "Dst": "迴龍",
              "Time": "09:11"
            },
            {
              "Dst": "迴龍",
              "Time": "09:21"
            },
            {
              "Dst": "迴龍",
              "Time": "09:30"
            },
            {
              "Dst": "迴龍",
              "Time": "09:40"
            },
            {
              "Dst": "迴龍",
              "Time": "09:46"
            },
            {
              "Dst": "迴龍",
              "Time": "09:51"
            },
            {
              "Dst": "迴龍",
              "Time": "10:00"
            },
            {
              "Dst": "迴龍",
              "Time": "10:09"
            },
            {
              "Dst": "迴龍",
              "Time": "10:19"
            },
            {
              "Dst": "迴龍",
              "Time": "10:28"
            },
            {
              "Dst": "迴龍",
              "Time": "10:37"
            },
            {
              "Dst": "迴龍",
              "Time": "10:45"
            },
            {
              "Dst": "迴龍",
              "Time": "10:54"
            },
            {
              "Dst": "迴龍",
              "Time": "11:02"
            },
            {
              "Dst": "迴龍",
              "Time": "11:11"
            },
            {
              "Dst": "迴龍",
              "Time": "11:19"
            },
            {
              "Dst": "迴龍",
              "Time": "11:28"
            },
            {
              "Dst": "迴龍",
              "Time": "11:36"
            },
            {
              "Dst": "迴龍",
              "Time": "11:45"
            },
            {
              "Dst": "迴龍",
              "Time": "11:53"
            },
            {
              "Dst": "迴龍",
              "Time": "12:02"
            },
            {
              "Dst": "迴龍",
              "Time": "12:10"
            },
            {
              "Dst": "迴龍",
              "Time": "12:19"
            },
            {
              "Dst": "迴龍",
              "Time": "12:27"
            },
            {
              "Dst": "迴龍",
              "Time": "12:36"
            },
            {
              "Dst": "迴龍",
              "Time": "12:44"
            },
            {
              "Dst": "迴龍",
              "Time": "12:53"
            },
            {
              "Dst": "迴龍",
              "Time": "13:01"
            },
            {
              "Dst": "迴龍",
              "Time": "13:10"
            },
            {
              "Dst": "迴龍",
              "Time": "13:18"
            },
            {
              "Dst": "迴龍",
              "Time": "13:27"
            },
            {
              "Dst": "迴龍",
              "Time": "13:35"
            },
            {
              "Dst": "迴龍",
              "Time": "13:44"
            },
            {
              "Dst": "迴龍",
              "Time": "13:52"
            },
            {
              "Dst": "迴龍",
              "Time": "14:01"
            },
            {
              "Dst": "迴龍",
              "Time": "14:09"
            },
            {
              "Dst": "迴龍",
              "Time": "14:18"
            },
            {
              "Dst": "迴龍",
              "Time": "14:26"
            },
            {
              "Dst": "迴龍",
              "Time": "14:35"
            },
            {
              "Dst": "迴龍",
              "Time": "14:43"
            },
            {
              "Dst": "迴龍",
              "Time": "14:52"
            },
            {
              "Dst": "迴龍",
              "Time": "15:00"
            },
            {
              "Dst": "迴龍",
              "Time": "15:09"
            },
            {
              "Dst": "迴龍",
              "Time": "15:17"
            },
            {
              "Dst": "迴龍",
              "Time": "15:26"
            },
            {
              "Dst": "迴龍",
              "Time": "15:34"
            },
            {
              "Dst": "迴龍",
              "Time": "15:43"
            },
            {
              "Dst": "迴龍",
              "Time": "15:51"
            },
            {
              "Dst": "迴龍",
              "Time": "16:00"
            },
            {
              "Dst": "迴龍",
              "Time": "16:08"
            },
            {
              "Dst": "迴龍",
              "Time": "16:17"
            },
            {
              "Dst": "迴龍",
              "Time": "16:25"
            },
            {
              "Dst": "迴龍",
              "Time": "16:34"
            },
            {
              "Dst": "迴龍",
              "Time": "16:42"
            },
            {
              "Dst": "迴龍",
              "Time": "16:51"
            },
            {
              "Dst": "迴龍",
              "Time": "16:59"
            },
            {
              "Dst": "迴龍",
              "Time": "17:08"
            },
            {
              "Dst": "迴龍",
              "Time": "17:16"
            },
            {
              "Dst": "迴龍",
              "Time": "17:25"
            },
            {
              "Dst": "迴龍",
              "Time": "17:33"
            },
            {
              "Dst": "迴龍",
              "Time": "17:42"
            },
            {
              "Dst": "迴龍",
              "Time": "17:50"
            },
            {
              "Dst": "迴龍",
              "Time": "17:59"
            },
            {
              "Dst": "迴龍",
              "Time": "18:07"
            },
            {
              "Dst": "迴龍",
              "Time": "18:16"
            },
            {
              "Dst": "迴龍",
              "Time": "18:24"
            },
            {
              "Dst": "迴龍",
              "Time": "18:33"
            },
            {
              "Dst": "迴龍",
              "Time": "18:41"
            },
            {
              "Dst": "迴龍",
              "Time": "18:50"
            },
            {
              "Dst": "迴龍",
              "Time": "18:58"
            },
            {
              "Dst": "迴龍",
              "Time": "19:07"
            },
            {
              "Dst": "迴龍",
              "Time": "19:15"
            },
            {
              "Dst": "迴龍",
              "Time": "19:23"
            },
            {
              "Dst": "迴龍",
              "Time": "19:32"
            },
            {
              "Dst": "迴龍",
              "Time": "19:41"
            },
            {
              "Dst": "迴龍",
              "Time": "19:49"
            },
            {
              "Dst": "迴龍",
              "Time": "19:58"
            },
            {
              "Dst": "迴龍",
              "Time": "20:06"
            },
            {
              "Dst": "迴龍",
              "Time": "20:15"
            },
            {
              "Dst": "迴龍",
              "Time": "20:23"
            },
            {
              "Dst": "迴龍",
              "Time": "20:32"
            },
            {
              "Dst": "迴龍",
              "Time": "20:39"
            },
            {
              "Dst": "迴龍",
              "Time": "20:48"
            },
            {
              "Dst": "迴龍",
              "Time": "20:56"
            },
            {
              "Dst": "迴龍",
              "Time": "21:06"
            },
            {
              "Dst": "迴龍",
              "Time": "21:15"
            },
            {
              "Dst": "迴龍",
              "Time": "21:25"
            },
            {
              "Dst": "迴龍",
              "Time": "21:34"
            },
            {
              "Dst": "迴龍",
              "Time": "21:44"
            },
            {
              "Dst": "迴龍",
              "Time": "21:53"
            },
            {
              "Dst": "迴龍",
              "Time": "22:03"
            },
            {
              "Dst": "迴龍",
              "Time": "22:13"
            },
            {
              "Dst": "迴龍",
              "Time": "22:22"
            },
            {
              "Dst": "迴龍",
              "Time": "22:32"
            },
            {
              "Dst": "迴龍",
              "Time": "22:41"
            },
            {
              "Dst": "迴龍",
              "Time": "22:51"
            },
            {
              "Dst": "迴龍",
              "Time": "23:01"
            },
            {
              "Dst": "迴龍",
              "Time": "23:08"
            },
            {
              "Dst": "迴龍",
              "Time": "23:19"
            },
            {
              "Dst": "迴龍",
              "Time": "23:31"
            },
            {
              "Dst": "迴龍",
              "Time": "23:43"
            },
            {
              "Dst": "迴龍",
              "Time": "23:55"
            },
            {
              "Dst": "迴龍",
              "Time": "00:07"
            },
            {
              "Dst": "迴龍",
              "Time": "00:19"
            },
            {
              "Dst": "迴龍",
              "Time": "00:31"
            },
            {
              "Dst": "迴龍",
              "Time": "00:38"
            },
            {
              "Dst": "迴龍",
              "Time": "00:54"
            }
          ]
        },
        {
          "Days": "7",
          "Departures": [
            {
              "Dst": "迴龍",
              "Time": "06:02"
            },
            {
              "Dst": "迴龍",
              "Time": "06:12"
            },
            {
              "Dst": "迴龍",
              "Time": "06:22"
            },
            {
              "Dst": "迴龍",
              "Time": "06:30"
            },
            {
              "Dst": "迴龍",
              "Time": "06:39"
            },
            {
              "Dst": "迴龍",
              "Time": "06:48"
            },
            {
              "Dst": "迴龍",
              "Time": "06:58"
            },
            {
              "Dst": "迴龍",
              "Time": "07:07"
            },
            {
              "Dst": "迴龍",
              "Time": "07:17"
            },
            {
              "Dst": "迴龍",
              "Time": "07:26"
            },
            {
              "Dst": "迴龍",
              "Time": "07:36"
            },
            {
              "Dst": "迴龍",
              "Time": "07:45"
            },
            {
              "Dst": "迴龍",
              "Time": "07:55"
            },
            {
              "Dst": "迴龍",
              "Time": "08:04"
            },
            {
              "Dst": "迴龍",
              "Time": "08:14"
            },
            {
              "Dst": "迴龍",
              "Time": "08:23"
            },
            {
              "Dst": "迴龍",
              "Time": "08:33"
            },
            {
              "Dst": "迴龍",
              "Time": "08:43"
            },
            {
              "Dst": "迴龍",
              "Time": "08:52"
            },
            {
              "Dst": "迴龍",
              "Time": "08:58"
            },
            {
              "Dst": "迴龍",
              "Time": "09:02"
            },
            {
              "Dst": "迴龍",
              "Time": "09:11"
            },
            {
              "Dst": "迴龍",
              "Time": "09:21"
            },
            {
              "Dst": "迴龍",
              "Time": "09:30"
            },
            {
              "Dst": "迴龍",
              "Time": "09:40"
            },
            {
              "Dst": "迴龍",
              "Time": "09:46"
            },
            {
              "Dst": "迴龍",
              "Time": "09:51"
            },
            {
              "Dst": "迴龍",
              "Time": "10:00"
            },
            {
              "Dst": "迴龍",
              "Time": "10:09"
            },
            {
              "Dst": "迴龍",
              "Time": "10:19"
            },
            {
              "Dst": "迴龍",
              "Time": "10:28"
            },
            {
              "Dst": "迴龍",
              "Time": "10:37"
            },
            {
              "Dst": "迴龍",
              "Time": "10:45"
            },
            {
              "Dst": "迴龍",
              "Time": "10:54"
            },
            {
              "Dst": "迴龍",
              "Time": "11:02"
            },
            {
              "Dst": "迴龍",
              "Time": "11:11"
            },
            {
              "Dst": "迴龍",
              "Time": "11:19"
            },
            {
              "Dst": "迴龍",
              "Time": "11:28"
            },
            {
              "Dst": "迴龍",
              "Time": "11:36"
            },
            {
              "Dst": "迴龍",
              "Time": "11:45"
            },
            {
              "Dst": "迴龍",
              "Time": "11:53"
            },
            {
              "Dst": "迴龍",
              "Time": "12:02"
            },
            {
              "Dst": "迴龍",
              "Time": "12:10"
            },
            {
              "Dst": "迴龍",
              "Time": "12:19"
            },
            {
              "Dst": "迴龍",
              "Time": "12:27"
            },
            {
              "Dst": "迴龍",
              "Time": "12:36"
            },
            {
              "Dst": "迴龍",
              "Time": "12:44"
            },
            {
              "Dst": "迴龍",
              "Time": "12:53"
            },
            {
              "Dst": "迴龍",
              "Time": "13:01"
            },
            {
              "Dst": "迴龍",
              "Time": "13:10"
            },
            {
              "Dst": "迴龍",
              "Time": "13:18"
            },
            {
              "Dst": "迴龍",
              "Time": "13:27"
            },
            {
              "Dst": "迴龍",
              "Time": "13:35"
            },
            {
              "Dst": "迴龍",
              "Time": "13:44"
            },
            {
              "Dst": "迴龍",
              "Time": "13:52"
            },
            {
              "Dst": "迴龍",
              "Time": "14:01"
            },
            {
              "Dst": "迴龍",
              "Time": "14:09"
            },
            {
              "Dst": "迴龍",
              "Time": "14:18"
            },
            {
              "Dst": "迴龍",
              "Time": "14:26"
            },
            {
              "Dst": "迴龍",
              "Time": "14:35"
            },
            {
              "Dst": "迴龍",
              "Time": "14:43"
            },
            {
              "Dst": "迴龍",
              "Time": "14:52"
            },
            {
              "Dst": "迴龍",
              "Time": "15:00"
            },
            {
              "Dst": "迴龍",
              "Time": "15:09"
            },
            {
              "Dst": "迴龍",
              "Time": "15:17"
            },
            {
              "Dst": "迴龍",
              "Time": "15:26"
            },
            {
              "Dst": "迴龍",
              "Time": "15:34"
            },
            {
              "Dst": "迴龍",
              "Time": "15:43"
            },
            {
              "Dst": "迴龍",
              "Time": "15:51"
            },
            {
              "Dst": "迴龍",
              "Time": "16:00"
            },
            {
              "Dst": "迴龍",
              "Time": "16:08"
            },
            {
              "Dst": "迴龍",
              "Time": "16:17"
            },
            {
              "Dst": "迴龍",
              "Time": "16:25"
            },
            {
              "Dst": "迴龍",
              "Time": "16:34"
            },
            {
              "Dst": "迴龍",
              "Time": "16:42"
            },
            {
              "Dst": "迴龍",
              "Time": "16:51"
            },
            {
              "Dst": "迴龍",
              "Time": "16:59"
            },
            {
              "Dst": "迴龍",
              "Time": "17:08"
            },
            {
              "Dst": "迴龍",
              "Time": "17:16"
            },
            {
              "Dst": "迴龍",
              "Time": "17:25"
            },
            {
              "Dst": "迴龍",
              "Time": "17:33"
            },
            {
              "Dst": "迴龍",
              "Time": "17:42"
            },
            {
              "Dst": "迴龍",
              "Time": "17:50"
            },
            {
              "Dst": "迴龍",
              "Time": "17:59"
            },
            {
              "Dst": "迴龍",
              "Time": "18:07"
            },
            {
              "Dst": "迴龍",
              "Time": "18:16"
            },
            {
              "Dst": "迴龍",
              "Time": "18:24"
            },
            {
              "Dst": "迴龍",
              "Time": "18:33"
            },
            {
              "Dst": "迴龍",
              "Time": "18:41"
            },
            {
              "Dst": "迴龍",
              "Time": "18:50"
            },
            {
              "Dst": "迴龍",
              "Time": "18:58"
            },
            {
              "Dst": "迴龍",
              "Time": "19:07"
            },
            {
              "Dst": "迴龍",
              "Time": "19:15"
            },
            {
              "Dst": "迴龍",
              "Time": "19:23"
            },
            {
              "Dst": "迴龍",
              "Time": "19:32"
            },
            {
              "Dst": "迴龍",
              "Time": "19:41"
            },
            {
              "Dst": "迴龍",
              "Time": "19:49"
            },
            {
              "Dst": "迴龍",
              "Time": "19:58"
            },
            {
              "Dst": "迴龍",
              "Time": "20:06"
            },
            {
              "Dst": "迴龍",
              "Time": "20:15"
            },
            {
              "Dst": "迴龍",
              "Time": "20:23"
            },
            {
              "Dst": "迴龍",
              "Time": "20:32"
            },
            {
              "Dst": "迴龍",
              "Time": "20:39"
            },
            {
              "Dst": "迴龍",
              "Time": "20:48"
            },
            {
              "Dst": "迴龍",
              "Time": "20:56"
            },
            {
              "Dst": "迴龍",
              "Time": "21:06"
            },
            {
              "Dst": "迴龍",
              "Time": "21:15"
            },
            {
              "Dst": "迴龍",
              "Time": "21:25"
            },
            {
              "Dst": "迴龍",
              "Time": "21:34"
            },
            {
              "Dst": "迴龍",
              "Time": "21:44"
            },
            {
              "Dst": "迴龍",
              "Time": "21:53"
            },
            {
              "Dst": "迴龍",
              "Time": "22:03"
            },
            {
              "Dst": "迴龍",
              "Time": "22:13"
            },
            {
              "Dst": "迴龍",
              "Time": "22:22"
            },
            {
              "Dst": "迴龍",
              "Time": "22:32"
            },
            {
              "Dst": "迴龍",
              "Time": "22:41"
            },
            {
              "Dst": "迴龍",
              "Time": "22:51"
            },
            {
              "Dst": "迴龍",
              "Time": "23:01"
            },
            {
              "Dst": "迴龍",
              "Time": "23:08"
            },
            {
              "Dst": "迴龍",
              "Time": "23:19"
            },
            {
              "Dst": "迴龍",
              "Time": "23:31"
            },
            {
              "Dst": "迴龍",
              "Time": "23:43"
            },
            {
              "Dst": "迴龍",
              "Time": "23:55"
            },
            {
              "Dst": "迴龍",
              "Time": "00:07"
            },
            {
              "Dst": "迴龍",
              "Time": "00:19"
            },
            {
              "Dst": "迴龍",
              "Time": "00:31"
            },
            {
              "Dst": "迴龍",
              "Time": "00:38"
            },
            {
              "Dst": "迴龍",
              "Time": "00:54"
            }
          ]
        }
      ]
    },
    {
      "Direction": "往O01南勢角站",
      "EffectiveFrom": "2017-08-01",
      "Schedule": [
        {
          "Days": "1,2,3,4,5",
          "Departures": [
            {
              "Dst": "南勢角",
              "Time": "06:02"
            },
            {
              "Dst": "南勢角",
              "Time": "06:09"
            },
            {
              "Dst": "南勢角",
              "Time": "06:16"
            },
            {
              "Dst": "南勢角",
              "Time": "06:24"
            },
            {
              "Dst": "南勢角",
              "Time": "06:32"
            },
            {
              "Dst": "南勢角",
              "Time": "06:40"
            },
            {
              "Dst": "南勢角",
              "Time": "06:48"
            },
            {
              "Dst": "南勢角",
              "Time": "06:56"
            },
            {
              "Dst": "南勢角",
              "Time": "07:02"
            },
            {
              "Dst": "南勢角",
              "Time": "07:08"
            },
            {
              "Dst": "南勢角",
              "Time": "07:14"
            },
            {
              "Dst": "南勢角",
              "Time": "07:20"
            },
            {
              "Dst": "南勢角",
              "Time": "07:26"
            },
            {
              "Dst": "南勢角",
              "Time": "07:32"
            },
            {
              "Dst": "南勢角",
              "Time": "07:38"
            },
            {
              "Dst": "南勢角",
              "Time": "07:44"
            },
            {
              "Dst": "南勢角",
              "Time": "07:49"
            },
            {
              "Dst": "南勢角",
              "Time": "07:54"
            },
            {
              "Dst": "南勢角",
              "Time": "08:00"
            },
            {
              "Dst": "南勢角",
              "Time": "08:05"
            },
            {
              "Dst": "南勢角",
              "Time": "08:10"
            },
            {
              "Dst": "南勢角",
              "Time": "08:15"
            },
            {
              "Dst": "南勢角",
              "Time": "08:20"
            },
            {
              "Dst": "南勢角",
              "Time": "08:25"
            },
            {
              "Dst": "南勢角",
              "Time": "08:30"
            },
            {
              "Dst": "南勢角",
              "Time": "08:36"
            },
            {
              "Dst": "南勢角",
              "Time": "08:42"
            },
            {
              "Dst": "南勢角",
              "Time": "08:48"
            },
            {
              "Dst": "南勢角",
              "Time": "08:54"
            },
            {
              "Dst": "南勢角",
              "Time": "09:00"
            },
            {
              "Dst": "南勢角",
              "Time": "09:07"
            },
            {
              "Dst": "南勢角",
              "Time": "09:15"
            },
            {
              "Dst": "南勢角",
              "Time": "09:23"
            },
            {
              "Dst": "南勢角",
              "Time": "09:31"
            },
            {
              "Dst": "南勢角",
              "Time": "09:39"
            },
            {
              "Dst": "南勢角",
              "Time": "09:48"
            },
            {
              "Dst": "南勢角",
              "Time": "09:56"
            },
            {
              "Dst": "南勢角",
              "Time": "10:05"
            },
            {
              "Dst": "南勢角",
              "Time": "10:13"
            },
            {
              "Dst": "南勢角",
              "Time": "10:22"
            },
            {
              "Dst": "南勢角",
              "Time": "10:30"
            },
            {
              "Dst": "南勢角",
              "Time": "10:39"
            },
            {
              "Dst": "南勢角",
              "Time": "10:47"
            },
            {
              "Dst": "南勢角",
              "Time": "10:56"
            },
            {
              "Dst": "南勢角",
              "Time": "11:04"
            },
            {
              "Dst": "南勢角",
              "Time": "11:13"
            },
            {
              "Dst": "南勢角",
              "Time": "11:21"
            },
            {
              "Dst": "南勢角",
              "Time": "11:30"
            },
            {
              "Dst": "南勢角",
              "Time": "11:38"
            },
            {
              "Dst": "南勢角",
              "Time": "11:47"
            },
            {
              "Dst": "南勢角",
              "Time": "11:55"
            },
            {
              "Dst": "南勢角",
              "Time": "12:04"
            },
            {
              "Dst": "南勢角",
              "Time": "12:12"
            },
            {
              "Dst": "南勢角",
              "Time": "12:21"
            },
            {
              "Dst": "南勢角",
              "Time": "12:29"
            },
            {
              "Dst": "南勢角",
              "Time": "12:38"
            },
            {
              "Dst": "南勢角",
              "Time": "12:46"
            },
            {
              "Dst": "南勢角",
              "Time": "12:55"
            },
            {
              "Dst": "南勢角",
              "Time": "13:03"
            },
            {
              "Dst": "南勢角",
              "Time": "13:12"
            },
            {
              "Dst": "南勢角",
              "Time": "13:20"
            },
            {
              "Dst": "南勢角",
              "Time": "13:29"
            },
            {
              "Dst": "南勢角",
              "Time": "13:37"
            },
            {
              "Dst": "南勢角",
              "Time": "13:46"
            },
            {
              "Dst": "南勢角",
              "Time": "13:54"
            },
            {
              "Dst": "南勢角",
              "Time": "14:03"
            },
            {
              "Dst": "南勢角",
              "Time": "14:11"
            },
            {
              "Dst": "南勢角",
              "Time": "14:20"
            },
            {
              "Dst": "南勢角",
              "Time": "14:28"
            },
            {
              "Dst": "南勢角",
              "Time": "14:37"
            },
            {
              "Dst": "南勢角",
              "Time": "14:45"
            },
            {
              "Dst": "南勢角",
              "Time": "14:54"
            },
            {
              "Dst": "南勢角",
              "Time": "15:02"
            },
            {
              "Dst": "南勢角",
              "Time": "15:11"
            },
            {
              "Dst": "南勢角",
              "Time": "15:19"
            },
            {
              "Dst": "南勢角",
              "Time": "15:28"
            },
            {
              "Dst": "南勢角",
              "Time": "15:36"
            },
            {
              "Dst": "南勢角",
              "Time": "15:45"
            },
            {
              "Dst": "南勢角",
              "Time": "15:53"
            },
            {
              "Dst": "南勢角",
              "Time": "16:02"
            },
            {
              "Dst": "南勢角",
              "Time": "16:10"
            },
            {
              "Dst": "南勢角",
              "Time": "16:19"
            },
            {
              "Dst": "南勢角",
              "Time": "16:27"
            },
            {
              "Dst": "南勢角",
              "Time": "16:35"
            },
            {
              "Dst": "南勢角",
              "Time": "16:41"
            },
            {
              "Dst": "南勢角",
              "Time": "16:48"
            },
            {
              "Dst": "南勢角",
              "Time": "16:54"
            },
            {
              "Dst": "南勢角",
              "Time": "17:00"
            },
            {
              "Dst": "南勢角",
              "Time": "17:07"
            },
            {
              "Dst": "南勢角",
              "Time": "17:13"
            },
            {
              "Dst": "南勢角",
              "Time": "17:19"
            },
            {
              "Dst": "南勢角",
              "Time": "17:26"
            },
            {
              "Dst": "南勢角",
              "Time": "17:32"
            },
            {
              "Dst": "南勢角",
              "Time": "17:38"
            },
            {
              "Dst": "南勢角",
              "Time": "17:45"
            },
            {
              "Dst": "南勢角",
              "Time": "17:51"
            },
            {
              "Dst": "南勢角",
              "Time": "17:57"
            },
            {
              "Dst": "南勢角",
              "Time": "18:04"
            },
            {
              "Dst": "南勢角",
              "Time": "18:10"
            },
            {
              "Dst": "南勢角",
              "Time": "18:16"
            },
            {
              "Dst": "南勢角",
              "Time": "18:23"
            },
            {
              "Dst": "南勢角",
              "Time": "18:29"
            },
            {
              "Dst": "南勢角",
              "Time": "18:35"
            },
            {
              "Dst": "南勢角",
              "Time": "18:42"
            },
            {
              "Dst": "南勢角",
              "Time": "18:48"
            },
            {
              "Dst": "南勢角",
              "Time": "18:54"
            },
            {
              "Dst": "南勢角",
              "Time": "19:01"
            },
            {
              "Dst": "南勢角",
              "Time": "19:07"
            },
            {
              "Dst": "南勢角",
              "Time": "19:13"
            },
            {
              "Dst": "南勢角",
              "Time": "19:20"
            },
            {
              "Dst": "南勢角",
              "Time": "19:27"
            },
            {
              "Dst": "南勢角",
              "Time": "19:35"
            },
            {
              "Dst": "南勢角",
              "Time": "19:43"
            },
            {
              "Dst": "南勢角",
              "Time": "19:51"
            },
            {
              "Dst": "南勢角",
              "Time": "19:59"
            },
            {
              "Dst": "南勢角",
              "Time": "20:07"
            },
            {
              "Dst": "南勢角",
              "Time": "20:15"
            },
            {
              "Dst": "南勢角",
              "Time": "20:23"
            },
            {
              "Dst": "南勢角",
              "Time": "20:31"
            },
            {
              "Dst": "南勢角",
              "Time": "20:39"
            },
            {
              "Dst": "南勢角",
              "Time": "20:47"
            },
            {
              "Dst": "南勢角",
              "Time": "20:55"
            },
            {
              "Dst": "南勢角",
              "Time": "21:03"
            },
            {
              "Dst": "南勢角",
              "Time": "21:11"
            },
            {
              "Dst": "南勢角",
              "Time": "21:19"
            },
            {
              "Dst": "南勢角",
              "Time": "21:27"
            },
            {
              "Dst": "南勢角",
              "Time": "21:35"
            },
            {
              "Dst": "南勢角",
              "Time": "21:43"
            },
            {
              "Dst": "南勢角",
              "Time": "21:51"
            },
            {
              "Dst": "南勢角",
              "Time": "21:59"
            },
            {
              "Dst": "南勢角",
              "Time": "22:07"
            },
            {
              "Dst": "南勢角",
              "Time": "22:15"
            },
            {
              "Dst": "南勢角",
              "Time": "22:23"
            },
            {
              "Dst": "南勢角",
              "Time": "22:31"
            },
            {
              "Dst": "南勢角",
              "Time": "22:40"
            },
            {
              "Dst": "南勢角",
              "Time": "22:49"
            },
            {
              "Dst": "南勢角",
              "Time": "22:53"
            },
            {
              "Dst": "南勢角",
              "Time": "23:02"
            },
            {
              "Dst": "南勢角",
              "Time": "23:14"
            },
            {
              "Dst": "南勢角",
              "Time": "23:26"
            },
            {
              "Dst": "南勢角",
              "Time": "23:38"
            },
            {
              "Dst": "南勢角",
              "Time": "23:50"
            },
            {
              "Dst": "南勢角",
              "Time": "00:02"
            },
            {
              "Dst": "南勢角",
              "Time": "00:14"
            },
            {
              "Dst": "南勢角",
              "Time": "00:23"
            }
          ]
        },
        {
          "Days": "6",
          "Departures": [
            {
              "Dst": "南勢角",
              "Time": "06:02"
            },
            {
              "Dst": "南勢角",
              "Time": "06:09"
            },
            {
              "Dst": "南勢角",
              "Time": "06:16"
            },
            {
              "Dst": "南勢角",
              "Time": "06:24"
            },
            {
              "Dst": "南勢角",
              "Time": "06:32"
            },
            {
              "Dst": "南勢角",
              "Time": "06:40"
            },
            {
              "Dst": "南勢角",
              "Time": "06:50"
            },
            {
              "Dst": "南勢角",
              "Time": "06:59"
            },
            {
              "Dst": "南勢角",
              "Time": "07:09"
            },
            {
              "Dst": "南勢角",
              "Time": "07:18"
            },
            {
              "Dst": "南勢角",
              "Time": "07:28"
            },
            {
              "Dst": "南勢角",
              "Time": "07:37"
            },
            {
              "Dst": "南勢角",
              "Time": "07:47"
            },
            {
              "Dst": "南勢角",
              "Time": "07:57"
            },
            {
              "Dst": "南勢角",
              "Time": "08:06"
            },
            {
              "Dst": "南勢角",
              "Time": "08:16"
            },
            {
              "Dst": "南勢角",
              "Time": "08:25"
            },
            {
              "Dst": "南勢角",
              "Time": "08:35"
            },
            {
              "Dst": "南勢角",
              "Time": "08:44"
            },
            {
              "Dst": "南勢角",
              "Time": "08:53"
            },
            {
              "Dst": "南勢角",
              "Time": "09:02"
            },
            {
              "Dst": "南勢角",
              "Time": "09:10"
            },
            {
              "Dst": "南勢角",
              "Time": "09:19"
            },
            {
              "Dst": "南勢角",
              "Time": "09:27"
            },
            {
              "Dst": "南勢角",
              "Time": "09:35"
            },
            {
              "Dst": "南勢角",
              "Time": "09:43"
            },
            {
              "Dst": "南勢角",
              "Time": "09:52"
            },
            {
              "Dst": "南勢角",
              "Time": "10:01"
            },
            {
              "Dst": "南勢角",
              "Time": "10:09"
            },
            {
              "Dst": "南勢角",
              "Time": "10:17"
            },
            {
              "Dst": "南勢角",
              "Time": "10:26"
            },
            {
              "Dst": "南勢角",
              "Time": "10:34"
            },
            {
              "Dst": "南勢角",
              "Time": "10:43"
            },
            {
              "Dst": "南勢角",
              "Time": "10:51"
            },
            {
              "Dst": "南勢角",
              "Time": "11:00"
            },
            {
              "Dst": "南勢角",
              "Time": "11:08"
            },
            {
              "Dst": "南勢角",
              "Time": "11:17"
            },
            {
              "Dst": "南勢角",
              "Time": "11:25"
            },
            {
              "Dst": "南勢角",
              "Time": "11:34"
            },
            {
              "Dst": "南勢角",
              "Time": "11:42"
            },
            {
              "Dst": "南勢角",
              "Time": "11:51"
            },
            {
              "Dst": "南勢角",
              "Time": "11:59"
            },
            {
              "Dst": "南勢角",
              "Time": "12:08"
            },
            {
              "Dst": "南勢角",
              "Time": "12:16"
            },
            {
              "Dst": "南勢角",
              "Time": "12:25"
            },
            {
              "Dst": "南勢角",
              "Time": "12:33"
            },
            {
              "Dst": "南勢角",
              "Time": "12:42"
            },
            {
              "Dst": "南勢角",
              "Time": "12:50"
            },
            {
              "Dst": "南勢角",
              "Time": "12:59"
            },
            {
              "Dst": "南勢角",
              "Time": "13:07"
            },
            {
              "Dst": "南勢角",
              "Time": "13:16"
            },
            {
              "Dst": "南勢角",
              "Time": "13:24"
            },
            {
              "Dst": "南勢角",
              "Time": "13:33"
            },
            {
              "Dst": "南勢角",
              "Time": "13:41"
            },
            {
              "Dst": "南勢角",
              "Time": "13:50"
            },
            {
              "Dst": "南勢角",
              "Time": "13:58"
            },
            {
              "Dst": "南勢角",
              "Time": "14:07"
            },
            {
              "Dst": "南勢角",
              "Time": "14:15"
            },
            {
              "Dst": "南勢角",
              "Time": "14:24"
            },
            {
              "Dst": "南勢角",
              "Time": "14:32"
            },
            {
              "Dst": "南勢角",
              "Time": "14:41"
            },
            {
              "Dst": "南勢角",
              "Time": "14:49"
            },
            {
              "Dst": "南勢角",
              "Time": "14:58"
            },
            {
              "Dst": "南勢角",
              "Time": "15:06"
            },
            {
              "Dst": "南勢角",
              "Time": "15:15"
            },
            {
              "Dst": "南勢角",
              "Time": "15:23"
            },
            {
              "Dst": "南勢角",
              "Time": "15:32"
            },
            {
              "Dst": "南勢角",
              "Time": "15:40"
            },
            {
              "Dst": "南勢角",
              "Time": "15:49"
            },
            {
              "Dst": "南勢角",
              "Time": "15:57"
            },
            {
              "Dst": "南勢角",
              "Time": "16:06"
            },
            {
              "Dst": "南勢角",
              "Time": "16:14"
            },
            {
              "Dst": "南勢角",
              "Time": "16:23"
            },
            {
              "Dst": "南勢角",
              "Time": "16:31"
            },
            {
              "Dst": "南勢角",
              "Time": "16:40"
            },
            {
              "Dst": "南勢角",
              "Time": "16:48"
            },
            {
              "Dst": "南勢角",
              "Time": "16:57"
            },
            {
              "Dst": "南勢角",
              "Time": "17:05"
            },
            {
              "Dst": "南勢角",
              "Time": "17:14"
            },
            {
              "Dst": "南勢角",
              "Time": "17:22"
            },
            {
              "Dst": "南勢角",
              "Time": "17:31"
            },
            {
              "Dst": "南勢角",
              "Time": "17:39"
            },
            {
              "Dst": "南勢角",
              "Time": "17:48"
            },
            {
              "Dst": "南勢角",
              "Time": "17:56"
            },
            {
              "Dst": "南勢角",
              "Time": "18:05"
            },
            {
              "Dst": "南勢角",
              "Time": "18:13"
            },
            {
              "Dst": "南勢角",
              "Time": "18:22"
            },
            {
              "Dst": "南勢角",
              "Time": "18:30"
            },
            {
              "Dst": "南勢角",
              "Time": "18:39"
            },
            {
              "Dst": "南勢角",
              "Time": "18:47"
            },
            {
              "Dst": "南勢角",
              "Time": "18:56"
            },
            {
              "Dst": "南勢角",
              "Time": "19:04"
            },
            {
              "Dst": "南勢角",
              "Time": "19:13"
            },
            {
              "Dst": "南勢角",
              "Time": "19:23"
            },
            {
              "Dst": "南勢角",
              "Time": "19:32"
            },
            {
              "Dst": "南勢角",
              "Time": "19:42"
            },
            {
              "Dst": "南勢角",
              "Time": "19:51"
            },
            {
              "Dst": "南勢角",
              "Time": "20:01"
            },
            {
              "Dst": "南勢角",
              "Time": "20:10"
            },
            {
              "Dst": "南勢角",
              "Time": "20:20"
            },
            {
              "Dst": "南勢角",
              "Time": "20:29"
            },
            {
              "Dst": "南勢角",
              "Time": "20:39"
            },
            {
              "Dst": "南勢角",
              "Time": "20:48"
            },
            {
              "Dst": "南勢角",
              "Time": "20:58"
            },
            {
              "Dst": "南勢角",
              "Time": "21:08"
            },
            {
              "Dst": "南勢角",
              "Time": "21:17"
            },
            {
              "Dst": "南勢角",
              "Time": "21:27"
            },
            {
              "Dst": "南勢角",
              "Time": "21:36"
            },
            {
              "Dst": "南勢角",
              "Time": "21:46"
            },
            {
              "Dst": "南勢角",
              "Time": "21:55"
            },
            {
              "Dst": "南勢角",
              "Time": "22:05"
            },
            {
              "Dst": "南勢角",
              "Time": "22:14"
            },
            {
              "Dst": "南勢角",
              "Time": "22:24"
            },
            {
              "Dst": "南勢角",
              "Time": "22:33"
            },
            {
              "Dst": "南勢角",
              "Time": "22:43"
            },
            {
              "Dst": "南勢角",
              "Time": "22:53"
            },
            {
              "Dst": "南勢角",
              "Time": "23:03"
            },
            {
              "Dst": "南勢角",
              "Time": "23:14"
            },
            {
              "Dst": "南勢角",
              "Time": "23:26"
            },
            {
              "Dst": "南勢角",
              "Time": "23:38"
            },
            {
              "Dst": "南勢角",
              "Time": "23:50"
            },
            {
              "Dst": "南勢角",
              "Time": "00:02"
            },
            {
              "Dst": "南勢角",
              "Time": "00:14"
            },
            {
              "Dst": "南勢角",
              "Time": "00:23"
            }
          ]
        },
        {
          "Days": "7",
          "Departures": [
            {
              "Dst": "南勢角",
              "Time": "06:02"
            },
            {
              "Dst": "南勢角",
              "Time": "06:09"
            },
            {
              "Dst": "南勢角",
              "Time": "06:16"
            },
            {
              "Dst": "南勢角",
              "Time": "06:24"
            },
            {
              "Dst": "南勢角",
              "Time": "06:32"
            },
            {
              "Dst": "南勢角",
              "Time": "06:40"
            },
            {
              "Dst": "南勢角",
              "Time": "06:50"
            },
            {
              "Dst": "南勢角",
              "Time": "06:59"
            },
            {
              "Dst": "南勢角",
              "Time": "07:09"
            },
            {
              "Dst": "南勢角",
              "Time": "07:18"
            },
            {
              "Dst": "南勢角",
              "Time": "07:28"
            },
            {
              "Dst": "南勢角",
              "Time": "07:37"
            },
            {
              "Dst": "南勢角",
              "Time": "07:47"
            },
            {
              "Dst": "南勢角",
              "Time": "07:57"
            },
            {
              "Dst": "南勢角",
              "Time": "08:06"
            },
            {
              "Dst": "南勢角",
              "Time": "08:16"
            },
            {
              "Dst": "南勢角",
              "Time": "08:25"
            },
            {
              "Dst": "南勢角",
              "Time": "08:35"
            },
            {
              "Dst": "南勢角",
              "Time": "08:44"
            },
            {
              "Dst": "南勢角",
              "Time": "08:53"
            },
            {
              "Dst": "南勢角",
              "Time": "09:02"
            },
            {
              "Dst": "南勢角",
              "Time": "09:10"
            },
            {
              "Dst": "南勢角",
              "Time": "09:19"
            },
            {
              "Dst": "南勢角",
              "Time": "09:27"
            },
            {
              "Dst": "南勢角",
              "Time": "09:35"
            },
            {
              "Dst": "南勢角",
              "Time": "09:43"
            },
            {
              "Dst": "南勢角",
              "Time": "09:52"
            },
            {
              "Dst": "南勢角",
              "Time": "10:01"
            },
            {
              "Dst": "南勢角",
              "Time": "10:09"
            },
            {
              "Dst": "南勢角",
              "Time": "10:17"
            },
            {
              "Dst": "南勢角",
              "Time": "10:26"
            },
            {
              "Dst": "南勢角",
              "Time": "10:34"
            },
            {
              "Dst": "南勢角",
              "Time": "10:43"
            },
            {
              "Dst": "南勢角",
              "Time": "10:51"
            },
            {
              "Dst": "南勢角",
              "Time": "11:00"
            },
            {
              "Dst": "南勢角",
              "Time": "11:08"
            },
            {
              "Dst": "南勢角",
              "Time": "11:17"
            },
            {
              "Dst": "南勢角",
              "Time": "11:25"
            },
            {
              "Dst": "南勢角",
              "Time": "11:34"
            },
            {
              "Dst": "南勢角",
              "Time": "11:42"
            },
            {
              "Dst": "南勢角",
              "Time": "11:51"
            },
            {
              "Dst": "南勢角",
              "Time": "11:59"
            },
            {
              "Dst": "南勢角",
              "Time": "12:08"
            },
            {
              "Dst": "南勢角",
              "Time": "12:16"
            },
            {
              "Dst": "南勢角",
              "Time": "12:25"
            },
            {
              "Dst": "南勢角",
              "Time": "12:33"
            },
            {
              "Dst": "南勢角",
              "Time": "12:42"
            },
            {
              "Dst": "南勢角",
              "Time": "12:50"
            },
            {
              "Dst": "南勢角",
              "Time": "12:59"
            },
            {
              "Dst": "南勢角",
              "Time": "13:07"
            },
            {
              "Dst": "南勢角",
              "Time": "13:16"
            },
            {
              "Dst": "南勢角",
              "Time": "13:24"
            },
            {
              "Dst": "南勢角",
              "Time": "13:33"
            },
            {
              "Dst": "南勢角",
              "Time": "13:41"
            },
            {
              "Dst": "南勢角",
              "Time": "13:50"
            },
            {
              "Dst": "南勢角",
              "Time": "13:58"
            },
            {
              "Dst": "南勢角",
              "Time": "14:07"
            },
            {
              "Dst": "南勢角",
              "Time": "14:15"
            },
            {
              "Dst": "南勢角",
              "Time": "14:24"
            },
            {
              "Dst": "南勢角",
              "Time": "14:32"
            },
            {
              "Dst": "南勢角",
              "Time": "14:41"
            },
            {
              "Dst": "南勢角",
              "Time": "14:49"
            },
            {
              "Dst": "南勢角",
              "Time": "14:58"
            },
            {
              "Dst": "南勢角",
              "Time": "15:06"
            },
            {
              "Dst": "南勢角",
              "Time": "15:15"
            },
            {
              "Dst": "南勢角",
              "Time": "15:23"
            },
            {
              "Dst": "南勢角",
              "Time": "15:32"
            },
            {
              "Dst": "南勢角",
              "Time": "15:40"
            },
            {
              "Dst": "南勢角",
              "Time": "15:49"
            },
            {
              "Dst": "南勢角",
              "Time": "15:57"
            },
            {
              "Dst": "南勢角",
              "Time": "16:06"
            },
            {
              "Dst": "南勢角",
              "Time": "16:14"
            },
            {
              "Dst": "南勢角",
              "Time": "16:23"
            },
            {
              "Dst": "南勢角",
              "Time": "16:31"
            },
            {
              "Dst": "南勢角",
              "Time": "16:40"
            },
            {
              "Dst": "南勢角",
              "Time": "16:48"
            },
            {
              "Dst": "南勢角",
              "Time": "16:57"
            },
            {
              "Dst": "南勢角",
              "Time": "17:05"
            },
            {
              "Dst": "南勢角",
              "Time": "17:14"
            },
            {
              "Dst": "南勢角",
              "Time": "17:22"
            },
            {
              "Dst": "南勢角",
              "Time": "17:31"
            },
            {
              "Dst": "南勢角",
              "Time": "17:39"
            },
            {
              "Dst": "南勢角",
              "Time": "17:48"
            },
            {
              "Dst": "南勢角",
              "Time": "17:56"
            },
            {
              "Dst": "南勢角",
              "Time": "18:05"
            },
            {
              "Dst": "南勢角",
              "Time": "18:13"
            },
            {
              "Dst": "南勢角",
              "Time": "18:22"
            },
            {
              "Dst": "南勢角",
              "Time": "18:30"
            },
            {
              "Dst": "南勢角",
              "Time": "18:39"
            },
            {
              "Dst": "南勢角",
              "Time": "18:47"
            },
            {
              "Dst": "南勢角",
              "Time": "18:56"
            },
            {
              "Dst": "南勢角",
              "Time": "19:04"
            },
            {
              "Dst": "南勢角",
              "Time": "19:13"
            },
            {
              "Dst": "南勢角",
              "Time": "19:23"
            },
            {
              "Dst": "南勢角",
              "Time": "19:32"
            },
            {
              "Dst": "南勢角",
              "Time": "19:42"
            },
            {
              "Dst": "南勢角",
              "Time": "19:51"
            },
            {
              "Dst": "南勢角",
              "Time": "20:01"
            },
            {
              "Dst": "南勢角",
              "Time": "20:10"
            },
            {
              "Dst": "南勢角",
              "Time": "20:20"
            },
            {
              "Dst": "南勢角",
              "Time": "20:29"
            },
            {
              "Dst": "南勢角",
              "Time": "20:39"
            },
            {
              "Dst": "南勢角",
              "Time": "20:48"
            },
            {
              "Dst": "南勢角",
              "Time": "20:58"
            },
            {
              "Dst": "南勢角",
              "Time": "21:08"
            },
            {
              "Dst": "南勢角",
              "Time": "21:17"
            },
            {
              "Dst": "南勢角",
              "Time": "21:27"
            },
            {
              "Dst": "南勢角",
              "Time": "21:36"
            },
            {
              "Dst": "南勢角",
              "Time": "21:46"
            },
            {
              "Dst": "南勢角",
              "Time": "21:55"
            },
            {
              "Dst": "南勢角",
              "Time": "22:05"
            },
            {
              "Dst": "南勢角",
              "Time": "22:14"
            },
            {
              "Dst": "南勢角",
              "Time": "22:24"
            },
            {
              "Dst": "南勢角",
              "Time": "22:33"
            },
            {
              "Dst": "南勢角",
              "Time": "22:43"
            },
            {
              "Dst": "南勢角",
              "Time": "22:53"
            },
            {
              "Dst": "南勢角",
              "Time": "23:03"
            },
            {
              "Dst": "南勢角",
              "Time": "23:14"
            },
            {
              "Dst": "南勢角",
              "Time": "23:26"
            },
            {
              "Dst": "南勢角",
              "Time": "23:38"
            },
            {
              "Dst": "南勢角",
              "Time": "23:50"
            },
            {
              "Dst": "南勢角",
              "Time": "00:02"
            },
            {
              "Dst": "南勢角",
              "Time": "00:14"
            },
            {
              "Dst": "南勢角",
              "Time": "00:23"
            }
          ]
        }
      ]
    }
  ]
}