{
  "StationCode": "O16",
  "StationName": "先嗇宮",
  "Timetables": [
    {
      "Direction": "往O21迴龍站",
      "EffectiveFrom": "2017-08-01",
      "Schedule": [
        {
          "Days": "1,2,3,4,5",
          "Departures": [
            {
              "Dst": "迴龍",
              "Time": "06:04"
            },
            {
              "Dst": "迴龍",
              "Time": "06:15"
            },
            {
              "Dst": "迴龍",
              "Time": "06:24"
            },
            {
              "Dst": "迴龍",
              "Time": "06:33"
            },
            {
              "Dst": "迴龍",
              "Time": "06:40"
            },
            {
              "Dst": "迴龍",
              "Time": "06:45"
            },
            {
              "Dst": "迴龍",
              "Time": "06:49"
            },
            {
              "Dst": "迴龍",
              "Time": "06:56"
            },
            {
              "Dst": "迴龍",
              "Time": "07:04"
            },
            {
              "Dst": "迴龍",
              "Time": "07:08"
            },
            {
              "Dst": "迴龍",
              "Time": "07:12"
            },
            {
              "Dst": "迴龍",
              "Time": "07:20"
            },
            {
              "Dst": "迴龍",
              "Time": "07:24"
            },
            {
              "Dst": "迴龍",
              "Time": "07:28"
            },
            {
              "Dst": "迴龍",
              "Time": "07:36"
            },
            {
              "Dst": "迴龍",
              "Time": "07:40"
            },
            {
              "Dst": "迴龍",
              "Time": "07:44"
            },
            {
              "Dst": "迴龍",
              "Time": "07:51"
            },
            {
              "Dst": "迴龍",
              "Time": "07:57"
            },
            {
              "Dst": "迴龍",
              "Time": "08:03"
            },
            {
              "Dst": "迴龍",
              "Time": "08:09"
            },
            {
              "Dst": "迴龍",
              "Time": "08:15"
            },
            {
              "Dst": "迴龍",
              "Time": "08:21"
            },
            {
              "Dst": "迴龍",
              "Time": "08:27"
            },
            {
              "Dst": "迴龍",
              "Time": "08:33"
            },
            {
              "Dst": "迴龍",
              "Time": "08:39"
            },
            {
              "Dst": "迴龍",
              "Time": "08:45"
            },
            {
              "Dst": "迴龍",
              "Time": "08:51"
            },
            {
              "Dst": "迴龍",
              "Time": "08:57"
            },
            {
              "Dst": "迴龍",
              "Time": "09:02"
            },
            {
              "Dst": "迴龍",
              "Time": "09:08"
            },
            {
              "Dst": "迴龍",
              "Time": "09:13"
            },
            {
              "Dst": "迴龍",
              "Time": "09:18"
            },
            {
              "Dst": "迴龍",
              "Time": "09:23"
            },
            {
              "Dst": "迴龍",
              "Time": "09:28"
            },
            {
              "Dst": "迴龍",
              "Time": "09:33"
            },
            {
              "Dst": "迴龍",
              "Time": "09:38"
            },
            {
              "Dst": "迴龍",
              "Time": "09:44"
            },
            {
              "Dst": "迴龍",
              "Time": "09:50"
            },
            {
              "Dst": "迴龍",
              "Time": "09:56"
            },
            {
              "Dst": "迴龍",
              "Time": "10:03"
            },
            {
              "Dst": "迴龍",
              "Time": "10:11"
            },
            {
              "Dst": "迴龍",
              "Time": "10:19"
            },
            {
              "Dst": "迴龍",
              "Time": "10:27"
            },
            {
              "Dst": "迴龍",
              "Time": "10:35"
            },
            {
              "Dst": "迴龍",
              "Time": "10:44"
            },
            {
              "Dst": "迴龍",
              "Time": "10:52"
            },
            {
              "Dst": "迴龍",
              "Time": "11:01"
            },
            {
              "Dst": "迴龍",
              "Time": "11:09"
            },
            {
              "Dst": "迴龍",
              "Time": "11:18"
            },
            {
              "Dst": "迴龍",
              "Time": "11:26"
            },
            {
              "Dst": "迴龍",
              "Time": "11:35"
            },
            {
              "Dst": "迴龍",
              "Time": "11:43"
            },
            {
              "Dst": "迴龍",
              "Time": "11:52"
            },
            {
              "Dst": "迴龍",
              "Time": "12:00"
            },
            {
              "Dst": "迴龍",
              "Time": "12:09"
            },
            {
              "Dst": "迴龍",
              "Time": "12:17"
            },
            {
              "Dst": "迴龍",
              "Time": "12:26"
            },
            {
              "Dst": "迴龍",
              "Time": "12:34"
            },
            {
              "Dst": "迴龍",
              "Time": "12:43"
            },
            {
              "Dst": "迴龍",
              "Time": "12:51"
            },
            {
              "Dst": "迴龍",
              "Time": "13:00"
            },
            {
              "Dst": "迴龍",
              "Time": "13:08"
            },
            {
              "Dst": "迴龍",
              "Time": "13:17"
            },
            {
              "Dst": "迴龍",
              "Time": "13:25"
            },
            {
              "Dst": "迴龍",
              "Time": "13:34"
            },
            {
              "Dst": "迴龍",
              "Time": "13:42"
            },
            {
              "Dst": "迴龍",
              "Time": "13:51"
            },
            {
              "Dst": "迴龍",
              "Time": "13:59"
            },
            {
              "Dst": "迴龍",
              "Time": "14:08"
            },
            {
              "Dst": "迴龍",
              "Time": "14:16"
            },
            {
              "Dst": "迴龍",
              "Time": "14:25"
            },
            {
              "Dst": "迴龍",
              "Time": "14:33"
            },
            {
              "Dst": "迴龍",
              "Time": "14:42"
            },
            {
              "Dst": "迴龍",
              "Time": "14:50"
            },
            {
              "Dst": "迴龍",
              "Time": "14:59"
            },
            {
              "Dst": "迴龍",
              "Time": "15:07"
            },
            {
              "Dst": "迴龍",
              "Time": "15:16"
            },
            {
              "Dst": "迴龍",
              "Time": "15:24"
            },
            {
              "Dst": "迴龍",
              "Time": "15:33"
            },
            {
              "Dst": "迴龍",
              "Time": "15:41"
            },
            {
              "Dst": "迴龍",
              "Time": "15:50"
            },
            {
              "Dst": "迴龍",
              "Time": "15:58"
            },
            {
              "Dst": "迴龍",
              "Time": "16:06"
            },
            {
              "Dst": "迴龍",
              "Time": "16:14"
            },
            {
              "Dst": "迴龍",
              "Time": "16:22"
            },
            {
              "Dst": "迴龍",
              "Time": "16:31"
            },
            {
              "Dst": "迴龍",
              "Time": "16:39"
            },
            {
              "Dst": "迴龍",
              "Time": "16:45"
            },
            {
              "Dst": "迴龍",
              "Time": "16:48"
            },
            {
              "Dst": "迴龍",
              "Time": "16:56"
            },
            {
              "Dst": "迴龍",
              "Time": "17:05"
            },
            {
              "Dst": "迴龍",
              "Time": "17:10"
            },
            {
              "Dst": "迴龍",
              "Time": "17:13"
            },
            {
              "Dst": "迴龍",
              "Time": "17:22"
            },
            {
              "Dst": "迴龍",
              "Time": "17:30"
            },
            {
              "Dst": "迴龍",
              "Time": "17:36"
            },
            {
              "Dst": "迴龍",
              "Time": "17:38"
            },
            {
              "Dst": "迴龍",
              "Time": "17:45"
            },
            {
              "Dst": "迴龍",
              "Time": "17:51"
            },
            {
              "Dst": "迴龍",
              "Time": "17:57"
            },
            {
              "Dst": "迴龍",
              "Time": "18:04"
            },
            {
              "Dst": "迴龍",
              "Time": "18:10"
            },
            {
              "Dst": "迴龍",
              "Time": "18:16"
            },
            {
              "Dst": "迴龍",
              "Time": "18:23"
            },
            {
              "Dst": "迴龍",
              "Time": "18:29"
            },
            {
              "Dst": "迴龍",
              "Time": "18:35"
            },
            {
              "Dst": "迴龍",
              "Time": "18:42"
            },
            {
              "Dst": "迴龍",
              "Time": "18:48"
            },
            {
              "Dst": "迴龍",
              "Time": "18:54"
            },
            {
              "Dst": "迴龍",
              "Time": "19:01"
            },
            {
              "Dst": "迴龍",
              "Time": "19:07"
            },
            {
              "Dst": "迴龍",
              "Time": "19:13"
            },
            {
              "Dst": "迴龍",
              "Time": "19:20"
            },
            {
              "Dst": "迴龍",
              "Time": "19:27"
            },
            {
              "Dst": "迴龍",
              "Time": "19:32"
            },
            {
              "Dst": "迴龍",
              "Time": "19:39"
            },
            {
              "Dst": "迴龍",
              "Time": "19:45"
            },
            {
              "Dst": "迴龍",
              "Time": "19:52"
            },
            {
              "Dst": "迴龍",
              "Time": "19:57"
            },
            {
              "Dst": "迴龍",
              "Time": "20:04"
            },
            {
              "Dst": "迴龍",
              "Time": "20:10"
            },
            {
              "Dst": "迴龍",
              "Time": "20:17"
            },
            {
              "Dst": "迴龍",
              "Time": "20:23"
            },
            {
              "Dst": "迴龍",
              "Time": "20:31"
            },
            {
              "Dst": "迴龍",
              "Time": "20:39"
            },
            {
              "Dst": "迴龍",
              "Time": "20:47"
            },
            {
              "Dst": "迴龍",
              "Time": "20:55"
            },
            {
              "Dst": "迴龍",
              "Time": "21:03"
            },
            {
              "Dst": "迴龍",
              "Time": "21:11"
            },
            {
              "Dst": "迴龍",
              "Time": "21:19"
            },
            {
              "Dst": "迴龍",
              "Time": "21:27"
            },
            {
              "Dst": "迴龍",
              "Time": "21:35"
            },
            {
              "Dst": "迴龍",
              "Time": "21:43"
            },
            {
              "Dst": "迴龍",
              "Time": "21:51"
            },
            {
              "Dst": "迴龍",
              "Time": "21:59"
            },
            {
              "Dst": "迴龍",
              "Time": "22:07"
            },
            {
              "Dst": "迴龍",
              "Time": "22:15"
            },
            {
              "Dst": "迴龍",
              "Time": "22:24"
            },
            {
              "Dst": "迴龍",
              "Time": "22:31"
            },
            {
              "Dst": "迴龍",
              "Time": "22:39"
            },
            {
              "Dst": "迴龍",
              "Time": "22:46"
            },
            {
              "Dst": "迴龍",
              "Time": "22:55"
            },
            {
              "Dst": "迴龍",
              "Time": "23:03"
            },
            {
              "Dst": "迴龍",
              "Time": "23:11"
            },
            {
              "Dst": "迴龍",
              "Time": "23:17"
            },
            {
              "Dst": "迴龍",
              "Time": "23:26"
            },
            {
              "Dst": "迴龍",
              "Time": "23:33"
            },
            {
              "Dst": "迴龍",
              "Time": "23:45"
            },
            {
              "Dst": "迴龍",
              "Time": "23:57"
            },
            {
              "Dst": "迴龍",
              "Time": "00:09"
            },
            {
              "Dst": "迴龍",
              "Time": "00:21"
            },
            {
              "Dst": "迴龍",
              "Time": "00:33"
            },
            {
              "Dst": "迴龍",
              "Time": "00:41"
            },
            {
              "Dst": "迴龍",
              "Time": "00:57"
            }
          ]
        },
        {
          "Days": "6",
          "Departures": [
            {
              "Dst": "迴龍",
              "Time": "06:04"
            },
            {
              "Dst": "迴龍",
              "Time": "06:14"
            },
            {
              "Dst": "迴龍",
              "Time": "06:24"
            },
            {
              "Dst": "迴龍",
              "Time": "06:33"
            },
            {
              "Dst": "迴龍",
              "Time": "06:41"
            },
            {
              "Dst": "迴龍",
              "Time": "06:51"
            },
            {
              "Dst": "迴龍",
              "Time": "07:01"
            },
            {
              "Dst": "迴龍",
              "Time": "07:10"
            },
            {
              "Dst": "迴龍",
              "Time": "07:19"
            },
            {
              "Dst": "迴龍",
              "Time": "07:29"
            },
            {
              "Dst": "迴龍",
              "Time": "07:38"
            },
            {
              "Dst": "迴龍",
              "Time": "07:48"
            },
            {
              "Dst": "迴龍",
              "Time": "07:58"
            },
            {
              "Dst": "迴龍",
              "Time": "08:07"
            },
            {
              "Dst": "迴龍",
              "Time": "08:17"
            },
            {
              "Dst": "迴龍",
              "Time": "08:26"
            },
            {
              "Dst": "迴龍",
              "Time": "08:36"
            },
            {
              "Dst": "迴龍",
              "Time": "08:45"
            },
            {
              "Dst": "迴龍",
              "Time": "08:55"
            },
            {
              "Dst": "迴龍",
              "Time": "09:01"
            },
            {
              "Dst": "迴龍",
              "Time": "09:04"
            },
            {
              "Dst": "迴龍",
              "Time": "09:14"
            },
            {
              "Dst": "迴龍",
              "Time": "09:23"
            },
            {
              "Dst": "迴龍",
              "Time": "09:33"
            },
            {
              "Dst": "迴龍",
              "Time": "09:43"
            },
            {
              "Dst": "迴龍",
              "Time": "09:49"
            },
            {
              "Dst": "迴龍",
              "Time": "09:54"
            },
            {
              "Dst": "迴龍",
              "Time": "10:03"
            },
            {
              "Dst": "迴龍",
              "Time": "10:12"
            },
            {
              "Dst": "迴龍",
              "Time": "10:21"
            },
            {
              "Dst": "迴龍",
              "Time": "10:31"
            },
            {
              "Dst": "迴龍",
              "Time": "10:39"
            },
            {
              "Dst": "迴龍",
              "Time": "10:48"
            },
            {
              "Dst": "迴龍",
              "Time": "10:56"
            },
            {
              "Dst": "迴龍",
              "Time": "11:05"
            },
            {
              "Dst": "迴龍",
              "Time": "11:13"
            },
            {
              "Dst": "迴龍",
              "Time": "11:22"
            },
            {
              "Dst": "迴龍",
              "Time": "11:30"
            },
            {
              "Dst": "迴龍",
              "Time": "11:39"
            },
            {
              "Dst": "迴龍",
              "Time": "11:47"
            },
            {
              "Dst": "迴龍",
              "Time": "11:56"
            },
            {
              "Dst": "迴龍",
              "Time": "12:04"
            },
            {
              "Dst": "迴龍",
              "Time": "12:13"
            },
            {
              "Dst": "迴龍",
              "Time": "12:21"
            },
            {
              "Dst": "迴龍",
              "Time": "12:30"
            },
            {
              "Dst": "迴龍",
              "Time": "12:38"
            },
            {
              "Dst": "迴龍",
              "Time": "12:47"
            },
            {
              "Dst": "迴龍",
              "Time": "12:55"
            },
            {
              "Dst": "迴龍",
              "Time": "13:04"
            },
            {
              "Dst": "迴龍",
              "Time": "13:12"
            },
            {
              "Dst": "迴龍",
              "Time": "13:21"
            },
            {
              "Dst": "迴龍",
              "Time": "13:29"
            },
            {
              "Dst": "迴龍",
              "Time": "13:38"
            },
            {
              "Dst": "迴龍",
              "Time": "13:46"
            },
            {
              "Dst": "迴龍",
              "Time": "13:55"
            },
            {
              "Dst": "迴龍",
              "Time": "14:03"
            },
            {
              "Dst": "迴龍",
              "Time": "14:12"
            },
            {
              "Dst": "迴龍",
              "Time": "14:20"
            },
            {
              "Dst": "迴龍",
              "Time": "14:29"
            },
            {
              "Dst": "迴龍",
              "Time": "14:37"
            },
            {
              "Dst": "迴龍",
              "Time": "14:46"
            },
            {
              "Dst": "迴龍",
              "Time": "14:54"
            },
            {
              "Dst": "迴龍",
              "Time": "15:03"
            },
            {
              "Dst": "迴龍",
              "Time": "15:11"
            },
            {
              "Dst": "迴龍",
              "Time": "15:20"
            },
            {
              "Dst": "迴龍",
              "Time": "15:28"
            },
            {
              "Dst": "迴龍",
              "Time": "15:37"
            },
            {
              "Dst": "迴龍",
              "Time": "15:45"
            },
            {
              "Dst": "迴龍",
              "Time": "15:54"
            },
            {
              "Dst": "迴龍",
              "Time": "16:02"
            },
            {
              "Dst": "迴龍",
              "Time": "16:11"
            },
            {
              "Dst": "迴龍",
              "Time": "16:19"
            },
            {
              "Dst": "迴龍",
              "Time": "16:28"
            },
            {
              "Dst": "迴龍",
              "Time": "16:36"
            },
            {
              "Dst": "迴龍",
              "Time": "16:45"
            },
            {
              "Dst": "迴龍",
              "Time": "16:53"
            },
            {
              "Dst": "迴龍",
              "Time": "17:02"
            },
            {
              "Dst": "迴龍",
              "Time": "17:10"
            },
            {
              "Dst": "迴龍",
              "Time": "17:19"
            },
            {
              "Dst": "迴龍",
              "Time": "17:27"
            },
            {
              "Dst": "迴龍",
              "Time": "17:36"
            },
            {
              "Dst": "迴龍",
              "Time": "17:44"
            },
            {
              "Dst": "迴龍",
              "Time": "17:53"
            },
            {
              "Dst": "迴龍",
              "Time": "18:01"
            },
            {
              "Dst": "迴龍",
              "Time": "18:10"
            },
            {
              "Dst": "迴龍",
              "Time": "18:18"
            },
            {
              "Dst": "迴龍",
              "Time": "18:27"
            },
            {
              "Dst": "迴龍",
              "Time": "18:35"
            },
            {
              "Dst": "迴龍",
              "Time": "18:44"
            },
            {
              "Dst": "迴龍",
              "Time": "18:52"
            },
            {
              "Dst": "迴龍",
              "Time": "19:01"
            },
            {
              "Dst": "迴龍",
              "Time": "19:09"
            },
            {
              "Dst": "迴龍",
              "Time": "19:18"
            },
            {
              "Dst": "迴龍",
              "Time": "19:26"
            },
            {
              "Dst": "迴龍",
              "Time": "19:35"
            },
            {
              "Dst": "迴龍",
              "Time": "19:43"
            },
            {
              "Dst": "迴龍",
              "Time": "19:52"
            },
            {
              "Dst": "迴龍",
              "Time": "20:00"
            },
            {
              "Dst": "迴龍",
              "Time": "20:09"
            },
            {
              "Dst": "迴龍",
              "Time": "20:17"
            },
            {
              "Dst": "迴龍",
              "Time": "20:26"
            },
            {
              "Dst": "迴龍",
              "Time": "20:35"
            },
            {
              "Dst": "迴龍",
              "Time": "20:42"
            },
            {
              "Dst": "迴龍",
              "Time": "20:50"
            },
            {
              "Dst": "迴龍",
              "Time": "20:59"
            },
            {
              "Dst": "迴龍",
              "Time": "21:08"
            },
            {
              "Dst": "迴龍",
              "Time": "21:18"
            },
            {
              "Dst": "迴龍",
              "Time": "21:27"
            },
            {
              "Dst": "迴龍",
              "Time": "21:37"
            },
            {
              "Dst": "迴龍",
              "Time": "21:47"
            },
            {
              "Dst": "迴龍",
              "Time": "21:56"
            },
            {
              "Dst": "迴龍",
              "Time": "22:06"
            },
            {
              "Dst": "迴龍",
              "Time": "22:15"
            },
            {
              "Dst": "迴龍",
              "Time": "22:25"
            },
            {
              "Dst": "迴龍",
              "Time": "22:34"
            },
            {
              "Dst": "迴龍",
              "Time": "22:44"
            },
            {
              "Dst": "迴龍",
              "Time": "22:54"
            },
            {
              "Dst": "迴龍",
              "Time": "23:03"
            },
            {
              "Dst": "迴龍",
              "Time": "23:11"
            },
            {
              "Dst": "迴龍",
              "Time": "23:22"
            },
            {
              "Dst": "迴龍",
              "Time": "23:33"
            },
            {
              "Dst": "迴龍",
              "Time": "23:45"
            },
            {
              "Dst": "迴龍",
              "Time": "23:57"
            },
            {
              "Dst": "迴龍",
              "Time": "00:09"
            },
            {
              "Dst": "迴龍",
              "Time": "00:21"
            },
            {
              "Dst": "迴龍",
              "Time": "00:33"
            },
            {
              "Dst": "迴龍",
              "Time": "00:41"
            },
            {
              "Dst": "迴龍",
              "Time": "00:57"
            }
          ]
        },
        {
          "Days": "7",
          "Departures": [
            {
              "Dst": "迴龍",
              "Time": "06:04"
            },
            {
              "Dst": "迴龍",
              "Time": "06:14"
            },
            {
              "Dst": "迴龍",
              "Time": "06:24"
            },
            {
              "Dst": "迴龍",
              "Time": "06:33"
            },
            {
              "Dst": "迴龍",
              "Time": "06:41"
            },
            {
              "Dst": "迴龍",
              "Time": "06:51"
            },
            {
              "Dst": "迴龍",
              "Time": "07:01"
            },
            {
              "Dst": "迴龍",
              "Time": "07:10"
            },
            {
              "Dst": "迴龍",
              "Time": "07:19"
            },
            {
              "Dst": "迴龍",
              "Time": "07:29"
            },
            {
              "Dst": "迴龍",
              "Time": "07:38"
            },
            {
              "Dst": "迴龍",
              "Time": "07:48"
            },
            {
              "Dst": "迴龍",
              "Time": "07:58"
            },
            {
              "Dst": "迴龍",
              "Time": "08:07"
            },
            {
              "Dst": "迴龍",
              "Time": "08:17"
            },
            {
              "Dst": "迴龍",
              "Time": "08:26"
            },
            {
              "Dst": "迴龍",
              "Time": "08:36"
            },
            {
              "Dst": "迴龍",
              "Time": "08:45"
            },
            {
              "Dst": "迴龍",
              "Time": "08:55"
            },
            {
              "Dst": "迴龍",
              "Time": "09:01"
            },
            {
              "Dst": "迴龍",
              "Time": "09:04"
            },
            {
              "Dst": "迴龍",
              "Time": "09:14"
            },
            {
              "Dst": "迴龍",
              "Time": "09:23"
            },
            {
              "Dst": "迴龍",
              "Time": "09:33"
            },
            {
              "Dst": "迴龍",
              "Time": "09:43"
            },
            {
              "Dst": "迴龍",
              "Time": "09:49"
            },
            {
              "Dst": "迴龍",
              "Time": "09:54"
            },
            {
              "Dst": "迴龍",
              "Time": "10:03"
            },
            {
              "Dst": "迴龍",
              "Time": "10:12"
            },
            {
              "Dst": "迴龍",
              "Time": "10:21"
            },
            {
              "Dst": "迴龍",
              "Time": "10:31"
            },
            {
              "Dst": "迴龍",
              "Time": "10:39"
            },
            {
              "Dst": "迴龍",
              "Time": "10:48"
            },
            {
              "Dst": "迴龍",
              "Time": "10:56"
            },
            {
              "Dst": "迴龍",
              "Time": "11:05"
            },
            {
              "Dst": "迴龍",
              "Time": "11:13"
            },
            {
              "Dst": "迴龍",
              "Time": "11:22"
            },
            {
              "Dst": "迴龍",
              "Time": "11:30"
            },
            {
              "Dst": "迴龍",
              "Time": "11:39"
            },
            {
              "Dst": "迴龍",
              "Time": "11:47"
            },
            {
              "Dst": "迴龍",
              "Time": "11:56"
            },
            {
              "Dst": "迴龍",
              "Time": "12:04"
            },
            {
              "Dst": "迴龍",
              "Time": "12:13"
            },
            {
              "Dst": "迴龍",
              "Time": "12:21"
            },
            {
              "Dst": "迴龍",
              "Time": "12:30"
            },
            {
              "Dst": "迴龍",
              "Time": "12:38"
            },
            {
              "Dst": "迴龍",
              "Time": "12:47"
            },
            {
              "Dst": "迴龍",
              "Time": "12:55"
            },
            {
              "Dst": "迴龍",
              "Time": "13:04"
            },
            {
              "Dst": "迴龍",
              "Time": "13:12"
            },
            {
              "Dst": "迴龍",
              "Time": "13:21"
            },
            {
              "Dst": "迴龍",
              "Time": "13:29"
            },
            {
              "Dst": "迴龍",
              "Time": "13:38"
            },
            {
              "Dst": "迴龍",
              "Time": "13:46"
            },
            {
              "Dst": "迴龍",
              "Time": "13:55"
            },
            {
              "Dst": "迴龍",
              "Time": "14:03"
            },
            {
              "Dst": "迴龍",
              "Time": "14:12"
            },
            {
              "Dst": "迴龍",
              "Time": "14:20"
            },
            {
              "Dst": "迴龍",
              "Time": "14:29"
            },
            {
              "Dst": "迴龍",
              "Time": "14:37"
            },
            {
              "Dst": "迴龍",
              "Time": "14:46"
            },
            {
              "Dst": "迴龍",
              "Time": "14:54"
            },
            {
              "Dst": "迴龍",
              "Time": "15:03"
            },
            {
              "Dst": "迴龍",
              "Time": "15:11"
            },
            {
              "Dst": "迴龍",
              "Time": "15:20"
            },
            {
              "Dst": "迴龍",
              "Time": "15:28"
            },
            {
              "Dst": "迴龍",
              "Time": "15:37"
            },
            {
              "Dst": "迴龍",
              "Time": "15:45"
            },
            {
              "Dst": "迴龍",
              "Time": "15:54"
            },
            {
              "Dst": "迴龍",
              "Time": "16:02"
            },
            {
              "Dst": "迴龍",
              "Time": "16:11"
            },
            {
              "Dst": "迴龍",
              "Time": "16:19"
            },
            {
              "Dst": "迴龍",
              "Time": "16:28"
            },
            {
              "Dst": "迴龍",
              "Time": "16:36"
            },
            {
              "Dst": "迴龍",
              "Time": "16:45"
            },
            {
              "Dst": "迴龍",
              "Time": "16:53"
            },
            {
              "Dst": "迴龍",
              "Time": "17:02"
            },
            {
              "Dst": "迴龍",
              "Time": "17:10"
            },
            {
              "Dst": "迴龍",
              "Time": "17:19"
            },
            {
              "Dst": "迴龍",
              "Time": "17:27"
            },
            {
              "Dst": "迴龍",
              "Time": "17:36"
            },
            {
              "Dst": "迴龍",
              "Time": "17:44"
            },
            {
              "Dst": "迴龍",
              "Time": "17:53"
            },
            {
              "Dst": "迴龍",
              "Time": "18:01"
            },
            {
              "Dst": "迴龍",
              "Time": "18:10"
            },
            {
              "Dst": "迴龍",
              "Time": "18:18"
            },
            {
              "Dst": "迴龍",
              "Time": "18:27"
            },
            {
              "Dst": "迴龍",
              "Time": "18:35"
            },
            {
              "Dst": "迴龍",
              "Time": "18:44"
            },
            {
              "Dst": "迴龍",
              "Time": "18:52"
            },
            {
              "Dst": "迴龍",
              "Time": "19:01"
            },
            {
              "Dst": "迴龍",
              "Time": "19:09"
            },
            {
              "Dst": "迴龍",
              "Time": "19:18"
            },
            {
              "Dst": "迴龍",
              "Time": "19:26"
            },
            {
              "Dst": "迴龍",
              "Time": "19:35"
            },
            {
              "Dst": "迴龍",
              "Time": "19:43"
            },
            {
              "Dst": "迴龍",
              "Time": "19:52"
            },
            {
              "Dst": "迴龍",
              "Time": "20:00"
            },
            {
              "Dst": "迴龍",
              "Time": "20:09"
            },
            {
              "Dst": "迴龍",
              "Time": "20:17"
            },
            {
              "Dst": "迴龍",
              "Time": "20:26"
            },
            {
              "Dst": "迴龍",
              "Time": "20:35"
            },
            {
              "Dst": "迴龍",
              "Time": "20:42"
            },
            {
              "Dst": "迴龍",
              "Time": "20:50"
            },
            {
              "Dst": "迴龍",
              "Time": "20:59"
            },
            {
              "Dst": "迴龍",
              "Time": "21:08"
            },
            {
              "Dst": "迴龍",
              "Time": "21:18"
            },
            {
              "Dst": "迴龍",
              "Time": "21:27"
            },
            {
              "Dst": "迴龍",
              "Time": "21:37"
            },
            {
              "Dst": "迴龍",
              "Time": "21:47"
            },
            {
              "Dst": "迴龍",
              "Time": "21:56"
            },
            {
              "Dst": "迴龍",
              "Time": "22:06"
            },
            {
              "Dst": "迴龍",
              "Time": "22:15"
            },
            {
              "Dst": "迴龍",
              "Time": "22:25"
            },
            {
              "Dst": "迴龍",
              "Time": "22:34"
            },
            {
              "Dst": "迴龍",
              "Time": "22:44"
            },
            {
              "Dst": "迴龍",
              "Time": "22:54"
            },
            {
              "Dst": "迴龍",
              "Time": "23:03"
            },
            {
              "Dst": "迴龍",
              "Time": "23:11"
            },
            {
              "Dst": "迴龍",
              "Time": "23:22"
            },
            {
              "Dst": "迴龍",
              "Time": "23:33"
            },
            {
              "Dst": "迴龍",
              "Time": "23:45"
            },
            {
              "Dst": "迴龍",
              "Time": "23:57"
            },
            {
              "Dst": "迴龍",
              "Time": "00:09"
            },
            {
              "Dst": "迴龍",
              "Time": "00:21"
            },
            {
              "Dst": "迴龍",
              "Time": "00:33"
            },
            {
              "Dst": "迴龍",
              "Time": "00:41"
            },
            {
              "Dst": "迴龍",
              "Time": "00:57"
            }
          ]
        }
      ]
    },
    {
      "Direction": "往O01南勢角站",
      "EffectiveFrom": "2017-08-01",
      "Schedule": [
        {
          "Days": "1,2,3,4,5",
          "Departures": [
            {
              "Dst": "南勢角",
              "Time": "06:00"
            },
            {
              "Dst": "南勢角",
              "Time": "06:07"
            },
            {
              "Dst": "南勢角",
              "Time": "06:13"
            },
            {
              "Dst": "南勢角",
              "Time": "06:21"
            },
            {
              "Dst": "南勢角",
              "Time": "06:29"
            },
            {
              "Dst": "南勢角",
              "Time": "06:37"
            },
            {
              "Dst": "南勢角",
              "Time": "06:45"
            },
            {
              "Dst": "南勢角",
              "Time": "06:53"
            },
            {
              "Dst": "南勢角",
              "Time": "06:59"
            },
            {
              "Dst": "南勢角",
              "Time": "07:05"
            },
            {
              "Dst": "南勢角",
              "Time": "07:11"
            },
            {
              "Dst": "南勢角",
              "Time": "07:17"
            },
            {
              "Dst": "南勢角",
              "Time": "07:23"
            },
            {
              "Dst": "南勢角",
              "Time": "07:29"
            },
            {
              "Dst": "南勢角",
              "Time": "07:35"
            },
            {
              "Dst": "南勢角",
              "Time": "07:41"
            },
            {
              "Dst": "南勢角",
              "Time": "07:46"
            },
            {
              "Dst": "南勢角",
              "Time": "07:52"
            },
            {
              "Dst": "南勢角",
              "Time": "07:57"
            },
            {
              "Dst": "南勢角",
              "Time": "08:02"
            },
            {
              "Dst": "南勢角",
              "Time": "08:07"
            },
            {
              "Dst": "南勢角",
              "Time": "08:12"
            },
            {
              "Dst": "南勢角",
              "Time": "08:17"
            },
            {
              "Dst": "南勢角",
              "Time": "08:22"
            },
            {
              "Dst": "南勢角",
              "Time": "08:28"
            },
            {
              "Dst": "南勢角",
              "Time": "08:33"
            },
            {
              "Dst": "南勢角",
              "Time": "08:39"
            },
            {
              "Dst": "南勢角",
              "Time": "08:45"
            },
            {
              "Dst": "南勢角",
              "Time": "08:51"
            },
            {
              "Dst": "南勢角",
              "Time": "08:57"
            },
            {
              "Dst": "南勢角",
              "Time": "09:04"
            },
            {
              "Dst": "南勢角",
              "Time": "09:12"
            },
            {
              "Dst": "南勢角",
              "Time": "09:20"
            },
            {
              "Dst": "南勢角",
              "Time": "09:28"
            },
            {
              "Dst": "南勢角",
              "Time": "09:37"
            },
            {
              "Dst": "南勢角",
              "Time": "09:45"
            },
            {
              "Dst": "南勢角",
              "Time": "09:54"
            },
            {
              "Dst": "南勢角",
              "Time": "10:02"
            },
            {
              "Dst": "南勢角",
              "Time": "10:11"
            },
            {
              "Dst": "南勢角",
              "Time": "10:19"
            },
            {
              "Dst": "南勢角",
              "Time": "10:28"
            },
            {
              "Dst": "南勢角",
              "Time": "10:36"
            },
            {
              "Dst": "南勢角",
              "Time": "10:45"
            },
            {
              "Dst": "南勢角",
              "Time": "10:53"
            },
            {
              "Dst": "南勢角",
              "Time": "11:02"
            },
            {
              "Dst": "南勢角",
              "Time": "11:10"
            },
            {
              "Dst": "南勢角",
              "Time": "11:19"
            },
            {
              "Dst": "南勢角",
              "Time": "11:27"
            },
            {
              "Dst": "南勢角",
              "Time": "11:36"
            },
            {
              "Dst": "南勢角",
              "Time": "11:44"
            },
            {
              "Dst": "南勢角",
              "Time": "11:53"
            },
            {
              "Dst": "南勢角",
              "Time": "12:01"
            },
            {
              "Dst": "南勢角",
              "Time": "12:10"
            },
            {
              "Dst": "南勢角",
              "Time": "12:18"
            },
            {
              "Dst": "南勢角",
              "Time": "12:27"
            },
            {
              "Dst": "南勢角",
              "Time": "12:35"
            },
            {
              "Dst": "南勢角",
              "Time": "12:44"
            },
            {
              "Dst": "南勢角",
              "Time": "12:52"
            },
            {
              "Dst": "南勢角",
              "Time": "13:01"
            },
            {
              "Dst": "南勢角",
              "Time": "13:09"
            },
            {
              "Dst": "南勢角",
              "Time": "13:18"
            },
            {
              "Dst": "南勢角",
              "Time": "13:26"
            },
            {
              "Dst": "南勢角",
              "Time": "13:35"
            },
            {
              "Dst": "南勢角",
              "Time": "13:43"
            },
            {
              "Dst": "南勢角",
              "Time": "13:52"
            },
            {
              "Dst": "南勢角",
              "Time": "14:00"
            },
            {
              "Dst": "南勢角",
              "Time": "14:09"
            },
            {
              "Dst": "南勢角",
              "Time": "14:17"
            },
            {
              "Dst": "南勢角",
              "Time": "14:26"
            },
            {
              "Dst": "南勢角",
              "Time": "14:34"
            },
            {
              "Dst": "南勢角",
              "Time": "14:43"
            },
            {
              "Dst": "南勢角",
              "Time": "14:51"
            },
            {
              "Dst": "南勢角",
              "Time": "15:00"
            },
            {
              "Dst": "南勢角",
              "Time": "15:08"
            },
            {
              "Dst": "南勢角",
              "Time": "15:17"
            },
            {
              "Dst": "南勢角",
              "Time": "15:25"
            },
            {
              "Dst": "南勢角",
              "Time": "15:34"
            },
            {
              "Dst": "南勢角",
              "Time": "15:42"
            },
            {
              "Dst": "南勢角",
              "Time": "15:51"
            },
            {
              "Dst": "南勢角",
              "Time": "15:59"
            },
            {
              "Dst": "南勢角",
              "Time": "16:08"
            },
            {
              "Dst": "南勢角",
              "Time": "16:16"
            },
            {
              "Dst": "南勢角",
              "Time": "16:24"
            },
            {
              "Dst": "南勢角",
              "Time": "16:32"
            },
            {
              "Dst": "南勢角",
              "Time": "16:38"
            },
            {
              "Dst": "南勢角",
              "Time": "16:45"
            },
            {
              "Dst": "南勢角",
              "Time": "16:51"
            },
            {
              "Dst": "南勢角",
              "Time": "16:57"
            },
            {
              "Dst": "南勢角",
              "Time": "17:04"
            },
            {
              "Dst": "南勢角",
              "Time": "17:10"
            },
            {
              "Dst": "南勢角",
              "Time": "17:16"
            },
            {
              "Dst": "南勢角",
              "Time": "17:23"
            },
            {
              "Dst": "南勢角",
              "Time": "17:29"
            },
            {
              "Dst": "南勢角",
              "Time": "17:35"
            },
            {
              "Dst": "南勢角",
              "Time": "17:42"
            },
            {
              "Dst": "南勢角",
              "Time": "17:48"
            },
            {
              "Dst": "南勢角",
              "Time": "17:54"
            },
            {
              "Dst": "南勢角",
              "Time": "18:01"
            },
            {
              "Dst": "南勢角",
              "Time": "18:07"
            },
            {
              "Dst": "南勢角",
              "Time": "18:13"
            },
            {
              "Dst": "南勢角",
              "Time": "18:20"
            },
            {
              "Dst": "南勢角",
              "Time": "18:26"
            },
            {
              "Dst": "南勢角",
              "Time": "18:32"
            },
            {
              "Dst": "南勢角",
              "Time": "18:39"
            },
            {
              "Dst": "南勢角",
              "Time": "18:45"
            },
            {
              "Dst": "南勢角",
              "Time": "18:51"
            },
            {
              "Dst": "南勢角",
              "Time": "18:58"
            },
            {
              "Dst": "南勢角",
              "Time": "19:04"
            },
            {
              "Dst": "南勢角",
              "Time": "19:10"
            },
            {
              "Dst": "南勢角",
              "Time": "19:17"
            },
            {
              "Dst": "南勢角",
              "Time": "19:24"
            },
            {
              "Dst": "南勢角",
              "Time": "19:32"
            },
            {
              "Dst": "南勢角",
              "Time": "19:40"
            },
            {
              "Dst": "南勢角",
              "Time": "19:48"
            },
            {
              "Dst": "南勢角",
              "Time": "19:56"
            },
            {
              "Dst": "南勢角",
              "Time": "20:04"
            },
            {
              "Dst": "南勢角",
              "Time": "20:12"
            },
            {
              "Dst": "南勢角",
              "Time": "20:20"
            },
            {
              "Dst": "南勢角",
              "Time": "20:28"
            },
            {
              "Dst": "南勢角",
              "Time": "20:36"
            },
            {
              "Dst": "南勢角",
              "Time": "20:44"
            },
            {
              "Dst": "南勢角",
              "Time": "20:52"
            },
            {
              "Dst": "南勢角",
              "Time": "21:00"
            },
            {
              "Dst": "南勢角",
              "Time": "21:08"
            },
            {
              "Dst": "南勢角",
              "Time": "21:16"
            },
            {
              "Dst": "南勢角",
              "Time": "21:24"
            },
            {
              "Dst": "南勢角",
              "Time": "21:32"
            },
            {
              "Dst": "南勢角",
              "Time": "21:40"
            },
            {
              "Dst": "南勢角",
              "Time": "21:48"
            },
            {
              "Dst": "南勢角",
              "Time": "21:56"
            },
            {
              "Dst": "南勢角",
              "Time": "22:04"
            },
            {
              "Dst": "南勢角",
              "Time": "22:12"
            },
            {
              "Dst": "南勢角",
              "Time": "22:20"
            },
            {
              "Dst": "南勢角",
              "Time": "22:28"
            },
            {
              "Dst": "南勢角",
              "Time": "22:37"
            },
            {
              "Dst": "南勢角",
              "Time": "22:46"
            },
            {
              "Dst": "南勢角",
              "Time": "22:50"
            },
            {
              "Dst": "南勢角",
              "Time": "23:00"
            },
            {
              "Dst": "南勢角",
              "Time": "23:11"
            },
            {
              "Dst": "南勢角",
              "Time": "23:23"
            },
            {
              "Dst": "南勢角",
              "Time": "23:35"
            },
            {
              "Dst": "南勢角",
              "Time": "23:47"
            },
            {
              "Dst": "南勢角",
              "Time": "23:59"
            },
            {
              "Dst": "南勢角",
              "Time": "00:12"
            }
          ]
        },
        {
          "Days": "6",
          "Departures": [
            {
              "Dst": "南勢角",
              "Time": "06:00"
            },
            {
              "Dst": "南勢角",
              "Time": "06:07"
            },
            {
              "Dst": "南勢角",
              "Time": "06:13"
            },
            {
              "Dst": "南勢角",
              "Time": "06:21"
            },
            {
              "Dst": "南勢角",
              "Time": "06:29"
            },
            {
              "Dst": "南勢角",
              "Time": "06:38"
            },
            {
              "Dst": "南勢角",
              "Time": "06:47"
            },
            {
              "Dst": "南勢角",
              "Time": "06:56"
            },
            {
              "Dst": "南勢角",
              "Time": "07:06"
            },
            {
              "Dst": "南勢角",
              "Time": "07:16"
            },
            {
              "Dst": "南勢角",
              "Time": "07:25"
            },
            {
              "Dst": "南勢角",
              "Time": "07:35"
            },
            {
              "Dst": "南勢角",
              "Time": "07:44"
            },
            {
              "Dst": "南勢角",
              "Time": "07:54"
            },
            {
              "Dst": "南勢角",
              "Time": "08:03"
            },
            {
              "Dst": "南勢角",
              "Time": "08:13"
            },
            {
              "Dst": "南勢角",
              "Time": "08:23"
            },
            {
              "Dst": "南勢角",
              "Time": "08:32"
            },
            {
              "Dst": "南勢角",
              "Time": "08:42"
            },
            {
              "Dst": "南勢角",
              "Time": "08:50"
            },
            {
              "Dst": "南勢角",
              "Time": "08:59"
            },
            {
              "Dst": "南勢角",
              "Time": "09:07"
            },
            {
              "Dst": "南勢角",
              "Time": "09:16"
            },
            {
              "Dst": "南勢角",
              "Time": "09:24"
            },
            {
              "Dst": "南勢角",
              "Time": "09:32"
            },
            {
              "Dst": "南勢角",
              "Time": "09:40"
            },
            {
              "Dst": "南勢角",
              "Time": "09:49"
            },
            {
              "Dst": "南勢角",
              "Time": "09:58"
            },
            {
              "Dst": "南勢角",
              "Time": "10:06"
            },
            {
              "Dst": "南勢角",
              "Time": "10:14"
            },
            {
              "Dst": "南勢角",
              "Time": "10:23"
            },
            {
              "Dst": "南勢角",
              "Time": "10:31"
            },
            {
              "Dst": "南勢角",
              "Time": "10:40"
            },
            {
              "Dst": "南勢角",
              "Time": "10:48"
            },
            {
              "Dst": "南勢角",
              "Time": "10:57"
            },
            {
              "Dst": "南勢角",
              "Time": "11:05"
            },
            {
              "Dst": "南勢角",
              "Time": "11:14"
            },
            {
              "Dst": "南勢角",
              "Time": "11:22"
            },
            {
              "Dst": "南勢角",
              "Time": "11:31"
            },
            {
              "Dst": "南勢角",
              "Time": "11:39"
            },
            {
              "Dst": "南勢角",
              "Time": "11:48"
            },
            {
              "Dst": "南勢角",
              "Time": "11:56"
            },
            {
              "Dst": "南勢角",
              "Time": "12:05"
            },
            {
              "Dst": "南勢角",
              "Time": "12:13"
            },
            {
              "Dst": "南勢角",
              "Time": "12:22"
            },
            {
              "Dst": "南勢角",
              "Time": "12:30"
            },
            {
              "Dst": "南勢角",
              "Time": "12:39"
            },
            {
              "Dst": "南勢角",
              "Time": "12:47"
            },
            {
              "Dst": "南勢角",
              "Time": "12:56"
            },
            {
              "Dst": "南勢角",
              "Time": "13:04"
            },
            {
              "Dst": "南勢角",
              "Time": "13:13"
            },
            {
              "Dst": "南勢角",
              "Time": "13:21"
            },
            {
              "Dst": "南勢角",
              "Time": "13:30"
            },
            {
              "Dst": "南勢角",
              "Time": "13:38"
            },
            {
              "Dst": "南勢角",
              "Time": "13:47"
            },
            {
              "Dst": "南勢角",
              "Time": "13:55"
            },
            {
              "Dst": "南勢角",
              "Time": "14:04"
            },
            {
              "Dst": "南勢角",
              "Time": "14:12"
            },
            {
              "Dst": "南勢角",
              "Time": "14:21"
            },
            {
              "Dst": "南勢角",
              "Time": "14:29"
            },
            {
              "Dst": "南勢角",
              "Time": "14:38"
            },
            {
              "Dst": "南勢角",
              "Time": "14:46"
            },
            {
              "Dst": "南勢角",
              "Time": "14:55"
            },
            {
              "Dst": "南勢角",
              "Time": "15:03"
            },
            {
              "Dst": "南勢角",
              "Time": "15:12"
            },
            {
              "Dst": "南勢角",
              "Time": "15:20"
            },
            {
              "Dst": "南勢角",
              "Time": "15:29"
            },
            {
              "Dst": "南勢角",
              "Time": "15:37"
            },
            {
              "Dst": "南勢角",
              "Time": "15:46"
            },
            {
              "Dst": "南勢角",
              "Time": "15:54"
            },
            {
              "Dst": "南勢角",
              "Time": "16:03"
            },
            {
              "Dst": "南勢角",
              "Time": "16:11"
            },
            {
              "Dst": "南勢角",
              "Time": "16:20"
            },
            {
              "Dst": "南勢角",
              "Time": "16:28"
            },
            {
              "Dst": "南勢角",
              "Time": "16:37"
            },
            {
              "Dst": "南勢角",
              "Time": "16:45"
            },
            {
              "Dst": "南勢角",
              "Time": "16:54"
            },
            {
              "Dst": "南勢角",
              "Time": "17:02"
            },
            {
              "Dst": "南勢角",
              "Time": "17:11"
            },
            {
              "Dst": "南勢角",
              "Time": "17:19"
            },
            {
              "Dst": "南勢角",
              "Time": "17:28"
            },
            {
              "Dst": "南勢角",
              "Time": "17:36"
            },
            {
              "Dst": "南勢角",
              "Time": "17:45"
            },
            {
              "Dst": "南勢角",
              "Time": "17:53"
            },
            {
              "Dst": "南勢角",
              "Time": "18:02"
            },
            {
              "Dst": "南勢角",
              "Time": "18:10"
            },
            {
              "Dst": "南勢角",
              "Time": "18:19"
            },
            {
              "Dst": "南勢角",
              "Time": "18:27"
            },
            {
              "Dst": "南勢角",
              "Time": "18:36"
            },
            {
              "Dst": "南勢角",
              "Time": "18:44"
            },
            {
              "Dst": "南勢角",
              "Time": "18:53"
            },
            {
              "Dst": "南勢角",
              "Time": "19:01"
            },
            {
              "Dst": "南勢角",
              "Time": "19:10"
            },
            {
              "Dst": "南勢角",
              "Time": "19:20"
            },
            {
              "Dst": "南勢角",
              "Time": "19:29"
            },
            {
              "Dst": "南勢角",
              "Time": "19:39"
            },
            {
              "Dst": "南勢角",
              "Time": "19:48"
            },
            {
              "Dst": "南勢角",
              "Time": "19:58"
            },
            {
              "Dst": "南勢角",
              "Time": "20:07"
            },
            {
              "Dst": "南勢角",
              "Time": "20:17"
            },
            {
              "Dst": "南勢角",
              "Time": "20:27"
            },
            {
              "Dst": "南勢角",
              "Time": "20:36"
            },
            {
              "Dst": "南勢角",
              "Time": "20:46"
            },
            {
              "Dst": "南勢角",
              "Time": "20:55"
            },
            {
              "Dst": "南勢角",
              "Time": "21:05"
            },
            {
              "Dst": "南勢角",
              "Time": "21:14"
            },
            {
              "Dst": "南勢角",
              "Time": "21:24"
            },
            {
              "Dst": "南勢角",
              "Time": "21:33"
            },
            {
              "Dst": "南勢角",
              "Time": "21:43"
            },
            {
              "Dst": "南勢角",
              "Time": "21:53"
            },
            {
              "Dst": "南勢角",
              "Time": "22:02"
            },
            {
              "Dst": "南勢角",
              "Time": "22:12"
            },
            {
              "Dst": "南勢角",
              "Time": "22:21"
            },
            {
              "Dst": "南勢角",
              "Time": "22:31"
            },
            {
              "Dst": "南勢角",
              "Time": "22:40"
            },
            {
              "Dst": "南勢角",
              "Time": "22:50"
            },
            {
              "Dst": "南勢角",
              "Time": "23:00"
            },
            {
              "Dst": "南勢角",
              "Time": "23:11"
            },
            {
              "Dst": "南勢角",
              "Time": "23:23"
            },
            {
              "Dst": "南勢角",
              "Time": "23:35"
            },
            {
              "Dst": "南勢角",
              "Time": "23:47"
            },
            {
              "Dst": "南勢角",
              "Time": "23:59"
            },
            {
              "Dst": "南勢角",
              "Time": "00:12"
            }
          ]
        },
        {
          "Days": "7",
          "Departures": [
            {
              "Dst": "南勢角",
              "Time": "06:00"
            },
            {
              "Dst": "南勢角",
              "Time": "06:07"
            },
            {
              "Dst": "南勢角",
              "Time": "06:13"
            },
            {
              "Dst": "南勢角",
              "Time": "06:21"
            },
            {
              "Dst": "南勢角",
              "Time": "06:29"
            },
            {
              "Dst": "南勢角",
              "Time": "06:38"
            },
            {
              "Dst": "南勢角",
              "Time": "06:47"
            },
            {
              "Dst": "南勢角",
              "Time": "06:56"
            },
            {
              "Dst": "南勢角",
              "Time": "07:06"
            },
            {
              "Dst": "南勢角",
              "Time": "07:16"
            },
            {
              "Dst": "南勢角",
              "Time": "07:25"
            },
            {
              "Dst": "南勢角",
              "Time": "07:35"
            },
            {
              "Dst": "南勢角",
              "Time": "07:44"
            },
            {
              "Dst": "南勢角",
              "Time": "07:54"
            },
            {
              "Dst": "南勢角",
              "Time": "08:03"
            },
            {
              "Dst": "南勢角",
              "Time": "08:13"
            },
            {
              "Dst": "南勢角",
              "Time": "08:23"
            },
            {
              "Dst": "南勢角",
              "Time": "08:32"
            },
            {
              "Dst": "南勢角",
              "Time": "08:42"
            },
            {
              "Dst": "南勢角",
              "Time": "08:50"
            },
            {
              "Dst": "南勢角",
              "Time": "08:59"
            },
            {
              "Dst": "南勢角",
              "Time": "09:07"
            },
            {
              "Dst": "南勢角",
              "Time": "09:16"
            },
            {
              "Dst": "南勢角",
              "Time": "09:24"
            },
            {
              "Dst": "南勢角",
              "Time": "09:32"
            },
            {
              "Dst": "南勢角",
              "Time": "09:40"
            },
            {
              "Dst": "南勢角",
              "Time": "09:49"
            },
            {
              "Dst": "南勢角",
              "Time": "09:58"
            },
            {
              "Dst": "南勢角",
              "Time": "10:06"
            },
            {
              "Dst": "南勢角",
              "Time": "10:14"
            },
            {
              "Dst": "南勢角",
              "Time": "10:23"
            },
            {
              "Dst": "南勢角",
              "Time": "10:31"
            },
            {
              "Dst": "南勢角",
              "Time": "10:40"
            },
            {
              "Dst": "南勢角",
              "Time": "10:48"
            },
            {
              "Dst": "南勢角",
              "Time": "10:57"
            },
            {
              "Dst": "南勢角",
              "Time": "11:05"
            },
            {
              "Dst": "南勢角",
              "Time": "11:14"
            },
            {
              "Dst": "南勢角",
              "Time": "11:22"
            },
            {
              "Dst": "南勢角",
              "Time": "11:31"
            },
            {
              "Dst": "南勢角",
              "Time": "11:39"
            },
            {
              "Dst": "南勢角",
              "Time": "11:48"
            },
            {
              "Dst": "南勢角",
              "Time": "11:56"
            },
            {
              "Dst": "南勢角",
              "Time": "12:05"
            },
            {
              "Dst": "南勢角",
              "Time": "12:13"
            },
            {
              "Dst": "南勢角",
              "Time": "12:22"
            },
            {
              "Dst": "南勢角",
              "Time": "12:30"
            },
            {
              "Dst": "南勢角",
              "Time": "12:39"
            },
            {
              "Dst": "南勢角",
              "Time": "12:47"
            },
            {
              "Dst": "南勢角",
              "Time": "12:56"
            },
            {
              "Dst": "南勢角",
              "Time": "13:04"
            },
            {
              "Dst": "南勢角",
              "Time": "13:13"
            },
            {
              "Dst": "南勢角",
              "Time": "13:21"
            },
            {
              "Dst": "南勢角",
              "Time": "13:30"
            },
            {
              "Dst": "南勢角",
              "Time": "13:38"
            },
            {
              "Dst": "南勢角",
              "Time": "13:47"
            },
            {
              "Dst": "南勢角",
              "Time": "13:55"
            },
            {
              "Dst": "南勢角",
              "Time": "14:04"
            },
            {
              "Dst": "南勢角",
              "Time": "14:12"
            },
            {
              "Dst": "南勢角",
              "Time": "14:21"
            },
            {
              "Dst": "南勢角",
              "Time": "14:29"
            },
            {
              "Dst": "南勢角",
              "Time": "14:38"
            },
            {
              "Dst": "南勢角",
              "Time": "14:46"
            },
            {
              "Dst": "南勢角",
              "Time": "14:55"
            },
            {
              "Dst": "南勢角",
              "Time": "15:03"
            },
            {
              "Dst": "南勢角",
              "Time": "15:12"
            },
            {
              "Dst": "南勢角",
              "Time": "15:20"
            },
            {
              "Dst": "南勢角",
              "Time": "15:29"
            },
            {
              "Dst": "南勢角",
              "Time": "15:37"
            },
            {
              "Dst": "南勢角",
              "Time": "15:46"
            },
            {
              "Dst": "南勢角",
              "Time": "15:54"
            },
            {
              "Dst": "南勢角",
              "Time": "16:03"
            },
            {
              "Dst": "南勢角",
              "Time": "16:11"
            },
            {
              "Dst": "南勢角",
              "Time": "16:20"
            },
            {
              "Dst": "南勢角",
              "Time": "16:28"
            },
            {
              "Dst": "南勢角",
              "Time": "16:37"
            },
            {
              "Dst": "南勢角",
              "Time": "16:45"
            },
            {
              "Dst": "南勢角",
              "Time": "16:54"
            },
            {
              "Dst": "南勢角",
              "Time": "17:02"
            },
            {
              "Dst": "南勢角",
              "Time": "17:11"
            },
            {
              "Dst": "南勢角",
              "Time": "17:19"
            },
            {
              "Dst": "南勢角",
              "Time": "17:28"
            },
            {
              "Dst": "南勢角",
              "Time": "17:36"
            },
            {
              "Dst": "南勢角",
              "Time": "17:45"
            },
            {
              "Dst": "南勢角",
              "Time": "17:53"
            },
            {
              "Dst": "南勢角",
              "Time": "18:02"
            },
            {
              "Dst": "南勢角",
              "Time": "18:10"
            },
            {
              "Dst": "南勢角",
              "Time": "18:19"
            },
            {
              "Dst": "南勢角",
              "Time": "18:27"
            },
            {
              "Dst": "南勢角",
              "Time": "18:36"
            },
            {
              "Dst": "南勢角",
              "Time": "18:44"
            },
            {
              "Dst": "南勢角",
              "Time": "18:53"
            },
            {
              "Dst": "南勢角",
              "Time": "19:01"
            },
            {
              "Dst": "南勢角",
              "Time": "19:10"
            },
            {
              "Dst": "南勢角",
              "Time": "19:20"
            },
            {
              "Dst": "南勢角",
              "Time": "19:29"
            },
            {
              "Dst": "南勢角",
              "Time": "19:39"
            },
            {
              "Dst": "南勢角",
              "Time": "19:48"
            },
            {
              "Dst": "南勢角",
              "Time": "19:58"
            },
            {
              "Dst": "南勢角",
              "Time": "20:07"
            },
            {
              "Dst": "南勢角",
              "Time": "20:17"
            },
            {
              "Dst": "南勢角",
              "Time": "20:27"
            },
            {
              "Dst": "南勢角",
              "Time": "20:36"
            },
            {
              "Dst": "南勢角",
              "Time": "20:46"
            },
            {
              "Dst": "南勢角",
              "Time": "20:55"
            },
            {
              "Dst": "南勢角",
              "Time": "21:05"
            },
            {
              "Dst": "南勢角",
              "Time": "21:14"
            },
            {
              "Dst": "南勢角",
              "Time": "21:24"
            },
            {
              "Dst": "南勢角",
              "Time": "21:33"
            },
            {
              "Dst": "南勢角",
              "Time": "21:43"
            },
            {
              "Dst": "南勢角",
              "Time": "21:53"
            },
            {
              "Dst": "南勢角",
              "Time": "22:02"
            },
            {
              "Dst": "南勢角",
              "Time": "22:12"
            },
            {
              "Dst": "南勢角",
              "Time": "22:21"
            },
            {
              "Dst": "南勢角",
              "Time": "22:31"
            },
            {
              "Dst": "南勢角",
              "Time": "22:40"
            },
            {
              "Dst": "南勢角",
              "Time": "22:50"
            },
            {
              "Dst": "南勢角",
              "Time": "23:00"
            },
            {
              "Dst": "南勢角",
              "Time": "23:11"
            },
            {
              "Dst": "南勢角",
              "Time": "23:23"
            },
            {
              "Dst": "南勢角",
              "Time": "23:35"
            },
            {
              "Dst": "南勢角",
              "Time": "23:47"
            },
            {
              "Dst": "南勢角",
              "Time": "23:59"
            },
            {
              "Dst": "南勢角",
              "Time": "00:12"
            }
          ]
        }
      ]
    }
  ]
}