{
  "StationCode": "O17",
  "StationName": "頭前庄",
  "Timetables": [
    {
      "Direction": "往O21迴龍站",
      "EffectiveFrom": "2017-08-01",
      "Schedule": [
        {
          "Days": "1,2,3,4,5",
          "Departures": [
            {
              "Dst": "迴龍",
              "Time": "06:07"
            },
            {
              "Dst": "迴龍",
              "Time": "06:18"
            },
            {
              "Dst": "迴龍",
              "Time": "06:27"
            },
            {
              "Dst": "迴龍",
              "Time": "06:35"
            },
            {
              "Dst": "迴龍",
              "Time": "06:42"
            },
            {
              "Dst": "迴龍",
              "Time": "06:47"
            },
            {
              "Dst": "迴龍",
              "Time": "06:51"
            },
            {
              "Dst": "迴龍",
              "Time": "06:58"
            },
            {
              "Dst": "迴龍",
              "Time": "07:06"
            },
            {
              "Dst": "迴龍",
              "Time": "07:10"
            },
            {
              "Dst": "迴龍",
              "Time": "07:14"
            },
            {
              "Dst": "迴龍",
              "Time": "07:22"
            },
            {
              "Dst": "迴龍",
              "Time": "07:26"
            },
            {
              "Dst": "迴龍",
              "Time": "07:31"
            },
            {
              "Dst": "迴龍",
              "Time": "07:38"
            },
            {
              "Dst": "迴龍",
              "Time": "07:42"
            },
            {
              "Dst": "迴龍",
              "Time": "07:46"
            },
            {
              "Dst": "迴龍",
              "Time": "07:53"
            },
            {
              "Dst": "迴龍",
              "Time": "07:59"
            },
            {
              "Dst": "迴龍",
              "Time": "08:05"
            },
            {
              "Dst": "迴龍",
              "Time": "08:11"
            },
            {
              "Dst": "迴龍",
              "Time": "08:17"
            },
            {
              "Dst": "迴龍",
              "Time": "08:23"
            },
            {
              "Dst": "迴龍",
              "Time": "08:29"
            },
            {
              "Dst": "迴龍",
              "Time": "08:35"
            },
            {
              "Dst": "迴龍",
              "Time": "08:41"
            },
            {
              "Dst": "迴龍",
              "Time": "08:47"
            },
            {
              "Dst": "迴龍",
              "Time": "08:53"
            },
            {
              "Dst": "迴龍",
              "Time": "08:59"
            },
            {
              "Dst": "迴龍",
              "Time": "09:05"
            },
            {
              "Dst": "迴龍",
              "Time": "09:10"
            },
            {
              "Dst": "迴龍",
              "Time": "09:15"
            },
            {
              "Dst": "迴龍",
              "Time": "09:20"
            },
            {
              "Dst": "迴龍",
              "Time": "09:25"
            },
            {
              "Dst": "迴龍",
              "Time": "09:30"
            },
            {
              "Dst": "迴龍",
              "Time": "09:36"
            },
            {
              "Dst": "迴龍",
              "Time": "09:40"
            },
            {
              "Dst": "迴龍",
              "Time": "09:47"
            },
            {
              "Dst": "迴龍",
              "Time": "09:52"
            },
            {
              "Dst": "迴龍",
              "Time": "09:58"
            },
            {
              "Dst": "迴龍",
              "Time": "10:05"
            },
            {
              "Dst": "迴龍",
              "Time": "10:13"
            },
            {
              "Dst": "迴龍",
              "Time": "10:21"
            },
            {
              "Dst": "迴龍",
              "Time": "10:29"
            },
            {
              "Dst": "迴龍",
              "Time": "10:38"
            },
            {
              "Dst": "迴龍",
              "Time": "10:46"
            },
            {
              "Dst": "迴龍",
              "Time": "10:55"
            },
            {
              "Dst": "迴龍",
              "Time": "11:03"
            },
            {
              "Dst": "迴龍",
              "Time": "11:12"
            },
            {
              "Dst": "迴龍",
              "Time": "11:20"
            },
            {
              "Dst": "迴龍",
              "Time": "11:29"
            },
            {
              "Dst": "迴龍",
              "Time": "11:37"
            },
            {
              "Dst": "迴龍",
              "Time": "11:46"
            },
            {
              "Dst": "迴龍",
              "Time": "11:54"
            },
            {
              "Dst": "迴龍",
              "Time": "12:03"
            },
            {
              "Dst": "迴龍",
              "Time": "12:11"
            },
            {
              "Dst": "迴龍",
              "Time": "12:20"
            },
            {
              "Dst": "迴龍",
              "Time": "12:28"
            },
            {
              "Dst": "迴龍",
              "Time": "12:37"
            },
            {
              "Dst": "迴龍",
              "Time": "12:45"
            },
            {
              "Dst": "迴龍",
              "Time": "12:54"
            },
            {
              "Dst": "迴龍",
              "Time": "13:02"
            },
            {
              "Dst": "迴龍",
              "Time": "13:11"
            },
            {
              "Dst": "迴龍",
              "Time": "13:19"
            },
            {
              "Dst": "迴龍",
              "Time": "13:28"
            },
            {
              "Dst": "迴龍",
              "Time": "13:36"
            },
            {
              "Dst": "迴龍",
              "Time": "13:45"
            },
            {
              "Dst": "迴龍",
              "Time": "13:53"
            },
            {
              "Dst": "迴龍",
              "Time": "14:02"
            },
            {
              "Dst": "迴龍",
              "Time": "14:10"
            },
            {
              "Dst": "迴龍",
              "Time": "14:19"
            },
            {
              "Dst": "迴龍",
              "Time": "14:27"
            },
            {
              "Dst": "迴龍",
              "Time": "14:36"
            },
            {
              "Dst": "迴龍",
              "Time": "14:44"
            },
            {
              "Dst": "迴龍",
              "Time": "14:53"
            },
            {
              "Dst": "迴龍",
              "Time": "15:01"
            },
            {
              "Dst": "迴龍",
              "Time": "15:10"
            },
            {
              "Dst": "迴龍",
              "Time": "15:18"
            },
            {
              "Dst": "迴龍",
              "Time": "15:27"
            },
            {
              "Dst": "迴龍",
              "Time": "15:35"
            },
            {
              "Dst": "迴龍",
              "Time": "15:44"
            },
            {
              "Dst": "迴龍",
              "Time": "15:52"
            },
            {
              "Dst": "迴龍",
              "Time": "16:00"
            },
            {
              "Dst": "迴龍",
              "Time": "16:08"
            },
            {
              "Dst": "迴龍",
              "Time": "16:16"
            },
            {
              "Dst": "迴龍",
              "Time": "16:24"
            },
            {
              "Dst": "迴龍",
              "Time": "16:33"
            },
            {
              "Dst": "迴龍",
              "Time": "16:41"
            },
            {
              "Dst": "迴龍",
              "Time": "16:47"
            },
            {
              "Dst": "迴龍",
              "Time": "16:50"
            },
            {
              "Dst": "迴龍",
              "Time": "16:58"
            },
            {
              "Dst": "迴龍",
              "Time": "17:07"
            },
            {
              "Dst": "迴龍",
              "Time": "17:12"
            },
            {
              "Dst": "迴龍",
              "Time": "17:15"
            },
            {
              "Dst": "迴龍",
              "Time": "17:24"
            },
            {
              "Dst": "迴龍",
              "Time": "17:32"
            },
            {
              "Dst": "迴龍",
              "Time": "17:38"
            },
            {
              "Dst": "迴龍",
              "Time": "17:41"
            },
            {
              "Dst": "迴龍",
              "Time": "17:47"
            },
            {
              "Dst": "迴龍",
              "Time": "17:53"
            },
            {
              "Dst": "迴龍",
              "Time": "18:00"
            },
            {
              "Dst": "迴龍",
              "Time": "18:06"
            },
            {
              "Dst": "迴龍",
              "Time": "18:12"
            },
            {
              "Dst": "迴龍",
              "Time": "18:19"
            },
            {
              "Dst": "迴龍",
              "Time": "18:25"
            },
            {
              "Dst": "迴龍",
              "Time": "18:31"
            },
            {
              "Dst": "迴龍",
              "Time": "18:38"
            },
            {
              "Dst": "迴龍",
              "Time": "18:44"
            },
            {
              "Dst": "迴龍",
              "Time": "18:50"
            },
            {
              "Dst": "迴龍",
              "Time": "18:57"
            },
            {
              "Dst": "迴龍",
              "Time": "19:03"
            },
            {
              "Dst": "迴龍",
              "Time": "19:09"
            },
            {
              "Dst": "迴龍",
              "Time": "19:16"
            },
            {
              "Dst": "迴龍",
              "Time": "19:22"
            },
            {
              "Dst": "迴龍",
              "Time": "19:29"
            },
            {
              "Dst": "迴龍",
              "Time": "19:35"
            },
            {
              "Dst": "迴龍",
              "Time": "19:41"
            },
            {
              "Dst": "迴龍",
              "Time": "19:47"
            },
            {
              "Dst": "迴龍",
              "Time": "19:54"
            },
            {
              "Dst": "迴龍",
              "Time": "19:59"
            },
            {
              "Dst": "迴龍",
              "Time": "20:06"
            },
            {
              "Dst": "迴龍",
              "Time": "20:13"
            },
            {
              "Dst": "迴龍",
              "Time": "20:19"
            },
            {
              "Dst": "迴龍",
              "Time": "20:25"
            },
            {
              "Dst": "迴龍",
              "Time": "20:33"
            },
            {
              "Dst": "迴龍",
              "Time": "20:41"
            },
            {
              "Dst": "迴龍",
              "Time": "20:49"
            },
            {
              "Dst": "迴龍",
              "Time": "20:57"
            },
            {
              "Dst": "迴龍",
              "Time": "21:05"
            },
            {
              "Dst": "迴龍",
              "Time": "21:13"
            },
            {
              "Dst": "迴龍",
              "Time": "21:21"
            },
            {
              "Dst": "迴龍",
              "Time": "21:29"
            },
            {
              "Dst": "迴龍",
              "Time": "21:37"
            },
            {
              "Dst": "迴龍",
              "Time": "21:45"
            },
            {
              "Dst": "迴龍",
              "Time": "21:53"
            },
            {
              "Dst": "迴龍",
              "Time": "22:01"
            },
            {
              "Dst": "迴龍",
              "Time": "22:09"
            },
            {
              "Dst": "迴龍",
              "Time": "22:18"
            },
            {
              "Dst": "迴龍",
              "Time": "22:26"
            },
            {
              "Dst": "迴龍",
              "Time": "22:33"
            },
            {
              "Dst": "迴龍",
              "Time": "22:41"
            },
            {
              "Dst": "迴龍",
              "Time": "22:48"
            },
            {
              "Dst": "迴龍",
              "Time": "22:57"
            },
            {
              "Dst": "迴龍",
              "Time": "23:05"
            },
            {
              "Dst": "迴龍",
              "Time": "23:13"
            },
            {
              "Dst": "迴龍",
              "Time": "23:20"
            },
            {
              "Dst": "迴龍",
              "Time": "23:29"
            },
            {
              "Dst": "迴龍",
              "Time": "23:35"
            },
            {
              "Dst": "迴龍",
              "Time": "23:47"
            },
            {
              "Dst": "迴龍",
              "Time": "23:59"
            },
            {
              "Dst": "迴龍",
              "Time": "00:11"
            },
            {
              "Dst": "迴龍",
              "Time": "00:23"
            },
            {
              "Dst": "迴龍",
              "Time": "00:35"
            },
            {
              "Dst": "迴龍",
              "Time": "00:43"
            },
            {
              "Dst": "迴龍",
              "Time": "00:59"
            }
          ]
        },
        {
          "Days": "6",
          "Departures": [
            {
              "Dst": "迴龍",
              "Time": "06:07"
            },
            {
              "Dst": "迴龍",
              "Time": "06:17"
            },
            {
              "Dst": "迴龍",
              "Time": "06:27"
            },
            {
              "Dst": "迴龍",
              "Time": "06:35"
            },
            {
              "Dst": "迴龍",
              "Time": "06:43"
            },
            {
              "Dst": "迴龍",
              "Time": "06:53"
            },
            {
              "Dst": "迴龍",
              "Time": "07:03"
            },
            {
              "Dst": "迴龍",
              "Time": "07:12"
            },
            {
              "Dst": "迴龍",
              "Time": "07:22"
            },
            {
              "Dst": "迴龍",
              "Time": "07:31"
            },
            {
              "Dst": "迴龍",
              "Time": "07:40"
            },
            {
              "Dst": "迴龍",
              "Time": "07:50"
            },
            {
              "Dst": "迴龍",
              "Time": "08:00"
            },
            {
              "Dst": "迴龍",
              "Time": "08:09"
            },
            {
              "Dst": "迴龍",
              "Time": "08:19"
            },
            {
              "Dst": "迴龍",
              "Time": "08:28"
            },
            {
              "Dst": "迴龍",
              "Time": "08:38"
            },
            {
              "Dst": "迴龍",
              "Time": "08:47"
            },
            {
              "Dst": "迴龍",
              "Time": "08:57"
            },
            {
              "Dst": "迴龍",
              "Time": "09:03"
            },
            {
              "Dst": "迴龍",
              "Time": "09:06"
            },
            {
              "Dst": "迴龍",
              "Time": "09:16"
            },
            {
              "Dst": "迴龍",
              "Time": "09:26"
            },
            {
              "Dst": "迴龍",
              "Time": "09:35"
            },
            {
              "Dst": "迴龍",
              "Time": "09:45"
            },
            {
              "Dst": "迴龍",
              "Time": "09:51"
            },
            {
              "Dst": "迴龍",
              "Time": "09:56"
            },
            {
              "Dst": "迴龍",
              "Time": "10:05"
            },
            {
              "Dst": "迴龍",
              "Time": "10:14"
            },
            {
              "Dst": "迴龍",
              "Time": "10:23"
            },
            {
              "Dst": "迴龍",
              "Time": "10:33"
            },
            {
              "Dst": "迴龍",
              "Time": "10:41"
            },
            {
              "Dst": "迴龍",
              "Time": "10:50"
            },
            {
              "Dst": "迴龍",
              "Time": "10:58"
            },
            {
              "Dst": "迴龍",
              "Time": "11:07"
            },
            {
              "Dst": "迴龍",
              "Time": "11:15"
            },
            {
              "Dst": "迴龍",
              "Time": "11:24"
            },
            {
              "Dst": "迴龍",
              "Time": "11:32"
            },
            {
              "Dst": "迴龍",
              "Time": "11:41"
            },
            {
              "Dst": "迴龍",
              "Time": "11:49"
            },
            {
              "Dst": "迴龍",
              "Time": "11:58"
            },
            {
              "Dst": "迴龍",
              "Time": "12:06"
            },
            {
              "Dst": "迴龍",
              "Time": "12:15"
            },
            {
              "Dst": "迴龍",
              "Time": "12:23"
            },
            {
              "Dst": "迴龍",
              "Time": "12:32"
            },
            {
              "Dst": "迴龍",
              "Time": "12:40"
            },
            {
              "Dst": "迴龍",
              "Time": "12:49"
            },
            {
              "Dst": "迴龍",
              "Time": "12:57"
            },
            {
              "Dst": "迴龍",
              "Time": "13:06"
            },
            {
              "Dst": "迴龍",
              "Time": "13:14"
            },
            {
              "Dst": "迴龍",
              "Time": "13:23"
            },
            {
              "Dst": "迴龍",
              "Time": "13:31"
            },
            {
              "Dst": "迴龍",
              "Time": "13:40"
            },
            {
              "Dst": "迴龍",
              "Time": "13:48"
            },
            {
              "Dst": "迴龍",
              "Time": "13:57"
            },
            {
              "Dst": "迴龍",
              "Time": "14:05"
            },
            {
              "Dst": "迴龍",
              "Time": "14:14"
            },
            {
              "Dst": "迴龍",
              "Time": "14:22"
            },
            {
              "Dst": "迴龍",
              "Time": "14:31"
            },
            {
              "Dst": "迴龍",
              "Time": "14:39"
            },
            {
              "Dst": "迴龍",
              "Time": "14:48"
            },
            {
              "Dst": "迴龍",
              "Time": "14:56"
            },
            {
              "Dst": "迴龍",
              "Time": "15:05"
            },
            {
              "Dst": "迴龍",
              "Time": "15:13"
            },
            {
              "Dst": "迴龍",
              "Time": "15:22"
            },
            {
              "Dst": "迴龍",
              "Time": "15:30"
            },
            {
              "Dst": "迴龍",
              "Time": "15:39"
            },
            {
              "Dst": "迴龍",
              "Time": "15:47"
            },
            {
              "Dst": "迴龍",
              "Time": "15:56"
            },
            {
              "Dst": "迴龍",
              "Time": "16:04"
            },
            {
              "Dst": "迴龍",
              "Time": "16:13"
            },
            {
              "Dst": "迴龍",
              "Time": "16:21"
            },
            {
              "Dst": "迴龍",
              "Time": "16:30"
            },
            {
              "Dst": "迴龍",
              "Time": "16:38"
            },
            {
              "Dst": "迴龍",
              "Time": "16:47"
            },
            {
              "Dst": "迴龍",
              "Time": "16:55"
            },
            {
              "Dst": "迴龍",
              "Time": "17:04"
            },
            {
              "Dst": "迴龍",
              "Time": "17:12"
            },
            {
              "Dst": "迴龍",
              "Time": "17:21"
            },
            {
              "Dst": "迴龍",
              "Time": "17:29"
            },
            {
              "Dst": "迴龍",
              "Time": "17:38"
            },
            {
              "Dst": "迴龍",
              "Time": "17:46"
            },
            {
              "Dst": "迴龍",
              "Time": "17:55"
            },
            {
              "Dst": "迴龍",
              "Time": "18:03"
            },
            {
              "Dst": "迴龍",
              "Time": "18:12"
            },
            {
              "Dst": "迴龍",
              "Time": "18:20"
            },
            {
              "Dst": "迴龍",
              "Time": "18:29"
            },
            {
              "Dst": "迴龍",
              "Time": "18:37"
            },
            {
              "Dst": "迴龍",
              "Time": "18:46"
            },
            {
              "Dst": "迴龍",
              "Time": "18:54"
            },
            {
              "Dst": "迴龍",
              "Time": "19:03"
            },
            {
              "Dst": "迴龍",
              "Time": "19:11"
            },
            {
              "Dst": "迴龍",
              "Time": "19:21"
            },
            {
              "Dst": "迴龍",
              "Time": "19:28"
            },
            {
              "Dst": "迴龍",
              "Time": "19:37"
            },
            {
              "Dst": "迴龍",
              "Time": "19:45"
            },
            {
              "Dst": "迴龍",
              "Time": "19:54"
            },
            {
              "Dst": "迴龍",
              "Time": "20:02"
            },
            {
              "Dst": "迴龍",
              "Time": "20:11"
            },
            {
              "Dst": "迴龍",
              "Time": "20:19"
            },
            {
              "Dst": "迴龍",
              "Time": "20:28"
            },
            {
              "Dst": "迴龍",
              "Time": "20:37"
            },
            {
              "Dst": "迴龍",
              "Time": "20:44"
            },
            {
              "Dst": "迴龍",
              "Time": "20:52"
            },
            {
              "Dst": "迴龍",
              "Time": "21:01"
            },
            {
              "Dst": "迴龍",
              "Time": "21:10"
            },
            {
              "Dst": "迴龍",
              "Time": "21:20"
            },
            {
              "Dst": "迴龍",
              "Time": "21:30"
            },
            {
              "Dst": "迴龍",
              "Time": "21:39"
            },
            {
              "Dst": "迴龍",
              "Time": "21:49"
            },
            {
              "Dst": "迴龍",
              "Time": "21:58"
            },
            {
              "Dst": "迴龍",
              "Time": "22:08"
            },
            {
              "Dst": "迴龍",
              "Time": "22:17"
            },
            {
              "Dst": "迴龍",
              "Time": "22:27"
            },
            {
              "Dst": "迴龍",
              "Time": "22:37"
            },
            {
              "Dst": "迴龍",
              "Time": "22:46"
            },
            {
              "Dst": "迴龍",
              "Time": "22:56"
            },
            {
              "Dst": "迴龍",
              "Time": "23:06"
            },
            {
              "Dst": "迴龍",
              "Time": "23:13"
            },
            {
              "Dst": "迴龍",
              "Time": "23:24"
            },
            {
              "Dst": "迴龍",
              "Time": "23:35"
            },
            {
              "Dst": "迴龍",
              "Time": "23:47"
            },
            {
              "Dst": "迴龍",
              "Time": "23:59"
            },
            {
              "Dst": "迴龍",
              "Time": "00:11"
            },
            {
              "Dst": "迴龍",
              "Time": "00:23"
            },
            {
              "Dst": "迴龍",
              "Time": "00:35"
            },
            {
              "Dst": "迴龍",
              "Time": "00:43"
            },
            {
              "Dst": "迴龍",
              "Time": "00:59"
            }
          ]
        },
        {
          "Days": "7",
          "Departures": [
            {
              "Dst": "迴龍",
              "Time": "06:07"
            },
            {
              "Dst": "迴龍",
              "Time": "06:17"
            },
            {
              "Dst": "迴龍",
              "Time": "06:27"
            },
            {
              "Dst": "迴龍",
              "Time": "06:35"
            },
            {
              "Dst": "迴龍",
              "Time": "06:43"
            },
            {
              "Dst": "迴龍",
              "Time": "06:53"
            },
            {
              "Dst": "迴龍",
              "Time": "07:03"
            },
            {
              "Dst": "迴龍",
              "Time": "07:12"
            },
            {
              "Dst": "迴龍",
              "Time": "07:22"
            },
            {
              "Dst": "迴龍",
              "Time": "07:31"
            },
            {
              "Dst": "迴龍",
              "Time": "07:40"
            },
            {
              "Dst": "迴龍",
              "Time": "07:50"
            },
            {
              "Dst": "迴龍",
              "Time": "08:00"
            },
            {
              "Dst": "迴龍",
              "Time": "08:09"
            },
            {
              "Dst": "迴龍",
              "Time": "08:19"
            },
            {
              "Dst": "迴龍",
              "Time": "08:28"
            },
            {
              "Dst": "迴龍",
              "Time": "08:38"
            },
            {
              "Dst": "迴龍",
              "Time": "08:47"
            },
            {
              "Dst": "迴龍",
              "Time": "08:57"
            },
            {
              "Dst": "迴龍",
              "Time": "09:03"
            },
            {
              "Dst": "迴龍",
              "Time": "09:06"
            },
            {
              "Dst": "迴龍",
              "Time": "09:16"
            },
            {
              "Dst": "迴龍",
              "Time": "09:26"
            },
            {
              "Dst": "迴龍",
              "Time": "09:35"
            },
            {
              "Dst": "迴龍",
              "Time": "09:45"
            },
            {
              "Dst": "迴龍",
              "Time": "09:51"
            },
            {
              "Dst": "迴龍",
              "Time": "09:56"
            },
            {
              "Dst": "迴龍",
              "Time": "10:05"
            },
            {
              "Dst": "迴龍",
              "Time": "10:14"
            },
            {
              "Dst": "迴龍",
              "Time": "10:23"
            },
            {
              "Dst": "迴龍",
              "Time": "10:33"
            },
            {
              "Dst": "迴龍",
              "Time": "10:41"
            },
            {
              "Dst": "迴龍",
              "Time": "10:50"
            },
            {
              "Dst": "迴龍",
              "Time": "10:58"
            },
            {
              "Dst": "迴龍",
              "Time": "11:07"
            },
            {
              "Dst": "迴龍",
              "Time": "11:15"
            },
            {
              "Dst": "迴龍",
              "Time": "11:24"
            },
            {
              "Dst": "迴龍",
              "Time": "11:32"
            },
            {
              "Dst": "迴龍",
              "Time": "11:41"
            },
            {
              "Dst": "迴龍",
              "Time": "11:49"
            },
            {
              "Dst": "迴龍",
              "Time": "11:58"
            },
            {
              "Dst": "迴龍",
              "Time": "12:06"
            },
            {
              "Dst": "迴龍",
              "Time": "12:15"
            },
            {
              "Dst": "迴龍",
              "Time": "12:23"
            },
            {
              "Dst": "迴龍",
              "Time": "12:32"
            },
            {
              "Dst": "迴龍",
              "Time": "12:40"
            },
            {
              "Dst": "迴龍",
              "Time": "12:49"
            },
            {
              "Dst": "迴龍",
              "Time": "12:57"
            },
            {
              "Dst": "迴龍",
              "Time": "13:06"
            },
            {
              "Dst": "迴龍",
              "Time": "13:14"
            },
            {
              "Dst": "迴龍",
              "Time": "13:23"
            },
            {
              "Dst": "迴龍",
              "Time": "13:31"
            },
            {
              "Dst": "迴龍",
              "Time": "13:40"
            },
            {
              "Dst": "迴龍",
              "Time": "13:48"
            },
            {
              "Dst": "迴龍",
              "Time": "13:57"
            },
            {
              "Dst": "迴龍",
              "Time": "14:05"
            },
            {
              "Dst": "迴龍",
              "Time": "14:14"
            },
            {
              "Dst": "迴龍",
              "Time": "14:22"
            },
            {
              "Dst": "迴龍",
              "Time": "14:31"
            },
            {
              "Dst": "迴龍",
              "Time": "14:39"
            },
            {
              "Dst": "迴龍",
              "Time": "14:48"
            },
            {
              "Dst": "迴龍",
              "Time": "14:56"
            },
            {
              "Dst": "迴龍",
              "Time": "15:05"
            },
            {
              "Dst": "迴龍",
              "Time": "15:13"
            },
            {
              "Dst": "迴龍",
              "Time": "15:22"
            },
            {
              "Dst": "迴龍",
              "Time": "15:30"
            },
            {
              "Dst": "迴龍",
              "Time": "15:39"
            },
            {
              "Dst": "迴龍",
              "Time": "15:47"
            },
            {
              "Dst": "迴龍",
              "Time": "15:56"
            },
            {
              "Dst": "迴龍",
              "Time": "16:04"
            },
            {
              "Dst": "迴龍",
              "Time": "16:13"
            },
            {
              "Dst": "迴龍",
              "Time": "16:21"
            },
            {
              "Dst": "迴龍",
              "Time": "16:30"
            },
            {
              "Dst": "迴龍",
              "Time": "16:38"
            },
            {
              "Dst": "迴龍",
              "Time": "16:47"
            },
            {
              "Dst": "迴龍",
              "Time": "16:55"
            },
            {
              "Dst": "迴龍",
              "Time": "17:04"
            },
            {
              "Dst": "迴龍",
              "Time": "17:12"
            },
            {
              "Dst": "迴龍",
              "Time": "17:21"
            },
            {
              "Dst": "迴龍",
              "Time": "17:29"
            },
            {
              "Dst": "迴龍",
              "Time": "17:38"
            },
            {
              "Dst": "迴龍",
              "Time": "17:46"
            },
            {
              "Dst": "迴龍",
              "Time": "17:55"
            },
            {
              "Dst": "迴龍",
              "Time": "18:03"
            },
            {
              "Dst": "迴龍",
              "Time": "18:12"
            },
            {
              "Dst": "迴龍",
              "Time": "18:20"
            },
            {
              "Dst": "迴龍",
              "Time": "18:29"
            },
            {
              "Dst": "迴龍",
              "Time": "18:37"
            },
            {
              "Dst": "迴龍",
              "Time": "18:46"
            },
            {
              "Dst": "迴龍",
              "Time": "18:54"
            },
            {
              "Dst": "迴龍",
              "Time": "19:03"
            },
            {
              "Dst": "迴龍",
              "Time": "19:11"
            },
            {
              "Dst": "迴龍",
              "Time": "19:21"
            },
            {
              "Dst": "迴龍",
              "Time": "19:28"
            },
            {
              "Dst": "迴龍",
              "Time": "19:37"
            },
            {
              "Dst": "迴龍",
              "Time": "19:45"
            },
            {
              "Dst": "迴龍",
              "Time": "19:54"
            },
            {
              "Dst": "迴龍",
              "Time": "20:02"
            },
            {
              "Dst": "迴龍",
              "Time": "20:11"
            },
            {
              "Dst": "迴龍",
              "Time": "20:19"
            },
            {
              "Dst": "迴龍",
              "Time": "20:28"
            },
            {
              "Dst": "迴龍",
              "Time": "20:37"
            },
            {
              "Dst": "迴龍",
              "Time": "20:44"
            },
            {
              "Dst": "迴龍",
              "Time": "20:52"
            },
            {
              "Dst": "迴龍",
              "Time": "21:01"
            },
            {
              "Dst": "迴龍",
              "Time": "21:10"
            },
            {
              "Dst": "迴龍",
              "Time": "21:20"
            },
            {
              "Dst": "迴龍",
              "Time": "21:30"
            },
            {
              "Dst": "迴龍",
              "Time": "21:39"
            },
            {
              "Dst": "迴龍",
              "Time": "21:49"
            },
            {
              "Dst": "迴龍",
              "Time": "21:58"
            },
            {
              "Dst": "迴龍",
              "Time": "22:08"
            },
            {
              "Dst": "迴龍",
              "Time": "22:17"
            },
            {
              "Dst": "迴龍",
              "Time": "22:27"
            },
            {
              "Dst": "迴龍",
              "Time": "22:37"
            },
            {
              "Dst": "迴龍",
              "Time": "22:46"
            },
            {
              "Dst": "迴龍",
              "Time": "22:56"
            },
            {
              "Dst": "迴龍",
              "Time": "23:06"
            },
            {
              "Dst": "迴龍",
              "Time": "23:13"
            },
            {
              "Dst": "迴龍",
              "Time": "23:24"
            },
            {
              "Dst": "迴龍",
              "Time": "23:35"
            },
            {
              "Dst": "迴龍",
              "Time": "23:47"
            },
            {
              "Dst": "迴龍",
              "Time": "23:59"
            },
            {
              "Dst": "迴龍",
              "Time": "00:11"
            },
            {
              "Dst": "迴龍",
              "Time": "00:23"
            },
            {
              "Dst": "迴龍",
              "Time": "00:35"
            },
            {
              "Dst": "迴龍",
              "Time": "00:43"
            },
            {
              "Dst": "迴龍",
              "Time": "00:59"
            }
          ]
        }
      ]
    },
    {
      "Direction": "往O01南勢角站",
      "EffectiveFrom": "2017-08-01",
      "Schedule": [
        {
          "Days": "1,2,3,4,5",
          "Departures": [
            {
              "Dst": "南勢角",
              "Time": "06:04"
            },
            {
              "Dst": "南勢角",
              "Time": "06:10"
            },
            {
              "Dst": "南勢角",
              "Time": "06:18"
            },
            {
              "Dst": "南勢角",
              "Time": "06:27"
            },
            {
              "Dst": "南勢角",
              "Time": "06:35"
            },
            {
              "Dst": "南勢角",
              "Time": "06:43"
            },
            {
              "Dst": "南勢角",
              "Time": "06:51"
            },
            {
              "Dst": "南勢角",
              "Time": "06:57"
            },
            {
              "Dst": "南勢角",
              "Time": "07:03"
            },
            {
              "Dst": "南勢角",
              "Time": "07:09"
            },
            {
              "Dst": "南勢角",
              "Time": "07:15"
            },
            {
              "Dst": "南勢角",
              "Time": "07:21"
            },
            {
              "Dst": "南勢角",
              "Time": "07:27"
            },
            {
              "Dst": "南勢角",
              "Time": "07:33"
            },
            {
              "Dst": "南勢角",
              "Time": "07:39"
            },
            {
              "Dst": "南勢角",
              "Time": "07:44"
            },
            {
              "Dst": "南勢角",
              "Time": "07:49"
            },
            {
              "Dst": "南勢角",
              "Time": "07:55"
            },
            {
              "Dst": "南勢角",
              "Time": "08:00"
            },
            {
              "Dst": "南勢角",
              "Time": "08:05"
            },
            {
              "Dst": "南勢角",
              "Time": "08:10"
            },
            {
              "Dst": "南勢角",
              "Time": "08:15"
            },
            {
              "Dst": "南勢角",
              "Time": "08:20"
            },
            {
              "Dst": "南勢角",
              "Time": "08:25"
            },
            {
              "Dst": "南勢角",
              "Time": "08:31"
            },
            {
              "Dst": "南勢角",
              "Time": "08:37"
            },
            {
              "Dst": "南勢角",
              "Time": "08:43"
            },
            {
              "Dst": "南勢角",
              "Time": "08:49"
            },
            {
              "Dst": "南勢角",
              "Time": "08:55"
            },
            {
              "Dst": "南勢角",
              "Time": "09:02"
            },
            {
              "Dst": "南勢角",
              "Time": "09:10"
            },
            {
              "Dst": "南勢角",
              "Time": "09:18"
            },
            {
              "Dst": "南勢角",
              "Time": "09:26"
            },
            {
              "Dst": "南勢角",
              "Time": "09:34"
            },
            {
              "Dst": "南勢角",
              "Time": "09:43"
            },
            {
              "Dst": "南勢角",
              "Time": "09:51"
            },
            {
              "Dst": "南勢角",
              "Time": "10:00"
            },
            {
              "Dst": "南勢角",
              "Time": "10:08"
            },
            {
              "Dst": "南勢角",
              "Time": "10:17"
            },
            {
              "Dst": "南勢角",
              "Time": "10:25"
            },
            {
              "Dst": "南勢角",
              "Time": "10:34"
            },
            {
              "Dst": "南勢角",
              "Time": "10:42"
            },
            {
              "Dst": "南勢角",
              "Time": "10:51"
            },
            {
              "Dst": "南勢角",
              "Time": "10:59"
            },
            {
              "Dst": "南勢角",
              "Time": "11:08"
            },
            {
              "Dst": "南勢角",
              "Time": "11:16"
            },
            {
              "Dst": "南勢角",
              "Time": "11:25"
            },
            {
              "Dst": "南勢角",
              "Time": "11:33"
            },
            {
              "Dst": "南勢角",
              "Time": "11:42"
            },
            {
              "Dst": "南勢角",
              "Time": "11:50"
            },
            {
              "Dst": "南勢角",
              "Time": "11:59"
            },
            {
              "Dst": "南勢角",
              "Time": "12:07"
            },
            {
              "Dst": "南勢角",
              "Time": "12:16"
            },
            {
              "Dst": "南勢角",
              "Time": "12:24"
            },
            {
              "Dst": "南勢角",
              "Time": "12:33"
            },
            {
              "Dst": "南勢角",
              "Time": "12:41"
            },
            {
              "Dst": "南勢角",
              "Time": "12:50"
            },
            {
              "Dst": "南勢角",
              "Time": "12:58"
            },
            {
              "Dst": "南勢角",
              "Time": "13:07"
            },
            {
              "Dst": "南勢角",
              "Time": "13:15"
            },
            {
              "Dst": "南勢角",
              "Time": "13:24"
            },
            {
              "Dst": "南勢角",
              "Time": "13:32"
            },
            {
              "Dst": "南勢角",
              "Time": "13:41"
            },
            {
              "Dst": "南勢角",
              "Time": "13:49"
            },
            {
              "Dst": "南勢角",
              "Time": "13:58"
            },
            {
              "Dst": "南勢角",
              "Time": "14:06"
            },
            {
              "Dst": "南勢角",
              "Time": "14:15"
            },
            {
              "Dst": "南勢角",
              "Time": "14:23"
            },
            {
              "Dst": "南勢角",
              "Time": "14:32"
            },
            {
              "Dst": "南勢角",
              "Time": "14:40"
            },
            {
              "Dst": "南勢角",
              "Time": "14:49"
            },
            {
              "Dst": "南勢角",
              "Time": "14:57"
            },
            {
              "Dst": "南勢角",
              "Time": "15:06"
            },
            {
              "Dst": "南勢角",
              "Time": "15:14"
            },
            {
              "Dst": "南勢角",
              "Time": "15:23"
            },
            {
              "Dst": "南勢角",
              "Time": "15:31"
            },
            {
              "Dst": "南勢角",
              "Time": "15:40"
            },
            {
              "Dst": "南勢角",
              "Time": "15:48"
            },
            {
              "Dst": "南勢角",
              "Time": "15:57"
            },
            {
              "Dst": "南勢角",
              "Time": "16:05"
            },
            {
              "Dst": "南勢角",
              "Time": "16:14"
            },
            {
              "Dst": "南勢角",
              "Time": "16:22"
            },
            {
              "Dst": "南勢角",
              "Time": "16:30"
            },
            {
              "Dst": "南勢角",
              "Time": "16:36"
            },
            {
              "Dst": "南勢角",
              "Time": "16:43"
            },
            {
              "Dst": "南勢角",
              "Time": "16:49"
            },
            {
              "Dst": "南勢角",
              "Time": "16:55"
            },
            {
              "Dst": "南勢角",
              "Time": "17:02"
            },
            {
              "Dst": "南勢角",
              "Time": "17:08"
            },
            {
              "Dst": "南勢角",
              "Time": "17:14"
            },
            {
              "Dst": "南勢角",
              "Time": "17:21"
            },
            {
              "Dst": "南勢角",
              "Time": "17:27"
            },
            {
              "Dst": "南勢角",
              "Time": "17:33"
            },
            {
              "Dst": "南勢角",
              "Time": "17:40"
            },
            {
              "Dst": "南勢角",
              "Time": "17:46"
            },
            {
              "Dst": "南勢角",
              "Time": "17:52"
            },
            {
              "Dst": "南勢角",
              "Time": "17:59"
            },
            {
              "Dst": "南勢角",
              "Time": "18:05"
            },
            {
              "Dst": "南勢角",
              "Time": "18:11"
            },
            {
              "Dst": "南勢角",
              "Time": "18:18"
            },
            {
              "Dst": "南勢角",
              "Time": "18:24"
            },
            {
              "Dst": "南勢角",
              "Time": "18:30"
            },
            {
              "Dst": "南勢角",
              "Time": "18:37"
            },
            {
              "Dst": "南勢角",
              "Time": "18:43"
            },
            {
              "Dst": "南勢角",
              "Time": "18:49"
            },
            {
              "Dst": "南勢角",
              "Time": "18:56"
            },
            {
              "Dst": "南勢角",
              "Time": "19:02"
            },
            {
              "Dst": "南勢角",
              "Time": "19:08"
            },
            {
              "Dst": "南勢角",
              "Time": "19:15"
            },
            {
              "Dst": "南勢角",
              "Time": "19:21"
            },
            {
              "Dst": "南勢角",
              "Time": "19:29"
            },
            {
              "Dst": "南勢角",
              "Time": "19:37"
            },
            {
              "Dst": "南勢角",
              "Time": "19:45"
            },
            {
              "Dst": "南勢角",
              "Time": "19:53"
            },
            {
              "Dst": "南勢角",
              "Time": "20:01"
            },
            {
              "Dst": "南勢角",
              "Time": "20:09"
            },
            {
              "Dst": "南勢角",
              "Time": "20:17"
            },
            {
              "Dst": "南勢角",
              "Time": "20:25"
            },
            {
              "Dst": "南勢角",
              "Time": "20:33"
            },
            {
              "Dst": "南勢角",
              "Time": "20:42"
            },
            {
              "Dst": "南勢角",
              "Time": "20:50"
            },
            {
              "Dst": "南勢角",
              "Time": "20:58"
            },
            {
              "Dst": "南勢角",
              "Time": "21:06"
            },
            {
              "Dst": "南勢角",
              "Time": "21:14"
            },
            {
              "Dst": "南勢角",
              "Time": "21:22"
            },
            {
              "Dst": "南勢角",
              "Time": "21:30"
            },
            {
              "Dst": "南勢角",
              "Time": "21:38"
            },
            {
              "Dst": "南勢角",
              "Time": "21:46"
            },
            {
              "Dst": "南勢角",
              "Time": "21:54"
            },
            {
              "Dst": "南勢角",
              "Time": "22:02"
            },
            {
              "Dst": "南勢角",
              "Time": "22:10"
            },
            {
              "Dst": "南勢角",
              "Time": "22:18"
            },
            {
              "Dst": "南勢角",
              "Time": "22:26"
            },
            {
              "Dst": "南勢角",
              "Time": "22:35"
            },
            {
              "Dst": "南勢角",
              "Time": "22:43"
            },
            {
              "Dst": "南勢角",
              "Time": "22:48"
            },
            {
              "Dst": "南勢角",
              "Time": "22:57"
            },
            {
              "Dst": "南勢角",
              "Time": "23:09"
            },
            {
              "Dst": "南勢角",
              "Time": "23:21"
            },
            {
              "Dst": "南勢角",
              "Time": "23:33"
            },
            {
              "Dst": "南勢角",
              "Time": "23:45"
            },
            {
              "Dst": "南勢角",
              "Time": "23:57"
            },
            {
              "Dst": "南勢角",
              "Time": "00:10"
            }
          ]
        },
        {
          "Days": "6",
          "Departures": [
            {
              "Dst": "南勢角",
              "Time": "06:04"
            },
            {
              "Dst": "南勢角",
              "Time": "06:10"
            },
            {
              "Dst": "南勢角",
              "Time": "06:19"
            },
            {
              "Dst": "南勢角",
              "Time": "06:27"
            },
            {
              "Dst": "南勢角",
              "Time": "06:35"
            },
            {
              "Dst": "南勢角",
              "Time": "06:45"
            },
            {
              "Dst": "南勢角",
              "Time": "06:54"
            },
            {
              "Dst": "南勢角",
              "Time": "07:04"
            },
            {
              "Dst": "南勢角",
              "Time": "07:13"
            },
            {
              "Dst": "南勢角",
              "Time": "07:23"
            },
            {
              "Dst": "南勢角",
              "Time": "07:33"
            },
            {
              "Dst": "南勢角",
              "Time": "07:42"
            },
            {
              "Dst": "南勢角",
              "Time": "07:52"
            },
            {
              "Dst": "南勢角",
              "Time": "08:01"
            },
            {
              "Dst": "南勢角",
              "Time": "08:11"
            },
            {
              "Dst": "南勢角",
              "Time": "08:20"
            },
            {
              "Dst": "南勢角",
              "Time": "08:30"
            },
            {
              "Dst": "南勢角",
              "Time": "08:40"
            },
            {
              "Dst": "南勢角",
              "Time": "08:48"
            },
            {
              "Dst": "南勢角",
              "Time": "08:57"
            },
            {
              "Dst": "南勢角",
              "Time": "09:05"
            },
            {
              "Dst": "南勢角",
              "Time": "09:14"
            },
            {
              "Dst": "南勢角",
              "Time": "09:22"
            },
            {
              "Dst": "南勢角",
              "Time": "09:30"
            },
            {
              "Dst": "南勢角",
              "Time": "09:38"
            },
            {
              "Dst": "南勢角",
              "Time": "09:47"
            },
            {
              "Dst": "南勢角",
              "Time": "09:55"
            },
            {
              "Dst": "南勢角",
              "Time": "10:04"
            },
            {
              "Dst": "南勢角",
              "Time": "10:12"
            },
            {
              "Dst": "南勢角",
              "Time": "10:21"
            },
            {
              "Dst": "南勢角",
              "Time": "10:29"
            },
            {
              "Dst": "南勢角",
              "Time": "10:38"
            },
            {
              "Dst": "南勢角",
              "Time": "10:46"
            },
            {
              "Dst": "南勢角",
              "Time": "10:55"
            },
            {
              "Dst": "南勢角",
              "Time": "11:03"
            },
            {
              "Dst": "南勢角",
              "Time": "11:12"
            },
            {
              "Dst": "南勢角",
              "Time": "11:20"
            },
            {
              "Dst": "南勢角",
              "Time": "11:29"
            },
            {
              "Dst": "南勢角",
              "Time": "11:37"
            },
            {
              "Dst": "南勢角",
              "Time": "11:46"
            },
            {
              "Dst": "南勢角",
              "Time": "11:54"
            },
            {
              "Dst": "南勢角",
              "Time": "12:03"
            },
            {
              "Dst": "南勢角",
              "Time": "12:11"
            },
            {
              "Dst": "南勢角",
              "Time": "12:20"
            },
            {
              "Dst": "南勢角",
              "Time": "12:28"
            },
            {
              "Dst": "南勢角",
              "Time": "12:37"
            },
            {
              "Dst": "南勢角",
              "Time": "12:45"
            },
            {
              "Dst": "南勢角",
              "Time": "12:54"
            },
            {
              "Dst": "南勢角",
              "Time": "13:02"
            },
            {
              "Dst": "南勢角",
              "Time": "13:11"
            },
            {
              "Dst": "南勢角",
              "Time": "13:19"
            },
            {
              "Dst": "南勢角",
              "Time": "13:28"
            },
            {
              "Dst": "南勢角",
              "Time": "13:36"
            },
            {
              "Dst": "南勢角",
              "Time": "13:45"
            },
            {
              "Dst": "南勢角",
              "Time": "13:53"
            },
            {
              "Dst": "南勢角",
              "Time": "14:02"
            },
            {
              "Dst": "南勢角",
              "Time": "14:10"
            },
            {
              "Dst": "南勢角",
              "Time": "14:19"
            },
            {
              "Dst": "南勢角",
              "Time": "14:27"
            },
            {
              "Dst": "南勢角",
              "Time": "14:36"
            },
            {
              "Dst": "南勢角",
              "Time": "14:44"
            },
            {
              "Dst": "南勢角",
              "Time": "14:53"
            },
            {
              "Dst": "南勢角",
              "Time": "15:01"
            },
            {
              "Dst": "南勢角",
              "Time": "15:10"
            },
            {
              "Dst": "南勢角",
              "Time": "15:18"
            },
            {
              "Dst": "南勢角",
              "Time": "15:27"
            },
            {
              "Dst": "南勢角",
              "Time": "15:35"
            },
            {
              "Dst": "南勢角",
              "Time": "15:44"
            },
            {
              "Dst": "南勢角",
              "Time": "15:52"
            },
            {
              "Dst": "南勢角",
              "Time": "16:01"
            },
            {
              "Dst": "南勢角",
              "Time": "16:09"
            },
            {
              "Dst": "南勢角",
              "Time": "16:18"
            },
            {
              "Dst": "南勢角",
              "Time": "16:26"
            },
            {
              "Dst": "南勢角",
              "Time": "16:35"
            },
            {
              "Dst": "南勢角",
              "Time": "16:43"
            },
            {
              "Dst": "南勢角",
              "Time": "16:52"
            },
            {
              "Dst": "南勢角",
              "Time": "17:00"
            },
            {
              "Dst": "南勢角",
              "Time": "17:09"
            },
            {
              "Dst": "南勢角",
              "Time": "17:17"
            },
            {
              "Dst": "南勢角",
              "Time": "17:26"
            },
            {
              "Dst": "南勢角",
              "Time": "17:34"
            },
            {
              "Dst": "南勢角",
              "Time": "17:43"
            },
            {
              "Dst": "南勢角",
              "Time": "17:51"
            },
            {
              "Dst": "南勢角",
              "Time": "18:00"
            },
            {
              "Dst": "南勢角",
              "Time": "18:08"
            },
            {
              "Dst": "南勢角",
              "Time": "18:17"
            },
            {
              "Dst": "南勢角",
              "Time": "18:25"
            },
            {
              "Dst": "南勢角",
              "Time": "18:34"
            },
            {
              "Dst": "南勢角",
              "Time": "18:42"
            },
            {
              "Dst": "南勢角",
              "Time": "18:51"
            },
            {
              "Dst": "南勢角",
              "Time": "18:59"
            },
            {
              "Dst": "南勢角",
              "Time": "19:08"
            },
            {
              "Dst": "南勢角",
              "Time": "19:18"
            },
            {
              "Dst": "南勢角",
              "Time": "19:27"
            },
            {
              "Dst": "南勢角",
              "Time": "19:37"
            },
            {
              "Dst": "南勢角",
              "Time": "19:46"
            },
            {
              "Dst": "南勢角",
              "Time": "19:56"
            },
            {
              "Dst": "南勢角",
              "Time": "20:05"
            },
            {
              "Dst": "南勢角",
              "Time": "20:15"
            },
            {
              "Dst": "南勢角",
              "Time": "20:24"
            },
            {
              "Dst": "南勢角",
              "Time": "20:34"
            },
            {
              "Dst": "南勢角",
              "Time": "20:44"
            },
            {
              "Dst": "南勢角",
              "Time": "20:53"
            },
            {
              "Dst": "南勢角",
              "Time": "21:03"
            },
            {
              "Dst": "南勢角",
              "Time": "21:12"
            },
            {
              "Dst": "南勢角",
              "Time": "21:22"
            },
            {
              "Dst": "南勢角",
              "Time": "21:31"
            },
            {
              "Dst": "南勢角",
              "Time": "21:41"
            },
            {
              "Dst": "南勢角",
              "Time": "21:50"
            },
            {
              "Dst": "南勢角",
              "Time": "22:00"
            },
            {
              "Dst": "南勢角",
              "Time": "22:09"
            },
            {
              "Dst": "南勢角",
              "Time": "22:19"
            },
            {
              "Dst": "南勢角",
              "Time": "22:28"
            },
            {
              "Dst": "南勢角",
              "Time": "22:38"
            },
            {
              "Dst": "南勢角",
              "Time": "22:48"
            },
            {
              "Dst": "南勢角",
              "Time": "22:58"
            },
            {
              "Dst": "南勢角",
              "Time": "23:09"
            },
            {
              "Dst": "南勢角",
              "Time": "23:21"
            },
            {
              "Dst": "南勢角",
              "Time": "23:33"
            },
            {
              "Dst": "南勢角",
              "Time": "23:45"
            },
            {
              "Dst": "南勢角",
              "Time": "23:57"
            },
            {
              "Dst": "南勢角",
              "Time": "00:10"
            }
          ]
        },
        {
          "Days": "7",
          "Departures": [
            {
              "Dst": "南勢角",
              "Time": "06:04"
            },
            {
              "Dst": "南勢角",
              "Time": "06:10"
            },
            {
              "Dst": "南勢角",
              "Time": "06:19"
            },
            {
              "Dst": "南勢角",
              "Time": "06:27"
            },
            {
              "Dst": "南勢角",
              "Time": "06:35"
            },
            {
              "Dst": "南勢角",
              "Time": "06:45"
            },
            {
              "Dst": "南勢角",
              "Time": "06:54"
            },
            {
              "Dst": "南勢角",
              "Time": "07:04"
            },
            {
              "Dst": "南勢角",
              "Time": "07:13"
            },
            {
              "Dst": "南勢角",
              "Time": "07:23"
            },
            {
              "Dst": "南勢角",
              "Time": "07:33"
            },
            {
              "Dst": "南勢角",
              "Time": "07:42"
            },
            {
              "Dst": "南勢角",
              "Time": "07:52"
            },
            {
              "Dst": "南勢角",
              "Time": "08:01"
            },
            {
              "Dst": "南勢角",
              "Time": "08:11"
            },
            {
              "Dst": "南勢角",
              "Time": "08:20"
            },
            {
              "Dst": "南勢角",
              "Time": "08:30"
            },
            {
              "Dst": "南勢角",
              "Time": "08:40"
            },
            {
              "Dst": "南勢角",
              "Time": "08:48"
            },
            {
              "Dst": "南勢角",
              "Time": "08:57"
            },
            {
              "Dst": "南勢角",
              "Time": "09:05"
            },
            {
              "Dst": "南勢角",
              "Time": "09:14"
            },
            {
              "Dst": "南勢角",
              "Time": "09:22"
            },
            {
              "Dst": "南勢角",
              "Time": "09:30"
            },
            {
              "Dst": "南勢角",
              "Time": "09:38"
            },
            {
              "Dst": "南勢角",
              "Time": "09:47"
            },
            {
              "Dst": "南勢角",
              "Time": "09:55"
            },
            {
              "Dst": "南勢角",
              "Time": "10:04"
            },
            {
              "Dst": "南勢角",
              "Time": "10:12"
            },
            {
              "Dst": "南勢角",
              "Time": "10:21"
            },
            {
              "Dst": "南勢角",
              "Time": "10:29"
            },
            {
              "Dst": "南勢角",
              "Time": "10:38"
            },
            {
              "Dst": "南勢角",
              "Time": "10:46"
            },
            {
              "Dst": "南勢角",
              "Time": "10:55"
            },
            {
              "Dst": "南勢角",
              "Time": "11:03"
            },
            {
              "Dst": "南勢角",
              "Time": "11:12"
            },
            {
              "Dst": "南勢角",
              "Time": "11:20"
            },
            {
              "Dst": "南勢角",
              "Time": "11:29"
            },
            {
              "Dst": "南勢角",
              "Time": "11:37"
            },
            {
              "Dst": "南勢角",
              "Time": "11:46"
            },
            {
              "Dst": "南勢角",
              "Time": "11:54"
            },
            {
              "Dst": "南勢角",
              "Time": "12:03"
            },
            {
              "Dst": "南勢角",
              "Time": "12:11"
            },
            {
              "Dst": "南勢角",
              "Time": "12:20"
            },
            {
              "Dst": "南勢角",
              "Time": "12:28"
            },
            {
              "Dst": "南勢角",
              "Time": "12:37"
            },
            {
              "Dst": "南勢角",
              "Time": "12:45"
            },
            {
              "Dst": "南勢角",
              "Time": "12:54"
            },
            {
              "Dst": "南勢角",
              "Time": "13:02"
            },
            {
              "Dst": "南勢角",
              "Time": "13:11"
            },
            {
              "Dst": "南勢角",
              "Time": "13:19"
            },
            {
              "Dst": "南勢角",
              "Time": "13:28"
            },
            {
              "Dst": "南勢角",
              "Time": "13:36"
            },
            {
              "Dst": "南勢角",
              "Time": "13:45"
            },
            {
              "Dst": "南勢角",
              "Time": "13:53"
            },
            {
              "Dst": "南勢角",
              "Time": "14:02"
            },
            {
              "Dst": "南勢角",
              "Time": "14:10"
            },
            {
              "Dst": "南勢角",
              "Time": "14:19"
            },
            {
              "Dst": "南勢角",
              "Time": "14:27"
            },
            {
              "Dst": "南勢角",
              "Time": "14:36"
            },
            {
              "Dst": "南勢角",
              "Time": "14:44"
            },
            {
              "Dst": "南勢角",
              "Time": "14:53"
            },
            {
              "Dst": "南勢角",
              "Time": "15:01"
            },
            {
              "Dst": "南勢角",
              "Time": "15:10"
            },
            {
              "Dst": "南勢角",
              "Time": "15:18"
            },
            {
              "Dst": "南勢角",
              "Time": "15:27"
            },
            {
              "Dst": "南勢角",
              "Time": "15:35"
            },
            {
              "Dst": "南勢角",
              "Time": "15:44"
            },
            {
              "Dst": "南勢角",
              "Time": "15:52"
            },
            {
              "Dst": "南勢角",
              "Time": "16:01"
            },
            {
              "Dst": "南勢角",
              "Time": "16:09"
            },
            {
              "Dst": "南勢角",
              "Time": "16:18"
            },
            {
              "Dst": "南勢角",
              "Time": "16:26"
            },
            {
              "Dst": "南勢角",
              "Time": "16:35"
            },
            {
              "Dst": "南勢角",
              "Time": "16:43"
            },
            {
              "Dst": "南勢角",
              "Time": "16:52"
            },
            {
              "Dst": "南勢角",
              "Time": "17:00"
            },
            {
              "Dst": "南勢角",
              "Time": "17:09"
            },
            {
              "Dst": "南勢角",
              "Time": "17:17"
            },
            {
              "Dst": "南勢角",
              "Time": "17:26"
            },
            {
              "Dst": "南勢角",
              "Time": "17:34"
            },
            {
              "Dst": "南勢角",
              "Time": "17:43"
            },
            {
              "Dst": "南勢角",
              "Time": "17:51"
            },
            {
              "Dst": "南勢角",
              "Time": "18:00"
            },
            {
              "Dst": "南勢角",
              "Time": "18:08"
            },
            {
              "Dst": "南勢角",
              "Time": "18:17"
            },
            {
              "Dst": "南勢角",
              "Time": "18:25"
            },
            {
              "Dst": "南勢角",
              "Time": "18:34"
            },
            {
              "Dst": "南勢角",
              "Time": "18:42"
            },
            {
              "Dst": "南勢角",
              "Time": "18:51"
            },
            {
              "Dst": "南勢角",
              "Time": "18:59"
            },
            {
              "Dst": "南勢角",
              "Time": "19:08"
            },
            {
              "Dst": "南勢角",
              "Time": "19:18"
            },
            {
              "Dst": "南勢角",
              "Time": "19:27"
            },
            {
              "Dst": "南勢角",
              "Time": "19:37"
            },
            {
              "Dst": "南勢角",
              "Time": "19:46"
            },
            {
              "Dst": "南勢角",
              "Time": "19:56"
            },
            {
              "Dst": "南勢角",
              "Time": "20:05"
            },
            {
              "Dst": "南勢角",
              "Time": "20:15"
            },
            {
              "Dst": "南勢角",
              "Time": "20:24"
            },
            {
              "Dst": "南勢角",
              "Time": "20:34"
            },
            {
              "Dst": "南勢角",
              "Time": "20:44"
            },
            {
              "Dst": "南勢角",
              "Time": "20:53"
            },
            {
              "Dst": "南勢角",
              "Time": "21:03"
            },
            {
              "Dst": "南勢角",
              "Time": "21:12"
            },
            {
              "Dst": "南勢角",
              "Time": "21:22"
            },
            {
              "Dst": "南勢角",
              "Time": "21:31"
            },
            {
              "Dst": "南勢角",
              "Time": "21:41"
            },
            {
              "Dst": "南勢角",
              "Time": "21:50"
            },
            {
              "Dst": "南勢角",
              "Time": "22:00"
            },
            {
              "Dst": "南勢角",
              "Time": "22:09"
            },
            {
              "Dst": "南勢角",
              "Time": "22:19"
            },
            {
              "Dst": "南勢角",
              "Time": "22:28"
            },
            {
              "Dst": "南勢角",
              "Time": "22:38"
            },
            {
              "Dst": "南勢角",
              "Time": "22:48"
            },
            {
              "Dst": "南勢角",
              "Time": "22:58"
            },
            {
              "Dst": "南勢角",
              "Time": "23:09"
            },
            {
              "Dst": "南勢角",
              "Time": "23:21"
            },
            {
              "Dst": "南勢角",
              "Time": "23:33"
            },
            {
              "Dst": "南勢角",
              "Time": "23:45"
            },
            {
              "Dst": "南勢角",
              "Time": "23:57"
            },
            {
              "Dst": "南勢角",
              "Time": "00:10"
            }
          ]
        }
      ]
    }
  ]
}