{
  "StationCode": "O18",
  "StationName": "新莊",
  "Timetables": [
    {
      "Direction": "往O21迴龍站",
      "EffectiveFrom": "2017-08-01",
      "Schedule": [
        {
          "Days": "1,2,3,4,5",
          "Departures": [
            {
              "Dst": "迴龍",
              "Time": "06:00"
            },
            {
              "Dst": "迴龍",
              "Time": "06:09"
            },
            {
              "Dst": "迴龍",
              "Time": "06:20"
            },
            {
              "Dst": "迴龍",
              "Time": "06:29"
            },
            {
              "Dst": "迴龍",
              "Time": "06:37"
            },
            {
              "Dst": "迴龍",
              "Time": "06:44"
            },
            {
              "Dst": "迴龍",
              "Time": "06:49"
            },
            {
              "Dst": "迴龍",
              "Time": "06:53"
            },
            {
              "Dst": "迴龍",
              "Time": "07:00"
            },
            {
              "Dst": "迴龍",
              "Time": "07:08"
            },
            {
              "Dst": "迴龍",
              "Time": "07:12"
            },
            {
              "Dst": "迴龍",
              "Time": "07:16"
            },
            {
              "Dst": "迴龍",
              "Time": "07:24"
            },
            {
              "Dst": "迴龍",
              "Time": "07:28"
            },
            {
              "Dst": "迴龍",
              "Time": "07:33"
            },
            {
              "Dst": "迴龍",
              "Time": "07:40"
            },
            {
              "Dst": "迴龍",
              "Time": "07:44"
            },
            {
              "Dst": "迴龍",
              "Time": "07:48"
            },
            {
              "Dst": "迴龍",
              "Time": "07:55"
            },
            {
              "Dst": "迴龍",
              "Time": "08:01"
            },
            {
              "Dst": "迴龍",
              "Time": "08:07"
            },
            {
              "Dst": "迴龍",
              "Time": "08:13"
            },
            {
              "Dst": "迴龍",
              "Time": "08:19"
            },
            {
              "Dst": "迴龍",
              "Time": "08:25"
            },
            {
              "Dst": "迴龍",
              "Time": "08:31"
            },
            {
              "Dst": "迴龍",
              "Time": "08:37"
            },
            {
              "Dst": "迴龍",
              "Time": "08:43"
            },
            {
              "Dst": "迴龍",
              "Time": "08:49"
            },
            {
              "Dst": "迴龍",
              "Time": "08:55"
            },
            {
              "Dst": "迴龍",
              "Time": "09:01"
            },
            {
              "Dst": "迴龍",
              "Time": "09:07"
            },
            {
              "Dst": "迴龍",
              "Time": "09:12"
            },
            {
              "Dst": "迴龍",
              "Time": "09:17"
            },
            {
              "Dst": "迴龍",
              "Time": "09:22"
            },
            {
              "Dst": "迴龍",
              "Time": "09:27"
            },
            {
              "Dst": "迴龍",
              "Time": "09:32"
            },
            {
              "Dst": "迴龍",
              "Time": "09:38"
            },
            {
              "Dst": "迴龍",
              "Time": "09:42"
            },
            {
              "Dst": "迴龍",
              "Time": "09:49"
            },
            {
              "Dst": "迴龍",
              "Time": "09:54"
            },
            {
              "Dst": "迴龍",
              "Time": "10:00"
            },
            {
              "Dst": "迴龍",
              "Time": "10:07"
            },
            {
              "Dst": "迴龍",
              "Time": "10:15"
            },
            {
              "Dst": "迴龍",
              "Time": "10:23"
            },
            {
              "Dst": "迴龍",
              "Time": "10:31"
            },
            {
              "Dst": "迴龍",
              "Time": "10:40"
            },
            {
              "Dst": "迴龍",
              "Time": "10:48"
            },
            {
              "Dst": "迴龍",
              "Time": "10:57"
            },
            {
              "Dst": "迴龍",
              "Time": "11:05"
            },
            {
              "Dst": "迴龍",
              "Time": "11:14"
            },
            {
              "Dst": "迴龍",
              "Time": "11:22"
            },
            {
              "Dst": "迴龍",
              "Time": "11:31"
            },
            {
              "Dst": "迴龍",
              "Time": "11:39"
            },
            {
              "Dst": "迴龍",
              "Time": "11:48"
            },
            {
              "Dst": "迴龍",
              "Time": "11:56"
            },
            {
              "Dst": "迴龍",
              "Time": "12:05"
            },
            {
              "Dst": "迴龍",
              "Time": "12:13"
            },
            {
              "Dst": "迴龍",
              "Time": "12:22"
            },
            {
              "Dst": "迴龍",
              "Time": "12:30"
            },
            {
              "Dst": "迴龍",
              "Time": "12:39"
            },
            {
              "Dst": "迴龍",
              "Time": "12:47"
            },
            {
              "Dst": "迴龍",
              "Time": "12:56"
            },
            {
              "Dst": "迴龍",
              "Time": "13:04"
            },
            {
              "Dst": "迴龍",
              "Time": "13:13"
            },
            {
              "Dst": "迴龍",
              "Time": "13:21"
            },
            {
              "Dst": "迴龍",
              "Time": "13:30"
            },
            {
              "Dst": "迴龍",
              "Time": "13:38"
            },
            {
              "Dst": "迴龍",
              "Time": "13:47"
            },
            {
              "Dst": "迴龍",
              "Time": "13:55"
            },
            {
              "Dst": "迴龍",
              "Time": "14:04"
            },
            {
              "Dst": "迴龍",
              "Time": "14:12"
            },
            {
              "Dst": "迴龍",
              "Time": "14:21"
            },
            {
              "Dst": "迴龍",
              "Time": "14:29"
            },
            {
              "Dst": "迴龍",
              "Time": "14:38"
            },
            {
              "Dst": "迴龍",
              "Time": "14:46"
            },
            {
              "Dst": "迴龍",
              "Time": "14:55"
            },
            {
              "Dst": "迴龍",
              "Time": "15:03"
            },
            {
              "Dst": "迴龍",
              "Time": "15:12"
            },
            {
              "Dst": "迴龍",
              "Time": "15:20"
            },
            {
              "Dst": "迴龍",
              "Time": "15:29"
            },
            {
              "Dst": "迴龍",
              "Time": "15:37"
            },
            {
              "Dst": "迴龍",
              "Time": "15:46"
            },
            {
              "Dst": "迴龍",
              "Time": "15:54"
            },
            {
              "Dst": "迴龍",
              "Time": "16:02"
            },
            {
              "Dst": "迴龍",
              "Time": "16:10"
            },
            {
              "Dst": "迴龍",
              "Time": "16:18"
            },
            {
              "Dst": "迴龍",
              "Time": "16:26"
            },
            {
              "Dst": "迴龍",
              "Time": "16:35"
            },
            {
              "Dst": "迴龍",
              "Time": "16:43"
            },
            {
              "Dst": "迴龍",
              "Time": "16:49"
            },
            {
              "Dst": "迴龍",
              "Time": "16:52"
            },
            {
              "Dst": "迴龍",
              "Time": "17:00"
            },
            {
              "Dst": "迴龍",
              "Time": "17:09"
            },
            {
              "Dst": "迴龍",
              "Time": "17:14"
            },
            {
              "Dst": "迴龍",
              "Time": "17:17"
            },
            {
              "Dst": "迴龍",
              "Time": "17:26"
            },
            {
              "Dst": "迴龍",
              "Time": "17:34"
            },
            {
              "Dst": "迴龍",
              "Time": "17:40"
            },
            {
              "Dst": "迴龍",
              "Time": "17:43"
            },
            {
              "Dst": "迴龍",
              "Time": "17:49"
            },
            {
              "Dst": "迴龍",
              "Time": "17:55"
            },
            {
              "Dst": "迴龍",
              "Time": "18:02"
            },
            {
              "Dst": "迴龍",
              "Time": "18:08"
            },
            {
              "Dst": "迴龍",
              "Time": "18:14"
            },
            {
              "Dst": "迴龍",
              "Time": "18:21"
            },
            {
              "Dst": "迴龍",
              "Time": "18:27"
            },
            {
              "Dst": "迴龍",
              "Time": "18:33"
            },
            {
              "Dst": "迴龍",
              "Time": "18:40"
            },
            {
              "Dst": "迴龍",
              "Time": "18:46"
            },
            {
              "Dst": "迴龍",
              "Time": "18:52"
            },
            {
              "Dst": "迴龍",
              "Time": "18:59"
            },
            {
              "Dst": "迴龍",
              "Time": "19:05"
            },
            {
              "Dst": "迴龍",
              "Time": "19:11"
            },
            {
              "Dst": "迴龍",
              "Time": "19:18"
            },
            {
              "Dst": "迴龍",
              "Time": "19:24"
            },
            {
              "Dst": "迴龍",
              "Time": "19:32"
            },
            {
              "Dst": "迴龍",
              "Time": "19:37"
            },
            {
              "Dst": "迴龍",
              "Time": "19:43"
            },
            {
              "Dst": "迴龍",
              "Time": "19:49"
            },
            {
              "Dst": "迴龍",
              "Time": "19:56"
            },
            {
              "Dst": "迴龍",
              "Time": "20:01"
            },
            {
              "Dst": "迴龍",
              "Time": "20:08"
            },
            {
              "Dst": "迴龍",
              "Time": "20:15"
            },
            {
              "Dst": "迴龍",
              "Time": "20:21"
            },
            {
              "Dst": "迴龍",
              "Time": "20:27"
            },
            {
              "Dst": "迴龍",
              "Time": "20:35"
            },
            {
              "Dst": "迴龍",
              "Time": "20:43"
            },
            {
              "Dst": "迴龍",
              "Time": "20:51"
            },
            {
              "Dst": "迴龍",
              "Time": "20:59"
            },
            {
              "Dst": "迴龍",
              "Time": "21:07"
            },
            {
              "Dst": "迴龍",
              "Time": "21:15"
            },
            {
              "Dst": "迴龍",
              "Time": "21:23"
            },
            {
              "Dst": "迴龍",
              "Time": "21:31"
            },
            {
              "Dst": "迴龍",
              "Time": "21:39"
            },
            {
              "Dst": "迴龍",
              "Time": "21:47"
            },
            {
              "Dst": "迴龍",
              "Time": "21:55"
            },
            {
              "Dst": "迴龍",
              "Time": "22:03"
            },
            {
              "Dst": "迴龍",
              "Time": "22:11"
            },
            {
              "Dst": "迴龍",
              "Time": "22:20"
            },
            {
              "Dst": "迴龍",
              "Time": "22:29"
            },
            {
              "Dst": "迴龍",
              "Time": "22:35"
            },
            {
              "Dst": "迴龍",
              "Time": "22:43"
            },
            {
              "Dst": "迴龍",
              "Time": "22:50"
            },
            {
              "Dst": "迴龍",
              "Time": "22:59"
            },
            {
              "Dst": "迴龍",
              "Time": "23:07"
            },
            {
              "Dst": "迴龍",
              "Time": "23:15"
            },
            {
              "Dst": "迴龍",
              "Time": "23:22"
            },
            {
              "Dst": "迴龍",
              "Time": "23:31"
            },
            {
              "Dst": "迴龍",
              "Time": "23:37"
            },
            {
              "Dst": "迴龍",
              "Time": "23:49"
            },
            {
              "Dst": "迴龍",
              "Time": "00:01"
            },
            {
              "Dst": "迴龍",
              "Time": "00:13"
            },
            {
              "Dst": "迴龍",
              "Time": "00:25"
            },
            {
              "Dst": "迴龍",
              "Time": "00:37"
            },
            {
              "Dst": "迴龍",
              "Time": "00:45"
            },
            {
              "Dst": "迴龍",
              "Time": "01:01"
            }
          ]
        },
        {
          "Days": "6",
          "Departures": [
            {
              "Dst": "迴龍",
              "Time": "06:00"
            },
            {
              "Dst": "迴龍",
              "Time": "06:09"
            },
            {
              "Dst": "迴龍",
              "Time": "06:18"
            },
            {
              "Dst": "迴龍",
              "Time": "06:29"
            },
            {
              "Dst": "迴龍",
              "Time": "06:37"
            },
            {
              "Dst": "迴龍",
              "Time": "06:45"
            },
            {
              "Dst": "迴龍",
              "Time": "06:55"
            },
            {
              "Dst": "迴龍",
              "Time": "07:05"
            },
            {
              "Dst": "迴龍",
              "Time": "07:14"
            },
            {
              "Dst": "迴龍",
              "Time": "07:24"
            },
            {
              "Dst": "迴龍",
              "Time": "07:33"
            },
            {
              "Dst": "迴龍",
              "Time": "07:42"
            },
            {
              "Dst": "迴龍",
              "Time": "07:52"
            },
            {
              "Dst": "迴龍",
              "Time": "08:02"
            },
            {
              "Dst": "迴龍",
              "Time": "08:11"
            },
            {
              "Dst": "迴龍",
              "Time": "08:21"
            },
            {
              "Dst": "迴龍",
              "Time": "08:30"
            },
            {
              "Dst": "迴龍",
              "Time": "08:40"
            },
            {
              "Dst": "迴龍",
              "Time": "08:49"
            },
            {
              "Dst": "迴龍",
              "Time": "08:59"
            },
            {
              "Dst": "迴龍",
              "Time": "09:05"
            },
            {
              "Dst": "迴龍",
              "Time": "09:08"
            },
            {
              "Dst": "迴龍",
              "Time": "09:18"
            },
            {
              "Dst": "迴龍",
              "Time": "09:28"
            },
            {
              "Dst": "迴龍",
              "Time": "09:37"
            },
            {
              "Dst": "迴龍",
              "Time": "09:47"
            },
            {
              "Dst": "迴龍",
              "Time": "09:53"
            },
            {
              "Dst": "迴龍",
              "Time": "09:58"
            },
            {
              "Dst": "迴龍",
              "Time": "10:07"
            },
            {
              "Dst": "迴龍",
              "Time": "10:16"
            },
            {
              "Dst": "迴龍",
              "Time": "10:25"
            },
            {
              "Dst": "迴龍",
              "Time": "10:35"
            },
            {
              "Dst": "迴龍",
              "Time": "10:43"
            },
            {
              "Dst": "迴龍",
              "Time": "10:52"
            },
            {
              "Dst": "迴龍",
              "Time": "11:00"
            },
            {
              "Dst": "迴龍",
              "Time": "11:09"
            },
            {
              "Dst": "迴龍",
              "Time": "11:17"
            },
            {
              "Dst": "迴龍",
              "Time": "11:26"
            },
            {
              "Dst": "迴龍",
              "Time": "11:34"
            },
            {
              "Dst": "迴龍",
              "Time": "11:43"
            },
            {
              "Dst": "迴龍",
              "Time": "11:51"
            },
            {
              "Dst": "迴龍",
              "Time": "12:00"
            },
            {
              "Dst": "迴龍",
              "Time": "12:08"
            },
            {
              "Dst": "迴龍",
              "Time": "12:17"
            },
            {
              "Dst": "迴龍",
              "Time": "12:25"
            },
            {
              "Dst": "迴龍",
              "Time": "12:34"
            },
            {
              "Dst": "迴龍",
              "Time": "12:42"
            },
            {
              "Dst": "迴龍",
              "Time": "12:51"
            },
            {
              "Dst": "迴龍",
              "Time": "12:59"
            },
            {
              "Dst": "迴龍",
              "Time": "13:08"
            },
            {
              "Dst": "迴龍",
              "Time": "13:16"
            },
            {
              "Dst": "迴龍",
              "Time": "13:25"
            },
            {
              "Dst": "迴龍",
              "Time": "13:33"
            },
            {
              "Dst": "迴龍",
              "Time": "13:42"
            },
            {
              "Dst": "迴龍",
              "Time": "13:50"
            },
            {
              "Dst": "迴龍",
              "Time": "13:59"
            },
            {
              "Dst": "迴龍",
              "Time": "14:07"
            },
            {
              "Dst": "迴龍",
              "Time": "14:16"
            },
            {
              "Dst": "迴龍",
              "Time": "14:24"
            },
            {
              "Dst": "迴龍",
              "Time": "14:33"
            },
            {
              "Dst": "迴龍",
              "Time": "14:41"
            },
            {
              "Dst": "迴龍",
              "Time": "14:50"
            },
            {
              "Dst": "迴龍",
              "Time": "14:58"
            },
            {
              "Dst": "迴龍",
              "Time": "15:07"
            },
            {
              "Dst": "迴龍",
              "Time": "15:15"
            },
            {
              "Dst": "迴龍",
              "Time": "15:24"
            },
            {
              "Dst": "迴龍",
              "Time": "15:32"
            },
            {
              "Dst": "迴龍",
              "Time": "15:41"
            },
            {
              "Dst": "迴龍",
              "Time": "15:49"
            },
            {
              "Dst": "迴龍",
              "Time": "15:58"
            },
            {
              "Dst": "迴龍",
              "Time": "16:06"
            },
            {
              "Dst": "迴龍",
              "Time": "16:15"
            },
            {
              "Dst": "迴龍",
              "Time": "16:23"
            },
            {
              "Dst": "迴龍",
              "Time": "16:32"
            },
            {
              "Dst": "迴龍",
              "Time": "16:40"
            },
            {
              "Dst": "迴龍",
              "Time": "16:49"
            },
            {
              "Dst": "迴龍",
              "Time": "16:57"
            },
            {
              "Dst": "迴龍",
              "Time": "17:06"
            },
            {
              "Dst": "迴龍",
              "Time": "17:14"
            },
            {
              "Dst": "迴龍",
              "Time": "17:23"
            },
            {
              "Dst": "迴龍",
              "Time": "17:31"
            },
            {
              "Dst": "迴龍",
              "Time": "17:40"
            },
            {
              "Dst": "迴龍",
              "Time": "17:48"
            },
            {
              "Dst": "迴龍",
              "Time": "17:57"
            },
            {
              "Dst": "迴龍",
              "Time": "18:05"
            },
            {
              "Dst": "迴龍",
              "Time": "18:14"
            },
            {
              "Dst": "迴龍",
              "Time": "18:22"
            },
            {
              "Dst": "迴龍",
              "Time": "18:31"
            },
            {
              "Dst": "迴龍",
              "Time": "18:39"
            },
            {
              "Dst": "迴龍",
              "Time": "18:48"
            },
            {
              "Dst": "迴龍",
              "Time": "18:56"
            },
            {
              "Dst": "迴龍",
              "Time": "19:05"
            },
            {
              "Dst": "迴龍",
              "Time": "19:13"
            },
            {
              "Dst": "迴龍",
              "Time": "19:23"
            },
            {
              "Dst": "迴龍",
              "Time": "19:30"
            },
            {
              "Dst": "迴龍",
              "Time": "19:39"
            },
            {
              "Dst": "迴龍",
              "Time": "19:47"
            },
            {
              "Dst": "迴龍",
              "Time": "19:56"
            },
            {
              "Dst": "迴龍",
              "Time": "20:04"
            },
            {
              "Dst": "迴龍",
              "Time": "20:13"
            },
            {
              "Dst": "迴龍",
              "Time": "20:21"
            },
            {
              "Dst": "迴龍",
              "Time": "20:30"
            },
            {
              "Dst": "迴龍",
              "Time": "20:39"
            },
            {
              "Dst": "迴龍",
              "Time": "20:46"
            },
            {
              "Dst": "迴龍",
              "Time": "20:54"
            },
            {
              "Dst": "迴龍",
              "Time": "21:03"
            },
            {
              "Dst": "迴龍",
              "Time": "21:12"
            },
            {
              "Dst": "迴龍",
              "Time": "21:22"
            },
            {
              "Dst": "迴龍",
              "Time": "21:32"
            },
            {
              "Dst": "迴龍",
              "Time": "21:41"
            },
            {
              "Dst": "迴龍",
              "Time": "21:51"
            },
            {
              "Dst": "迴龍",
              "Time": "22:00"
            },
            {
              "Dst": "迴龍",
              "Time": "22:10"
            },
            {
              "Dst": "迴龍",
              "Time": "22:19"
            },
            {
              "Dst": "迴龍",
              "Time": "22:29"
            },
            {
              "Dst": "迴龍",
              "Time": "22:38"
            },
            {
              "Dst": "迴龍",
              "Time": "22:48"
            },
            {
              "Dst": "迴龍",
              "Time": "22:58"
            },
            {
              "Dst": "迴龍",
              "Time": "23:08"
            },
            {
              "Dst": "迴龍",
              "Time": "23:15"
            },
            {
              "Dst": "迴龍",
              "Time": "23:26"
            },
            {
              "Dst": "迴龍",
              "Time": "23:37"
            },
            {
              "Dst": "迴龍",
              "Time": "23:49"
            },
            {
              "Dst": "迴龍",
              "Time": "00:01"
            },
            {
              "Dst": "迴龍",
              "Time": "00:13"
            },
            {
              "Dst": "迴龍",
              "Time": "00:25"
            },
            {
              "Dst": "迴龍",
              "Time": "00:37"
            },
            {
              "Dst": "迴龍",
              "Time": "00:45"
            },
            {
              "Dst": "迴龍",
              "Time": "01:01"
            }
          ]
        },
        {
          "Days": "7",
          "Departures": [
            {
              "Dst": "迴龍",
              "Time": "06:00"
            },
            {
              "Dst": "迴龍",
              "Time": "06:09"
            },
            {
              "Dst": "迴龍",
              "Time": "06:18"
            },
            {
              "Dst": "迴龍",
              "Time": "06:29"
            },
            {
              "Dst": "迴龍",
              "Time": "06:37"
            },
            {
              "Dst": "迴龍",
              "Time": "06:45"
            },
            {
              "Dst": "迴龍",
              "Time": "06:55"
            },
            {
              "Dst": "迴龍",
              "Time": "07:05"
            },
            {
              "Dst": "迴龍",
              "Time": "07:14"
            },
            {
              "Dst": "迴龍",
              "Time": "07:24"
            },
            {
              "Dst": "迴龍",
              "Time": "07:33"
            },
            {
              "Dst": "迴龍",
              "Time": "07:42"
            },
            {
              "Dst": "迴龍",
              "Time": "07:52"
            },
            {
              "Dst": "迴龍",
              "Time": "08:02"
            },
            {
              "Dst": "迴龍",
              "Time": "08:11"
            },
            {
              "Dst": "迴龍",
              "Time": "08:21"
            },
            {
              "Dst": "迴龍",
              "Time": "08:30"
            },
            {
              "Dst": "迴龍",
              "Time": "08:40"
            },
            {
              "Dst": "迴龍",
              "Time": "08:49"
            },
            {
              "Dst": "迴龍",
              "Time": "08:59"
            },
            {
              "Dst": "迴龍",
              "Time": "09:05"
            },
            {
              "Dst": "迴龍",
              "Time": "09:08"
            },
            {
              "Dst": "迴龍",
              "Time": "09:18"
            },
            {
              "Dst": "迴龍",
              "Time": "09:28"
            },
            {
              "Dst": "迴龍",
              "Time": "09:37"
            },
            {
              "Dst": "迴龍",
              "Time": "09:47"
            },
            {
              "Dst": "迴龍",
              "Time": "09:53"
            },
            {
              "Dst": "迴龍",
              "Time": "09:58"
            },
            {
              "Dst": "迴龍",
              "Time": "10:07"
            },
            {
              "Dst": "迴龍",
              "Time": "10:16"
            },
            {
              "Dst": "迴龍",
              "Time": "10:25"
            },
            {
              "Dst": "迴龍",
              "Time": "10:35"
            },
            {
              "Dst": "迴龍",
              "Time": "10:43"
            },
            {
              "Dst": "迴龍",
              "Time": "10:52"
            },
            {
              "Dst": "迴龍",
              "Time": "11:00"
            },
            {
              "Dst": "迴龍",
              "Time": "11:09"
            },
            {
              "Dst": "迴龍",
              "Time": "11:17"
            },
            {
              "Dst": "迴龍",
              "Time": "11:26"
            },
            {
              "Dst": "迴龍",
              "Time": "11:34"
            },
            {
              "Dst": "迴龍",
              "Time": "11:43"
            },
            {
              "Dst": "迴龍",
              "Time": "11:51"
            },
            {
              "Dst": "迴龍",
              "Time": "12:00"
            },
            {
              "Dst": "迴龍",
              "Time": "12:08"
            },
            {
              "Dst": "迴龍",
              "Time": "12:17"
            },
            {
              "Dst": "迴龍",
              "Time": "12:25"
            },
            {
              "Dst": "迴龍",
              "Time": "12:34"
            },
            {
              "Dst": "迴龍",
              "Time": "12:42"
            },
            {
              "Dst": "迴龍",
              "Time": "12:51"
            },
            {
              "Dst": "迴龍",
              "Time": "12:59"
            },
            {
              "Dst": "迴龍",
              "Time": "13:08"
            },
            {
              "Dst": "迴龍",
              "Time": "13:16"
            },
            {
              "Dst": "迴龍",
              "Time": "13:25"
            },
            {
              "Dst": "迴龍",
              "Time": "13:33"
            },
            {
              "Dst": "迴龍",
              "Time": "13:42"
            },
            {
              "Dst": "迴龍",
              "Time": "13:50"
            },
            {
              "Dst": "迴龍",
              "Time": "13:59"
            },
            {
              "Dst": "迴龍",
              "Time": "14:07"
            },
            {
              "Dst": "迴龍",
              "Time": "14:16"
            },
            {
              "Dst": "迴龍",
              "Time": "14:24"
            },
            {
              "Dst": "迴龍",
              "Time": "14:33"
            },
            {
              "Dst": "迴龍",
              "Time": "14:41"
            },
            {
              "Dst": "迴龍",
              "Time": "14:50"
            },
            {
              "Dst": "迴龍",
              "Time": "14:58"
            },
            {
              "Dst": "迴龍",
              "Time": "15:07"
            },
            {
              "Dst": "迴龍",
              "Time": "15:15"
            },
            {
              "Dst": "迴龍",
              "Time": "15:24"
            },
            {
              "Dst": "迴龍",
              "Time": "15:32"
            },
            {
              "Dst": "迴龍",
              "Time": "15:41"
            },
            {
              "Dst": "迴龍",
              "Time": "15:49"
            },
            {
              "Dst": "迴龍",
              "Time": "15:58"
            },
            {
              "Dst": "迴龍",
              "Time": "16:06"
            },
            {
              "Dst": "迴龍",
              "Time": "16:15"
            },
            {
              "Dst": "迴龍",
              "Time": "16:23"
            },
            {
              "Dst": "迴龍",
              "Time": "16:32"
            },
            {
              "Dst": "迴龍",
              "Time": "16:40"
            },
            {
              "Dst": "迴龍",
              "Time": "16:49"
            },
            {
              "Dst": "迴龍",
              "Time": "16:57"
            },
            {
              "Dst": "迴龍",
              "Time": "17:06"
            },
            {
              "Dst": "迴龍",
              "Time": "17:14"
            },
            {
              "Dst": "迴龍",
              "Time": "17:23"
            },
            {
              "Dst": "迴龍",
              "Time": "17:31"
            },
            {
              "Dst": "迴龍",
              "Time": "17:40"
            },
            {
              "Dst": "迴龍",
              "Time": "17:48"
            },
            {
              "Dst": "迴龍",
              "Time": "17:57"
            },
            {
              "Dst": "迴龍",
              "Time": "18:05"
            },
            {
              "Dst": "迴龍",
              "Time": "18:14"
            },
            {
              "Dst": "迴龍",
              "Time": "18:22"
            },
            {
              "Dst": "迴龍",
              "Time": "18:31"
            },
            {
              "Dst": "迴龍",
              "Time": "18:39"
            },
            {
              "Dst": "迴龍",
              "Time": "18:48"
            },
            {
              "Dst": "迴龍",
              "Time": "18:56"
            },
            {
              "Dst": "迴龍",
              "Time": "19:05"
            },
            {
              "Dst": "迴龍",
              "Time": "19:13"
            },
            {
              "Dst": "迴龍",
              "Time": "19:23"
            },
            {
              "Dst": "迴龍",
              "Time": "19:30"
            },
            {
              "Dst": "迴龍",
              "Time": "19:39"
            },
            {
              "Dst": "迴龍",
              "Time": "19:47"
            },
            {
              "Dst": "迴龍",
              "Time": "19:56"
            },
            {
              "Dst": "迴龍",
              "Time": "20:04"
            },
            {
              "Dst": "迴龍",
              "Time": "20:13"
            },
            {
              "Dst": "迴龍",
              "Time": "20:21"
            },
            {
              "Dst": "迴龍",
              "Time": "20:30"
            },
            {
              "Dst": "迴龍",
              "Time": "20:39"
            },
            {
              "Dst": "迴龍",
              "Time": "20:46"
            },
            {
              "Dst": "迴龍",
              "Time": "20:54"
            },
            {
              "Dst": "迴龍",
              "Time": "21:03"
            },
            {
              "Dst": "迴龍",
              "Time": "21:12"
            },
            {
              "Dst": "迴龍",
              "Time": "21:22"
            },
            {
              "Dst": "迴龍",
              "Time": "21:32"
            },
            {
              "Dst": "迴龍",
              "Time": "21:41"
            },
            {
              "Dst": "迴龍",
              "Time": "21:51"
            },
            {
              "Dst": "迴龍",
              "Time": "22:00"
            },
            {
              "Dst": "迴龍",
              "Time": "22:10"
            },
            {
              "Dst": "迴龍",
              "Time": "22:19"
            },
            {
              "Dst": "迴龍",
              "Time": "22:29"
            },
            {
              "Dst": "迴龍",
              "Time": "22:38"
            },
            {
              "Dst": "迴龍",
              "Time": "22:48"
            },
            {
              "Dst": "迴龍",
              "Time": "22:58"
            },
            {
              "Dst": "迴龍",
              "Time": "23:08"
            },
            {
              "Dst": "迴龍",
              "Time": "23:15"
            },
            {
              "Dst": "迴龍",
              "Time": "23:26"
            },
            {
              "Dst": "迴龍",
              "Time": "23:37"
            },
            {
              "Dst": "迴龍",
              "Time": "23:49"
            },
            {
              "Dst": "迴龍",
              "Time": "00:01"
            },
            {
              "Dst": "迴龍",
              "Time": "00:13"
            },
            {
              "Dst": "迴龍",
              "Time": "00:25"
            },
            {
              "Dst": "迴龍",
              "Time": "00:37"
            },
            {
              "Dst": "迴龍",
              "Time": "00:45"
            },
            {
              "Dst": "迴龍",
              "Time": "01:01"
            }
          ]
        }
      ]
    },
    {
      "Direction": "往O01南勢角站",
      "EffectiveFrom": "2017-08-01",
      "Schedule": [
        {
          "Days": "1,2,3,4,5",
          "Departures": [
            {
              "Dst": "南勢角",
              "Time": "06:03"
            },
            {
              "Dst": "南勢角",
              "Time": "06:08"
            },
            {
              "Dst": "南勢角",
              "Time": "06:16"
            },
            {
              "Dst": "南勢角",
              "Time": "06:25"
            },
            {
              "Dst": "南勢角",
              "Time": "06:33"
            },
            {
              "Dst": "南勢角",
              "Time": "06:41"
            },
            {
              "Dst": "南勢角",
              "Time": "06:49"
            },
            {
              "Dst": "南勢角",
              "Time": "06:55"
            },
            {
              "Dst": "南勢角",
              "Time": "07:01"
            },
            {
              "Dst": "南勢角",
              "Time": "07:07"
            },
            {
              "Dst": "南勢角",
              "Time": "07:13"
            },
            {
              "Dst": "南勢角",
              "Time": "07:19"
            },
            {
              "Dst": "南勢角",
              "Time": "07:25"
            },
            {
              "Dst": "南勢角",
              "Time": "07:31"
            },
            {
              "Dst": "南勢角",
              "Time": "07:37"
            },
            {
              "Dst": "南勢角",
              "Time": "07:42"
            },
            {
              "Dst": "南勢角",
              "Time": "07:48"
            },
            {
              "Dst": "南勢角",
              "Time": "07:53"
            },
            {
              "Dst": "南勢角",
              "Time": "07:58"
            },
            {
              "Dst": "南勢角",
              "Time": "08:03"
            },
            {
              "Dst": "南勢角",
              "Time": "08:08"
            },
            {
              "Dst": "南勢角",
              "Time": "08:13"
            },
            {
              "Dst": "南勢角",
              "Time": "08:18"
            },
            {
              "Dst": "南勢角",
              "Time": "08:24"
            },
            {
              "Dst": "南勢角",
              "Time": "08:29"
            },
            {
              "Dst": "南勢角",
              "Time": "08:35"
            },
            {
              "Dst": "南勢角",
              "Time": "08:41"
            },
            {
              "Dst": "南勢角",
              "Time": "08:47"
            },
            {
              "Dst": "南勢角",
              "Time": "08:53"
            },
            {
              "Dst": "南勢角",
              "Time": "09:00"
            },
            {
              "Dst": "南勢角",
              "Time": "09:08"
            },
            {
              "Dst": "南勢角",
              "Time": "09:16"
            },
            {
              "Dst": "南勢角",
              "Time": "09:24"
            },
            {
              "Dst": "南勢角",
              "Time": "09:32"
            },
            {
              "Dst": "南勢角",
              "Time": "09:41"
            },
            {
              "Dst": "南勢角",
              "Time": "09:49"
            },
            {
              "Dst": "南勢角",
              "Time": "09:58"
            },
            {
              "Dst": "南勢角",
              "Time": "10:06"
            },
            {
              "Dst": "南勢角",
              "Time": "10:15"
            },
            {
              "Dst": "南勢角",
              "Time": "10:23"
            },
            {
              "Dst": "南勢角",
              "Time": "10:32"
            },
            {
              "Dst": "南勢角",
              "Time": "10:40"
            },
            {
              "Dst": "南勢角",
              "Time": "10:49"
            },
            {
              "Dst": "南勢角",
              "Time": "10:57"
            },
            {
              "Dst": "南勢角",
              "Time": "11:06"
            },
            {
              "Dst": "南勢角",
              "Time": "11:14"
            },
            {
              "Dst": "南勢角",
              "Time": "11:23"
            },
            {
              "Dst": "南勢角",
              "Time": "11:31"
            },
            {
              "Dst": "南勢角",
              "Time": "11:40"
            },
            {
              "Dst": "南勢角",
              "Time": "11:48"
            },
            {
              "Dst": "南勢角",
              "Time": "11:57"
            },
            {
              "Dst": "南勢角",
              "Time": "12:05"
            },
            {
              "Dst": "南勢角",
              "Time": "12:14"
            },
            {
              "Dst": "南勢角",
              "Time": "12:22"
            },
            {
              "Dst": "南勢角",
              "Time": "12:31"
            },
            {
              "Dst": "南勢角",
              "Time": "12:39"
            },
            {
              "Dst": "南勢角",
              "Time": "12:48"
            },
            {
              "Dst": "南勢角",
              "Time": "12:56"
            },
            {
              "Dst": "南勢角",
              "Time": "13:05"
            },
            {
              "Dst": "南勢角",
              "Time": "13:13"
            },
            {
              "Dst": "南勢角",
              "Time": "13:22"
            },
            {
              "Dst": "南勢角",
              "Time": "13:30"
            },
            {
              "Dst": "南勢角",
              "Time": "13:39"
            },
            {
              "Dst": "南勢角",
              "Time": "13:47"
            },
            {
              "Dst": "南勢角",
              "Time": "13:56"
            },
            {
              "Dst": "南勢角",
              "Time": "14:04"
            },
            {
              "Dst": "南勢角",
              "Time": "14:13"
            },
            {
              "Dst": "南勢角",
              "Time": "14:21"
            },
            {
              "Dst": "南勢角",
              "Time": "14:30"
            },
            {
              "Dst": "南勢角",
              "Time": "14:38"
            },
            {
              "Dst": "南勢角",
              "Time": "14:47"
            },
            {
              "Dst": "南勢角",
              "Time": "14:55"
            },
            {
              "Dst": "南勢角",
              "Time": "15:04"
            },
            {
              "Dst": "南勢角",
              "Time": "15:12"
            },
            {
              "Dst": "南勢角",
              "Time": "15:21"
            },
            {
              "Dst": "南勢角",
              "Time": "15:29"
            },
            {
              "Dst": "南勢角",
              "Time": "15:38"
            },
            {
              "Dst": "南勢角",
              "Time": "15:46"
            },
            {
              "Dst": "南勢角",
              "Time": "15:55"
            },
            {
              "Dst": "南勢角",
              "Time": "16:03"
            },
            {
              "Dst": "南勢角",
              "Time": "16:12"
            },
            {
              "Dst": "南勢角",
              "Time": "16:20"
            },
            {
              "Dst": "南勢角",
              "Time": "16:28"
            },
            {
              "Dst": "南勢角",
              "Time": "16:34"
            },
            {
              "Dst": "南勢角",
              "Time": "16:41"
            },
            {
              "Dst": "南勢角",
              "Time": "16:47"
            },
            {
              "Dst": "南勢角",
              "Time": "16:53"
            },
            {
              "Dst": "南勢角",
              "Time": "17:00"
            },
            {
              "Dst": "南勢角",
              "Time": "17:06"
            },
            {
              "Dst": "南勢角",
              "Time": "17:12"
            },
            {
              "Dst": "南勢角",
              "Time": "17:19"
            },
            {
              "Dst": "南勢角",
              "Time": "17:25"
            },
            {
              "Dst": "南勢角",
              "Time": "17:31"
            },
            {
              "Dst": "南勢角",
              "Time": "17:38"
            },
            {
              "Dst": "南勢角",
              "Time": "17:44"
            },
            {
              "Dst": "南勢角",
              "Time": "17:50"
            },
            {
              "Dst": "南勢角",
              "Time": "17:57"
            },
            {
              "Dst": "南勢角",
              "Time": "18:03"
            },
            {
              "Dst": "南勢角",
              "Time": "18:09"
            },
            {
              "Dst": "南勢角",
              "Time": "18:16"
            },
            {
              "Dst": "南勢角",
              "Time": "18:22"
            },
            {
              "Dst": "南勢角",
              "Time": "18:28"
            },
            {
              "Dst": "南勢角",
              "Time": "18:35"
            },
            {
              "Dst": "南勢角",
              "Time": "18:41"
            },
            {
              "Dst": "南勢角",
              "Time": "18:47"
            },
            {
              "Dst": "南勢角",
              "Time": "18:54"
            },
            {
              "Dst": "南勢角",
              "Time": "19:00"
            },
            {
              "Dst": "南勢角",
              "Time": "19:06"
            },
            {
              "Dst": "南勢角",
              "Time": "19:13"
            },
            {
              "Dst": "南勢角",
              "Time": "19:20"
            },
            {
              "Dst": "南勢角",
              "Time": "19:28"
            },
            {
              "Dst": "南勢角",
              "Time": "19:36"
            },
            {
              "Dst": "南勢角",
              "Time": "19:44"
            },
            {
              "Dst": "南勢角",
              "Time": "19:52"
            },
            {
              "Dst": "南勢角",
              "Time": "20:00"
            },
            {
              "Dst": "南勢角",
              "Time": "20:08"
            },
            {
              "Dst": "南勢角",
              "Time": "20:16"
            },
            {
              "Dst": "南勢角",
              "Time": "20:24"
            },
            {
              "Dst": "南勢角",
              "Time": "20:32"
            },
            {
              "Dst": "南勢角",
              "Time": "20:39"
            },
            {
              "Dst": "南勢角",
              "Time": "20:47"
            },
            {
              "Dst": "南勢角",
              "Time": "20:55"
            },
            {
              "Dst": "南勢角",
              "Time": "21:03"
            },
            {
              "Dst": "南勢角",
              "Time": "21:11"
            },
            {
              "Dst": "南勢角",
              "Time": "21:19"
            },
            {
              "Dst": "南勢角",
              "Time": "21:27"
            },
            {
              "Dst": "南勢角",
              "Time": "21:35"
            },
            {
              "Dst": "南勢角",
              "Time": "21:43"
            },
            {
              "Dst": "南勢角",
              "Time": "21:51"
            },
            {
              "Dst": "南勢角",
              "Time": "21:59"
            },
            {
              "Dst": "南勢角",
              "Time": "22:07"
            },
            {
              "Dst": "南勢角",
              "Time": "22:15"
            },
            {
              "Dst": "南勢角",
              "Time": "22:23"
            },
            {
              "Dst": "南勢角",
              "Time": "22:32"
            },
            {
              "Dst": "南勢角",
              "Time": "22:41"
            },
            {
              "Dst": "南勢角",
              "Time": "22:46"
            },
            {
              "Dst": "南勢角",
              "Time": "22:55"
            },
            {
              "Dst": "南勢角",
              "Time": "23:07"
            },
            {
              "Dst": "南勢角",
              "Time": "23:19"
            },
            {
              "Dst": "南勢角",
              "Time": "23:31"
            },
            {
              "Dst": "南勢角",
              "Time": "23:43"
            },
            {
              "Dst": "南勢角",
              "Time": "23:55"
            },
            {
              "Dst": "南勢角",
              "Time": "00:08"
            }
          ]
        },
        {
          "Days": "6",
          "Departures": [
            {
              "Dst": "南勢角",
              "Time": "06:03"
            },
            {
              "Dst": "南勢角",
              "Time": "06:08"
            },
            {
              "Dst": "南勢角",
              "Time": "06:17"
            },
            {
              "Dst": "南勢角",
              "Time": "06:25"
            },
            {
              "Dst": "南勢角",
              "Time": "06:34"
            },
            {
              "Dst": "南勢角",
              "Time": "06:43"
            },
            {
              "Dst": "南勢角",
              "Time": "06:52"
            },
            {
              "Dst": "南勢角",
              "Time": "07:02"
            },
            {
              "Dst": "南勢角",
              "Time": "07:12"
            },
            {
              "Dst": "南勢角",
              "Time": "07:21"
            },
            {
              "Dst": "南勢角",
              "Time": "07:31"
            },
            {
              "Dst": "南勢角",
              "Time": "07:40"
            },
            {
              "Dst": "南勢角",
              "Time": "07:50"
            },
            {
              "Dst": "南勢角",
              "Time": "07:59"
            },
            {
              "Dst": "南勢角",
              "Time": "08:09"
            },
            {
              "Dst": "南勢角",
              "Time": "08:19"
            },
            {
              "Dst": "南勢角",
              "Time": "08:28"
            },
            {
              "Dst": "南勢角",
              "Time": "08:38"
            },
            {
              "Dst": "南勢角",
              "Time": "08:46"
            },
            {
              "Dst": "南勢角",
              "Time": "08:55"
            },
            {
              "Dst": "南勢角",
              "Time": "09:03"
            },
            {
              "Dst": "南勢角",
              "Time": "09:12"
            },
            {
              "Dst": "南勢角",
              "Time": "09:20"
            },
            {
              "Dst": "南勢角",
              "Time": "09:28"
            },
            {
              "Dst": "南勢角",
              "Time": "09:36"
            },
            {
              "Dst": "南勢角",
              "Time": "09:45"
            },
            {
              "Dst": "南勢角",
              "Time": "09:54"
            },
            {
              "Dst": "南勢角",
              "Time": "10:02"
            },
            {
              "Dst": "南勢角",
              "Time": "10:10"
            },
            {
              "Dst": "南勢角",
              "Time": "10:19"
            },
            {
              "Dst": "南勢角",
              "Time": "10:27"
            },
            {
              "Dst": "南勢角",
              "Time": "10:36"
            },
            {
              "Dst": "南勢角",
              "Time": "10:44"
            },
            {
              "Dst": "南勢角",
              "Time": "10:53"
            },
            {
              "Dst": "南勢角",
              "Time": "11:01"
            },
            {
              "Dst": "南勢角",
              "Time": "11:10"
            },
            {
              "Dst": "南勢角",
              "Time": "11:18"
            },
            {
              "Dst": "南勢角",
              "Time": "11:27"
            },
            {
              "Dst": "南勢角",
              "Time": "11:35"
            },
            {
              "Dst": "南勢角",
              "Time": "11:44"
            },
            {
              "Dst": "南勢角",
              "Time": "11:52"
            },
            {
              "Dst": "南勢角",
              "Time": "12:01"
            },
            {
              "Dst": "南勢角",
              "Time": "12:09"
            },
            {
              "Dst": "南勢角",
              "Time": "12:18"
            },
            {
              "Dst": "南勢角",
              "Time": "12:26"
            },
            {
              "Dst": "南勢角",
              "Time": "12:35"
            },
            {
              "Dst": "南勢角",
              "Time": "12:43"
            },
            {
              "Dst": "南勢角",
              "Time": "12:52"
            },
            {
              "Dst": "南勢角",
              "Time": "13:00"
            },
            {
              "Dst": "南勢角",
              "Time": "13:09"
            },
            {
              "Dst": "南勢角",
              "Time": "13:17"
            },
            {
              "Dst": "南勢角",
              "Time": "13:26"
            },
            {
              "Dst": "南勢角",
              "Time": "13:34"
            },
            {
              "Dst": "南勢角",
              "Time": "13:43"
            },
            {
              "Dst": "南勢角",
              "Time": "13:51"
            },
            {
              "Dst": "南勢角",
              "Time": "14:00"
            },
            {
              "Dst": "南勢角",
              "Time": "14:08"
            },
            {
              "Dst": "南勢角",
              "Time": "14:17"
            },
            {
              "Dst": "南勢角",
              "Time": "14:25"
            },
            {
              "Dst": "南勢角",
              "Time": "14:34"
            },
            {
              "Dst": "南勢角",
              "Time": "14:42"
            },
            {
              "Dst": "南勢角",
              "Time": "14:51"
            },
            {
              "Dst": "南勢角",
              "Time": "14:59"
            },
            {
              "Dst": "南勢角",
              "Time": "15:08"
            },
            {
              "Dst": "南勢角",
              "Time": "15:16"
            },
            {
              "Dst": "南勢角",
              "Time": "15:25"
            },
            {
              "Dst": "南勢角",
              "Time": "15:33"
            },
            {
              "Dst": "南勢角",
              "Time": "15:42"
            },
            {
              "Dst": "南勢角",
              "Time": "15:50"
            },
            {
              "Dst": "南勢角",
              "Time": "15:59"
            },
            {
              "Dst": "南勢角",
              "Time": "16:07"
            },
            {
              "Dst": "南勢角",
              "Time": "16:16"
            },
            {
              "Dst": "南勢角",
              "Time": "16:24"
            },
            {
              "Dst": "南勢角",
              "Time": "16:33"
            },
            {
              "Dst": "南勢角",
              "Time": "16:41"
            },
            {
              "Dst": "南勢角",
              "Time": "16:50"
            },
            {
              "Dst": "南勢角",
              "Time": "16:58"
            },
            {
              "Dst": "南勢角",
              "Time": "17:07"
            },
            {
              "Dst": "南勢角",
              "Time": "17:15"
            },
            {
              "Dst": "南勢角",
              "Time": "17:24"
            },
            {
              "Dst": "南勢角",
              "Time": "17:32"
            },
            {
              "Dst": "南勢角",
              "Time": "17:41"
            },
            {
              "Dst": "南勢角",
              "Time": "17:49"
            },
            {
              "Dst": "南勢角",
              "Time": "17:58"
            },
            {
              "Dst": "南勢角",
              "Time": "18:06"
            },
            {
              "Dst": "南勢角",
              "Time": "18:15"
            },
            {
              "Dst": "南勢角",
              "Time": "18:23"
            },
            {
              "Dst": "南勢角",
              "Time": "18:32"
            },
            {
              "Dst": "南勢角",
              "Time": "18:40"
            },
            {
              "Dst": "南勢角",
              "Time": "18:49"
            },
            {
              "Dst": "南勢角",
              "Time": "18:57"
            },
            {
              "Dst": "南勢角",
              "Time": "19:06"
            },
            {
              "Dst": "南勢角",
              "Time": "19:16"
            },
            {
              "Dst": "南勢角",
              "Time": "19:25"
            },
            {
              "Dst": "南勢角",
              "Time": "19:35"
            },
            {
              "Dst": "南勢角",
              "Time": "19:44"
            },
            {
              "Dst": "南勢角",
              "Time": "19:54"
            },
            {
              "Dst": "南勢角",
              "Time": "20:03"
            },
            {
              "Dst": "南勢角",
              "Time": "20:13"
            },
            {
              "Dst": "南勢角",
              "Time": "20:23"
            },
            {
              "Dst": "南勢角",
              "Time": "20:32"
            },
            {
              "Dst": "南勢角",
              "Time": "20:42"
            },
            {
              "Dst": "南勢角",
              "Time": "20:51"
            },
            {
              "Dst": "南勢角",
              "Time": "21:01"
            },
            {
              "Dst": "南勢角",
              "Time": "21:10"
            },
            {
              "Dst": "南勢角",
              "Time": "21:20"
            },
            {
              "Dst": "南勢角",
              "Time": "21:29"
            },
            {
              "Dst": "南勢角",
              "Time": "21:39"
            },
            {
              "Dst": "南勢角",
              "Time": "21:49"
            },
            {
              "Dst": "南勢角",
              "Time": "21:58"
            },
            {
              "Dst": "南勢角",
              "Time": "22:08"
            },
            {
              "Dst": "南勢角",
              "Time": "22:17"
            },
            {
              "Dst": "南勢角",
              "Time": "22:27"
            },
            {
              "Dst": "南勢角",
              "Time": "22:36"
            },
            {
              "Dst": "南勢角",
              "Time": "22:46"
            },
            {
              "Dst": "南勢角",
              "Time": "22:56"
            },
            {
              "Dst": "南勢角",
              "Time": "23:07"
            },
            {
              "Dst": "南勢角",
              "Time": "23:19"
            },
            {
              "Dst": "南勢角",
              "Time": "23:31"
            },
            {
              "Dst": "南勢角",
              "Time": "23:43"
            },
            {
              "Dst": "南勢角",
              "Time": "23:55"
            },
            {
              "Dst": "南勢角",
              "Time": "00:08"
            }
          ]
        },
        {
          "Days": "7",
          "Departures": [
            {
              "Dst": "南勢角",
              "Time": "06:03"
            },
            {
              "Dst": "南勢角",
              "Time": "06:08"
            },
            {
              "Dst": "南勢角",
              "Time": "06:17"
            },
            {
              "Dst": "南勢角",
              "Time": "06:25"
            },
            {
              "Dst": "南勢角",
              "Time": "06:34"
            },
            {
              "Dst": "南勢角",
              "Time": "06:43"
            },
            {
              "Dst": "南勢角",
              "Time": "06:52"
            },
            {
              "Dst": "南勢角",
              "Time": "07:02"
            },
            {
              "Dst": "南勢角",
              "Time": "07:12"
            },
            {
              "Dst": "南勢角",
              "Time": "07:21"
            },
            {
              "Dst": "南勢角",
              "Time": "07:31"
            },
            {
              "Dst": "南勢角",
              "Time": "07:40"
            },
            {
              "Dst": "南勢角",
              "Time": "07:50"
            },
            {
              "Dst": "南勢角",
              "Time": "07:59"
            },
            {
              "Dst": "南勢角",
              "Time": "08:09"
            },
            {
              "Dst": "南勢角",
              "Time": "08:19"
            },
            {
              "Dst": "南勢角",
              "Time": "08:28"
            },
            {
              "Dst": "南勢角",
              "Time": "08:38"
            },
            {
              "Dst": "南勢角",
              "Time": "08:46"
            },
            {
              "Dst": "南勢角",
              "Time": "08:55"
            },
            {
              "Dst": "南勢角",
              "Time": "09:03"
            },
            {
              "Dst": "南勢角",
              "Time": "09:12"
            },
            {
              "Dst": "南勢角",
              "Time": "09:20"
            },
            {
              "Dst": "南勢角",
              "Time": "09:28"
            },
            {
              "Dst": "南勢角",
              "Time": "09:36"
            },
            {
              "Dst": "南勢角",
              "Time": "09:45"
            },
            {
              "Dst": "南勢角",
              "Time": "09:54"
            },
            {
              "Dst": "南勢角",
              "Time": "10:02"
            },
            {
              "Dst": "南勢角",
              "Time": "10:10"
            },
            {
              "Dst": "南勢角",
              "Time": "10:19"
            },
            {
              "Dst": "南勢角",
              "Time": "10:27"
            },
            {
              "Dst": "南勢角",
              "Time": "10:36"
            },
            {
              "Dst": "南勢角",
              "Time": "10:44"
            },
            {
              "Dst": "南勢角",
              "Time": "10:53"
            },
            {
              "Dst": "南勢角",
              "Time": "11:01"
            },
            {
              "Dst": "南勢角",
              "Time": "11:10"
            },
            {
              "Dst": "南勢角",
              "Time": "11:18"
            },
            {
              "Dst": "南勢角",
              "Time": "11:27"
            },
            {
              "Dst": "南勢角",
              "Time": "11:35"
            },
            {
              "Dst": "南勢角",
              "Time": "11:44"
            },
            {
              "Dst": "南勢角",
              "Time": "11:52"
            },
            {
              "Dst": "南勢角",
              "Time": "12:01"
            },
            {
              "Dst": "南勢角",
              "Time": "12:09"
            },
            {
              "Dst": "南勢角",
              "Time": "12:18"
            },
            {
              "Dst": "南勢角",
              "Time": "12:26"
            },
            {
              "Dst": "南勢角",
              "Time": "12:35"
            },
            {
              "Dst": "南勢角",
              "Time": "12:43"
            },
            {
              "Dst": "南勢角",
              "Time": "12:52"
            },
            {
              "Dst": "南勢角",
              "Time": "13:00"
            },
            {
              "Dst": "南勢角",
              "Time": "13:09"
            },
            {
              "Dst": "南勢角",
              "Time": "13:17"
            },
            {
              "Dst": "南勢角",
              "Time": "13:26"
            },
            {
              "Dst": "南勢角",
              "Time": "13:34"
            },
            {
              "Dst": "南勢角",
              "Time": "13:43"
            },
            {
              "Dst": "南勢角",
              "Time": "13:51"
            },
            {
              "Dst": "南勢角",
              "Time": "14:00"
            },
            {
              "Dst": "南勢角",
              "Time": "14:08"
            },
            {
              "Dst": "南勢角",
              "Time": "14:17"
            },
            {
              "Dst": "南勢角",
              "Time": "14:25"
            },
            {
              "Dst": "南勢角",
              "Time": "14:34"
            },
            {
              "Dst": "南勢角",
              "Time": "14:42"
            },
            {
              "Dst": "南勢角",
              "Time": "14:51"
            },
            {
              "Dst": "南勢角",
              "Time": "14:59"
            },
            {
              "Dst": "南勢角",
              "Time": "15:08"
            },
            {
              "Dst": "南勢角",
              "Time": "15:16"
            },
            {
              "Dst": "南勢角",
              "Time": "15:25"
            },
            {
              "Dst": "南勢角",
              "Time": "15:33"
            },
            {
              "Dst": "南勢角",
              "Time": "15:42"
            },
            {
              "Dst": "南勢角",
              "Time": "15:50"
            },
            {
              "Dst": "南勢角",
              "Time": "15:59"
            },
            {
              "Dst": "南勢角",
              "Time": "16:07"
            },
            {
              "Dst": "南勢角",
              "Time": "16:16"
            },
            {
              "Dst": "南勢角",
              "Time": "16:24"
            },
            {
              "Dst": "南勢角",
              "Time": "16:33"
            },
            {
              "Dst": "南勢角",
              "Time": "16:41"
            },
            {
              "Dst": "南勢角",
              "Time": "16:50"
            },
            {
              "Dst": "南勢角",
              "Time": "16:58"
            },
            {
              "Dst": "南勢角",
              "Time": "17:07"
            },
            {
              "Dst": "南勢角",
              "Time": "17:15"
            },
            {
              "Dst": "南勢角",
              "Time": "17:24"
            },
            {
              "Dst": "南勢角",
              "Time": "17:32"
            },
            {
              "Dst": "南勢角",
              "Time": "17:41"
            },
            {
              "Dst": "南勢角",
              "Time": "17:49"
            },
            {
              "Dst": "南勢角",
              "Time": "17:58"
            },
            {
              "Dst": "南勢角",
              "Time": "18:06"
            },
            {
              "Dst": "南勢角",
              "Time": "18:15"
            },
            {
              "Dst": "南勢角",
              "Time": "18:23"
            },
            {
              "Dst": "南勢角",
              "Time": "18:32"
            },
            {
              "Dst": "南勢角",
              "Time": "18:40"
            },
            {
              "Dst": "南勢角",
              "Time": "18:49"
            },
            {
              "Dst": "南勢角",
              "Time": "18:57"
            },
            {
              "Dst": "南勢角",
              "Time": "19:06"
            },
            {
              "Dst": "南勢角",
              "Time": "19:16"
            },
            {
              "Dst": "南勢角",
              "Time": "19:25"
            },
            {
              "Dst": "南勢角",
              "Time": "19:35"
            },
            {
              "Dst": "南勢角",
              "Time": "19:44"
            },
            {
              "Dst": "南勢角",
              "Time": "19:54"
            },
            {
              "Dst": "南勢角",
              "Time": "20:03"
            },
            {
              "Dst": "南勢角",
              "Time": "20:13"
            },
            {
              "Dst": "南勢角",
              "Time": "20:23"
            },
            {
              "Dst": "南勢角",
              "Time": "20:32"
            },
            {
              "Dst": "南勢角",
              "Time": "20:42"
            },
            {
              "Dst": "南勢角",
              "Time": "20:51"
            },
            {
              "Dst": "南勢角",
              "Time": "21:01"
            },
            {
              "Dst": "南勢角",
              "Time": "21:10"
            },
            {
              "Dst": "南勢角",
              "Time": "21:20"
            },
            {
              "Dst": "南勢角",
              "Time": "21:29"
            },
            {
              "Dst": "南勢角",
              "Time": "21:39"
            },
            {
              "Dst": "南勢角",
              "Time": "21:49"
            },
            {
              "Dst": "南勢角",
              "Time": "21:58"
            },
            {
              "Dst": "南勢角",
              "Time": "22:08"
            },
            {
              "Dst": "南勢角",
              "Time": "22:17"
            },
            {
              "Dst": "南勢角",
              "Time": "22:27"
            },
            {
              "Dst": "南勢角",
              "Time": "22:36"
            },
            {
              "Dst": "南勢角",
              "Time": "22:46"
            },
            {
              "Dst": "南勢角",
              "Time": "22:56"
            },
            {
              "Dst": "南勢角",
              "Time": "23:07"
            },
            {
              "Dst": "南勢角",
              "Time": "23:19"
            },
            {
              "Dst": "南勢角",
              "Time": "23:31"
            },
            {
              "Dst": "南勢角",
              "Time": "23:43"
            },
            {
              "Dst": "南勢角",
              "Time": "23:55"
            },
            {
              "Dst": "南勢角",
              "Time": "00:08"
            }
          ]
        }
      ]
    }
  ]
}