{
  "StationCode": "O19",
  "StationName": "輔大",
  "Timetables": [
    {
      "Direction": "往O21迴龍站",
      "EffectiveFrom": "2017-08-01",
      "Schedule": [
        {
          "Days": "1,2,3,4,5",
          "Departures": [
            {
              "Dst": "迴龍",
              "Time": "06:03"
            },
            {
              "Dst": "迴龍",
              "Time": "06:12"
            },
            {
              "Dst": "迴龍",
              "Time": "06:23"
            },
            {
              "Dst": "迴龍",
              "Time": "06:32"
            },
            {
              "Dst": "迴龍",
              "Time": "06:39"
            },
            {
              "Dst": "迴龍",
              "Time": "06:47"
            },
            {
              "Dst": "迴龍",
              "Time": "06:52"
            },
            {
              "Dst": "迴龍",
              "Time": "06:55"
            },
            {
              "Dst": "迴龍",
              "Time": "07:03"
            },
            {
              "Dst": "迴龍",
              "Time": "07:10"
            },
            {
              "Dst": "迴龍",
              "Time": "07:15"
            },
            {
              "Dst": "迴龍",
              "Time": "07:18"
            },
            {
              "Dst": "迴龍",
              "Time": "07:27"
            },
            {
              "Dst": "迴龍",
              "Time": "07:31"
            },
            {
              "Dst": "迴龍",
              "Time": "07:35"
            },
            {
              "Dst": "迴龍",
              "Time": "07:43"
            },
            {
              "Dst": "迴龍",
              "Time": "07:47"
            },
            {
              "Dst": "迴龍",
              "Time": "07:51"
            },
            {
              "Dst": "迴龍",
              "Time": "07:58"
            },
            {
              "Dst": "迴龍",
              "Time": "08:04"
            },
            {
              "Dst": "迴龍",
              "Time": "08:10"
            },
            {
              "Dst": "迴龍",
              "Time": "08:16"
            },
            {
              "Dst": "迴龍",
              "Time": "08:22"
            },
            {
              "Dst": "迴龍",
              "Time": "08:28"
            },
            {
              "Dst": "迴龍",
              "Time": "08:34"
            },
            {
              "Dst": "迴龍",
              "Time": "08:40"
            },
            {
              "Dst": "迴龍",
              "Time": "08:46"
            },
            {
              "Dst": "迴龍",
              "Time": "08:52"
            },
            {
              "Dst": "迴龍",
              "Time": "08:58"
            },
            {
              "Dst": "迴龍",
              "Time": "09:04"
            },
            {
              "Dst": "迴龍",
              "Time": "09:09"
            },
            {
              "Dst": "迴龍",
              "Time": "09:15"
            },
            {
              "Dst": "迴龍",
              "Time": "09:20"
            },
            {
              "Dst": "迴龍",
              "Time": "09:24"
            },
            {
              "Dst": "迴龍",
              "Time": "09:29"
            },
            {
              "Dst": "迴龍",
              "Time": "09:35"
            },
            {
              "Dst": "迴龍",
              "Time": "09:40"
            },
            {
              "Dst": "迴龍",
              "Time": "09:45"
            },
            {
              "Dst": "迴龍",
              "Time": "09:51"
            },
            {
              "Dst": "迴龍",
              "Time": "09:57"
            },
            {
              "Dst": "迴龍",
              "Time": "10:03"
            },
            {
              "Dst": "迴龍",
              "Time": "10:10"
            },
            {
              "Dst": "迴龍",
              "Time": "10:18"
            },
            {
              "Dst": "迴龍",
              "Time": "10:26"
            },
            {
              "Dst": "迴龍",
              "Time": "10:34"
            },
            {
              "Dst": "迴龍",
              "Time": "10:42"
            },
            {
              "Dst": "迴龍",
              "Time": "10:51"
            },
            {
              "Dst": "迴龍",
              "Time": "10:59"
            },
            {
              "Dst": "迴龍",
              "Time": "11:08"
            },
            {
              "Dst": "迴龍",
              "Time": "11:16"
            },
            {
              "Dst": "迴龍",
              "Time": "11:25"
            },
            {
              "Dst": "迴龍",
              "Time": "11:33"
            },
            {
              "Dst": "迴龍",
              "Time": "11:42"
            },
            {
              "Dst": "迴龍",
              "Time": "11:50"
            },
            {
              "Dst": "迴龍",
              "Time": "11:59"
            },
            {
              "Dst": "迴龍",
              "Time": "12:07"
            },
            {
              "Dst": "迴龍",
              "Time": "12:16"
            },
            {
              "Dst": "迴龍",
              "Time": "12:24"
            },
            {
              "Dst": "迴龍",
              "Time": "12:33"
            },
            {
              "Dst": "迴龍",
              "Time": "12:41"
            },
            {
              "Dst": "迴龍",
              "Time": "12:50"
            },
            {
              "Dst": "迴龍",
              "Time": "12:58"
            },
            {
              "Dst": "迴龍",
              "Time": "13:07"
            },
            {
              "Dst": "迴龍",
              "Time": "13:15"
            },
            {
              "Dst": "迴龍",
              "Time": "13:24"
            },
            {
              "Dst": "迴龍",
              "Time": "13:32"
            },
            {
              "Dst": "迴龍",
              "Time": "13:41"
            },
            {
              "Dst": "迴龍",
              "Time": "13:49"
            },
            {
              "Dst": "迴龍",
              "Time": "13:58"
            },
            {
              "Dst": "迴龍",
              "Time": "14:06"
            },
            {
              "Dst": "迴龍",
              "Time": "14:15"
            },
            {
              "Dst": "迴龍",
              "Time": "14:23"
            },
            {
              "Dst": "迴龍",
              "Time": "14:32"
            },
            {
              "Dst": "迴龍",
              "Time": "14:40"
            },
            {
              "Dst": "迴龍",
              "Time": "14:49"
            },
            {
              "Dst": "迴龍",
              "Time": "14:57"
            },
            {
              "Dst": "迴龍",
              "Time": "15:06"
            },
            {
              "Dst": "迴龍",
              "Time": "15:14"
            },
            {
              "Dst": "迴龍",
              "Time": "15:23"
            },
            {
              "Dst": "迴龍",
              "Time": "15:31"
            },
            {
              "Dst": "迴龍",
              "Time": "15:40"
            },
            {
              "Dst": "迴龍",
              "Time": "15:48"
            },
            {
              "Dst": "迴龍",
              "Time": "15:57"
            },
            {
              "Dst": "迴龍",
              "Time": "16:05"
            },
            {
              "Dst": "迴龍",
              "Time": "16:13"
            },
            {
              "Dst": "迴龍",
              "Time": "16:20"
            },
            {
              "Dst": "迴龍",
              "Time": "16:29"
            },
            {
              "Dst": "迴龍",
              "Time": "16:37"
            },
            {
              "Dst": "迴龍",
              "Time": "16:46"
            },
            {
              "Dst": "迴龍",
              "Time": "16:51"
            },
            {
              "Dst": "迴龍",
              "Time": "16:54"
            },
            {
              "Dst": "迴龍",
              "Time": "17:03"
            },
            {
              "Dst": "迴龍",
              "Time": "17:11"
            },
            {
              "Dst": "迴龍",
              "Time": "17:17"
            },
            {
              "Dst": "迴龍",
              "Time": "17:20"
            },
            {
              "Dst": "迴龍",
              "Time": "17:28"
            },
            {
              "Dst": "迴龍",
              "Time": "17:36"
            },
            {
              "Dst": "迴龍",
              "Time": "17:42"
            },
            {
              "Dst": "迴龍",
              "Time": "17:45"
            },
            {
              "Dst": "迴龍",
              "Time": "17:51"
            },
            {
              "Dst": "迴龍",
              "Time": "17:58"
            },
            {
              "Dst": "迴龍",
              "Time": "18:04"
            },
            {
              "Dst": "迴龍",
              "Time": "18:10"
            },
            {
              "Dst": "迴龍",
              "Time": "18:17"
            },
            {
              "Dst": "迴龍",
              "Time": "18:23"
            },
            {
              "Dst": "迴龍",
              "Time": "18:29"
            },
            {
              "Dst": "迴龍",
              "Time": "18:36"
            },
            {
              "Dst": "迴龍",
              "Time": "18:42"
            },
            {
              "Dst": "迴龍",
              "Time": "18:48"
            },
            {
              "Dst": "迴龍",
              "Time": "18:55"
            },
            {
              "Dst": "迴龍",
              "Time": "19:01"
            },
            {
              "Dst": "迴龍",
              "Time": "19:07"
            },
            {
              "Dst": "迴龍",
              "Time": "19:14"
            },
            {
              "Dst": "迴龍",
              "Time": "19:20"
            },
            {
              "Dst": "迴龍",
              "Time": "19:26"
            },
            {
              "Dst": "迴龍",
              "Time": "19:34"
            },
            {
              "Dst": "迴龍",
              "Time": "19:39"
            },
            {
              "Dst": "迴龍",
              "Time": "19:45"
            },
            {
              "Dst": "迴龍",
              "Time": "19:52"
            },
            {
              "Dst": "迴龍",
              "Time": "19:59"
            },
            {
              "Dst": "迴龍",
              "Time": "20:04"
            },
            {
              "Dst": "迴龍",
              "Time": "20:11"
            },
            {
              "Dst": "迴龍",
              "Time": "20:17"
            },
            {
              "Dst": "迴龍",
              "Time": "20:23"
            },
            {
              "Dst": "迴龍",
              "Time": "20:30"
            },
            {
              "Dst": "迴龍",
              "Time": "20:38"
            },
            {
              "Dst": "迴龍",
              "Time": "20:46"
            },
            {
              "Dst": "迴龍",
              "Time": "20:54"
            },
            {
              "Dst": "迴龍",
              "Time": "21:02"
            },
            {
              "Dst": "迴龍",
              "Time": "21:10"
            },
            {
              "Dst": "迴龍",
              "Time": "21:18"
            },
            {
              "Dst": "迴龍",
              "Time": "21:26"
            },
            {
              "Dst": "迴龍",
              "Time": "21:34"
            },
            {
              "Dst": "迴龍",
              "Time": "21:42"
            },
            {
              "Dst": "迴龍",
              "Time": "21:50"
            },
            {
              "Dst": "迴龍",
              "Time": "21:58"
            },
            {
              "Dst": "迴龍",
              "Time": "22:06"
            },
            {
              "Dst": "迴龍",
              "Time": "22:14"
            },
            {
              "Dst": "迴龍",
              "Time": "22:23"
            },
            {
              "Dst": "迴龍",
              "Time": "22:31"
            },
            {
              "Dst": "迴龍",
              "Time": "22:38"
            },
            {
              "Dst": "迴龍",
              "Time": "22:46"
            },
            {
              "Dst": "迴龍",
              "Time": "22:53"
            },
            {
              "Dst": "迴龍",
              "Time": "23:02"
            },
            {
              "Dst": "迴龍",
              "Time": "23:10"
            },
            {
              "Dst": "迴龍",
              "Time": "23:18"
            },
            {
              "Dst": "迴龍",
              "Time": "23:25"
            },
            {
              "Dst": "迴龍",
              "Time": "23:34"
            },
            {
              "Dst": "迴龍",
              "Time": "23:40"
            },
            {
              "Dst": "迴龍",
              "Time": "23:52"
            },
            {
              "Dst": "迴龍",
              "Time": "00:04"
            },
            {
              "Dst": "迴龍",
              "Time": "00:16"
            },
            {
              "Dst": "迴龍",
              "Time": "00:28"
            },
            {
              "Dst": "迴龍",
              "Time": "00:40"
            },
            {
              "Dst": "迴龍",
              "Time": "00:48"
            },
            {
              "Dst": "迴龍",
              "Time": "01:04"
            }
          ]
        },
        {
          "Days": "6",
          "Departures": [
            {
              "Dst": "迴龍",
              "Time": "06:03"
            },
            {
              "Dst": "迴龍",
              "Time": "06:11"
            },
            {
              "Dst": "迴龍",
              "Time": "06:21"
            },
            {
              "Dst": "迴龍",
              "Time": "06:31"
            },
            {
              "Dst": "迴龍",
              "Time": "06:39"
            },
            {
              "Dst": "迴龍",
              "Time": "06:48"
            },
            {
              "Dst": "迴龍",
              "Time": "06:57"
            },
            {
              "Dst": "迴龍",
              "Time": "07:07"
            },
            {
              "Dst": "迴龍",
              "Time": "07:17"
            },
            {
              "Dst": "迴龍",
              "Time": "07:26"
            },
            {
              "Dst": "迴龍",
              "Time": "07:36"
            },
            {
              "Dst": "迴龍",
              "Time": "07:45"
            },
            {
              "Dst": "迴龍",
              "Time": "07:55"
            },
            {
              "Dst": "迴龍",
              "Time": "08:04"
            },
            {
              "Dst": "迴龍",
              "Time": "08:14"
            },
            {
              "Dst": "迴龍",
              "Time": "08:23"
            },
            {
              "Dst": "迴龍",
              "Time": "08:33"
            },
            {
              "Dst": "迴龍",
              "Time": "08:42"
            },
            {
              "Dst": "迴龍",
              "Time": "08:52"
            },
            {
              "Dst": "迴龍",
              "Time": "09:02"
            },
            {
              "Dst": "迴龍",
              "Time": "09:07"
            },
            {
              "Dst": "迴龍",
              "Time": "09:11"
            },
            {
              "Dst": "迴龍",
              "Time": "09:21"
            },
            {
              "Dst": "迴龍",
              "Time": "09:30"
            },
            {
              "Dst": "迴龍",
              "Time": "09:40"
            },
            {
              "Dst": "迴龍",
              "Time": "09:50"
            },
            {
              "Dst": "迴龍",
              "Time": "09:56"
            },
            {
              "Dst": "迴龍",
              "Time": "10:01"
            },
            {
              "Dst": "迴龍",
              "Time": "10:10"
            },
            {
              "Dst": "迴龍",
              "Time": "10:19"
            },
            {
              "Dst": "迴龍",
              "Time": "10:28"
            },
            {
              "Dst": "迴龍",
              "Time": "10:38"
            },
            {
              "Dst": "迴龍",
              "Time": "10:46"
            },
            {
              "Dst": "迴龍",
              "Time": "10:55"
            },
            {
              "Dst": "迴龍",
              "Time": "11:03"
            },
            {
              "Dst": "迴龍",
              "Time": "11:12"
            },
            {
              "Dst": "迴龍",
              "Time": "11:20"
            },
            {
              "Dst": "迴龍",
              "Time": "11:29"
            },
            {
              "Dst": "迴龍",
              "Time": "11:37"
            },
            {
              "Dst": "迴龍",
              "Time": "11:46"
            },
            {
              "Dst": "迴龍",
              "Time": "11:54"
            },
            {
              "Dst": "迴龍",
              "Time": "12:03"
            },
            {
              "Dst": "迴龍",
              "Time": "12:11"
            },
            {
              "Dst": "迴龍",
              "Time": "12:20"
            },
            {
              "Dst": "迴龍",
              "Time": "12:28"
            },
            {
              "Dst": "迴龍",
              "Time": "12:37"
            },
            {
              "Dst": "迴龍",
              "Time": "12:45"
            },
            {
              "Dst": "迴龍",
              "Time": "12:54"
            },
            {
              "Dst": "迴龍",
              "Time": "13:02"
            },
            {
              "Dst": "迴龍",
              "Time": "13:11"
            },
            {
              "Dst": "迴龍",
              "Time": "13:19"
            },
            {
              "Dst": "迴龍",
              "Time": "13:28"
            },
            {
              "Dst": "迴龍",
              "Time": "13:36"
            },
            {
              "Dst": "迴龍",
              "Time": "13:45"
            },
            {
              "Dst": "迴龍",
              "Time": "13:53"
            },
            {
              "Dst": "迴龍",
              "Time": "14:02"
            },
            {
              "Dst": "迴龍",
              "Time": "14:10"
            },
            {
              "Dst": "迴龍",
              "Time": "14:19"
            },
            {
              "Dst": "迴龍",
              "Time": "14:27"
            },
            {
              "Dst": "迴龍",
              "Time": "14:36"
            },
            {
              "Dst": "迴龍",
              "Time": "14:44"
            },
            {
              "Dst": "迴龍",
              "Time": "14:53"
            },
            {
              "Dst": "迴龍",
              "Time": "15:01"
            },
            {
              "Dst": "迴龍",
              "Time": "15:10"
            },
            {
              "Dst": "迴龍",
              "Time": "15:18"
            },
            {
              "Dst": "迴龍",
              "Time": "15:27"
            },
            {
              "Dst": "迴龍",
              "Time": "15:35"
            },
            {
              "Dst": "迴龍",
              "Time": "15:44"
            },
            {
              "Dst": "迴龍",
              "Time": "15:52"
            },
            {
              "Dst": "迴龍",
              "Time": "16:01"
            },
            {
              "Dst": "迴龍",
              "Time": "16:09"
            },
            {
              "Dst": "迴龍",
              "Time": "16:18"
            },
            {
              "Dst": "迴龍",
              "Time": "16:26"
            },
            {
              "Dst": "迴龍",
              "Time": "16:35"
            },
            {
              "Dst": "迴龍",
              "Time": "16:43"
            },
            {
              "Dst": "迴龍",
              "Time": "16:52"
            },
            {
              "Dst": "迴龍",
              "Time": "17:00"
            },
            {
              "Dst": "迴龍",
              "Time": "17:09"
            },
            {
              "Dst": "迴龍",
              "Time": "17:17"
            },
            {
              "Dst": "迴龍",
              "Time": "17:26"
            },
            {
              "Dst": "迴龍",
              "Time": "17:34"
            },
            {
              "Dst": "迴龍",
              "Time": "17:43"
            },
            {
              "Dst": "迴龍",
              "Time": "17:51"
            },
            {
              "Dst": "迴龍",
              "Time": "18:00"
            },
            {
              "Dst": "迴龍",
              "Time": "18:08"
            },
            {
              "Dst": "迴龍",
              "Time": "18:17"
            },
            {
              "Dst": "迴龍",
              "Time": "18:25"
            },
            {
              "Dst": "迴龍",
              "Time": "18:34"
            },
            {
              "Dst": "迴龍",
              "Time": "18:42"
            },
            {
              "Dst": "迴龍",
              "Time": "18:51"
            },
            {
              "Dst": "迴龍",
              "Time": "18:59"
            },
            {
              "Dst": "迴龍",
              "Time": "19:08"
            },
            {
              "Dst": "迴龍",
              "Time": "19:16"
            },
            {
              "Dst": "迴龍",
              "Time": "19:25"
            },
            {
              "Dst": "迴龍",
              "Time": "19:32"
            },
            {
              "Dst": "迴龍",
              "Time": "19:42"
            },
            {
              "Dst": "迴龍",
              "Time": "19:50"
            },
            {
              "Dst": "迴龍",
              "Time": "19:59"
            },
            {
              "Dst": "迴龍",
              "Time": "20:07"
            },
            {
              "Dst": "迴龍",
              "Time": "20:16"
            },
            {
              "Dst": "迴龍",
              "Time": "20:24"
            },
            {
              "Dst": "迴龍",
              "Time": "20:33"
            },
            {
              "Dst": "迴龍",
              "Time": "20:42"
            },
            {
              "Dst": "迴龍",
              "Time": "20:49"
            },
            {
              "Dst": "迴龍",
              "Time": "20:57"
            },
            {
              "Dst": "迴龍",
              "Time": "21:06"
            },
            {
              "Dst": "迴龍",
              "Time": "21:15"
            },
            {
              "Dst": "迴龍",
              "Time": "21:25"
            },
            {
              "Dst": "迴龍",
              "Time": "21:34"
            },
            {
              "Dst": "迴龍",
              "Time": "21:44"
            },
            {
              "Dst": "迴龍",
              "Time": "21:53"
            },
            {
              "Dst": "迴龍",
              "Time": "22:03"
            },
            {
              "Dst": "迴龍",
              "Time": "22:12"
            },
            {
              "Dst": "迴龍",
              "Time": "22:22"
            },
            {
              "Dst": "迴龍",
              "Time": "22:32"
            },
            {
              "Dst": "迴龍",
              "Time": "22:41"
            },
            {
              "Dst": "迴龍",
              "Time": "22:51"
            },
            {
              "Dst": "迴龍",
              "Time": "23:00"
            },
            {
              "Dst": "迴龍",
              "Time": "23:10"
            },
            {
              "Dst": "迴龍",
              "Time": "23:18"
            },
            {
              "Dst": "迴龍",
              "Time": "23:28"
            },
            {
              "Dst": "迴龍",
              "Time": "23:40"
            },
            {
              "Dst": "迴龍",
              "Time": "23:52"
            },
            {
              "Dst": "迴龍",
              "Time": "00:04"
            },
            {
              "Dst": "迴龍",
              "Time": "00:16"
            },
            {
              "Dst": "迴龍",
              "Time": "00:28"
            },
            {
              "Dst": "迴龍",
              "Time": "00:40"
            },
            {
              "Dst": "迴龍",
              "Time": "00:48"
            },
            {
              "Dst": "迴龍",
              "Time": "01:04"
            }
          ]
        },
        {
          "Days": "7",
          "Departures": [
            {
              "Dst": "迴龍",
              "Time": "06:03"
            },
            {
              "Dst": "迴龍",
              "Time": "06:11"
            },
            {
              "Dst": "迴龍",
              "Time": "06:21"
            },
            {
              "Dst": "迴龍",
              "Time": "06:31"
            },
            {
              "Dst": "迴龍",
              "Time": "06:39"
            },
            {
              "Dst": "迴龍",
              "Time": "06:48"
            },
            {
              "Dst": "迴龍",
              "Time": "06:57"
            },
            {
              "Dst": "迴龍",
              "Time": "07:07"
            },
            {
              "Dst": "迴龍",
              "Time": "07:17"
            },
            {
              "Dst": "迴龍",
              "Time": "07:26"
            },
            {
              "Dst": "迴龍",
              "Time": "07:36"
            },
            {
              "Dst": "迴龍",
              "Time": "07:45"
            },
            {
              "Dst": "迴龍",
              "Time": "07:55"
            },
            {
              "Dst": "迴龍",
              "Time": "08:04"
            },
            {
              "Dst": "迴龍",
              "Time": "08:14"
            },
            {
              "Dst": "迴龍",
              "Time": "08:23"
            },
            {
              "Dst": "迴龍",
              "Time": "08:33"
            },
            {
              "Dst": "迴龍",
              "Time": "08:42"
            },
            {
              "Dst": "迴龍",
              "Time": "08:52"
            },
            {
              "Dst": "迴龍",
              "Time": "09:02"
            },
            {
              "Dst": "迴龍",
              "Time": "09:07"
            },
            {
              "Dst": "迴龍",
              "Time": "09:11"
            },
            {
              "Dst": "迴龍",
              "Time": "09:21"
            },
            {
              "Dst": "迴龍",
              "Time": "09:30"
            },
            {
              "Dst": "迴龍",
              "Time": "09:40"
            },
            {
              "Dst": "迴龍",
              "Time": "09:50"
            },
            {
              "Dst": "迴龍",
              "Time": "09:56"
            },
            {
              "Dst": "迴龍",
              "Time": "10:01"
            },
            {
              "Dst": "迴龍",
              "Time": "10:10"
            },
            {
              "Dst": "迴龍",
              "Time": "10:19"
            },
            {
              "Dst": "迴龍",
              "Time": "10:28"
            },
            {
              "Dst": "迴龍",
              "Time": "10:38"
            },
            {
              "Dst": "迴龍",
              "Time": "10:46"
            },
            {
              "Dst": "迴龍",
              "Time": "10:55"
            },
            {
              "Dst": "迴龍",
              "Time": "11:03"
            },
            {
              "Dst": "迴龍",
              "Time": "11:12"
            },
            {
              "Dst": "迴龍",
              "Time": "11:20"
            },
            {
              "Dst": "迴龍",
              "Time": "11:29"
            },
            {
              "Dst": "迴龍",
              "Time": "11:37"
            },
            {
              "Dst": "迴龍",
              "Time": "11:46"
            },
            {
              "Dst": "迴龍",
              "Time": "11:54"
            },
            {
              "Dst": "迴龍",
              "Time": "12:03"
            },
            {
              "Dst": "迴龍",
              "Time": "12:11"
            },
            {
              "Dst": "迴龍",
              "Time": "12:20"
            },
            {
              "Dst": "迴龍",
              "Time": "12:28"
            },
            {
              "Dst": "迴龍",
              "Time": "12:37"
            },
            {
              "Dst": "迴龍",
              "Time": "12:45"
            },
            {
              "Dst": "迴龍",
              "Time": "12:54"
            },
            {
              "Dst": "迴龍",
              "Time": "13:02"
            },
            {
              "Dst": "迴龍",
              "Time": "13:11"
            },
            {
              "Dst": "迴龍",
              "Time": "13:19"
            },
            {
              "Dst": "迴龍",
              "Time": "13:28"
            },
            {
              "Dst": "迴龍",
              "Time": "13:36"
            },
            {
              "Dst": "迴龍",
              "Time": "13:45"
            },
            {
              "Dst": "迴龍",
              "Time": "13:53"
            },
            {
              "Dst": "迴龍",
              "Time": "14:02"
            },
            {
              "Dst": "迴龍",
              "Time": "14:10"
            },
            {
              "Dst": "迴龍",
              "Time": "14:19"
            },
            {
              "Dst": "迴龍",
              "Time": "14:27"
            },
            {
              "Dst": "迴龍",
              "Time": "14:36"
            },
            {
              "Dst": "迴龍",
              "Time": "14:44"
            },
            {
              "Dst": "迴龍",
              "Time": "14:53"
            },
            {
              "Dst": "迴龍",
              "Time": "15:01"
            },
            {
              "Dst": "迴龍",
              "Time": "15:10"
            },
            {
              "Dst": "迴龍",
              "Time": "15:18"
            },
            {
              "Dst": "迴龍",
              "Time": "15:27"
            },
            {
              "Dst": "迴龍",
              "Time": "15:35"
            },
            {
              "Dst": "迴龍",
              "Time": "15:44"
            },
            {
              "Dst": "迴龍",
              "Time": "15:52"
            },
            {
              "Dst": "迴龍",
              "Time": "16:01"
            },
            {
              "Dst": "迴龍",
              "Time": "16:09"
            },
            {
              "Dst": "迴龍",
              "Time": "16:18"
            },
            {
              "Dst": "迴龍",
              "Time": "16:26"
            },
            {
              "Dst": "迴龍",
              "Time": "16:35"
            },
            {
              "Dst": "迴龍",
              "Time": "16:43"
            },
            {
              "Dst": "迴龍",
              "Time": "16:52"
            },
            {
              "Dst": "迴龍",
              "Time": "17:00"
            },
            {
              "Dst": "迴龍",
              "Time": "17:09"
            },
            {
              "Dst": "迴龍",
              "Time": "17:17"
            },
            {
              "Dst": "迴龍",
              "Time": "17:26"
            },
            {
              "Dst": "迴龍",
              "Time": "17:34"
            },
            {
              "Dst": "迴龍",
              "Time": "17:43"
            },
            {
              "Dst": "迴龍",
              "Time": "17:51"
            },
            {
              "Dst": "迴龍",
              "Time": "18:00"
            },
            {
              "Dst": "迴龍",
              "Time": "18:08"
            },
            {
              "Dst": "迴龍",
              "Time": "18:17"
            },
            {
              "Dst": "迴龍",
              "Time": "18:25"
            },
            {
              "Dst": "迴龍",
              "Time": "18:34"
            },
            {
              "Dst": "迴龍",
              "Time": "18:42"
            },
            {
              "Dst": "迴龍",
              "Time": "18:51"
            },
            {
              "Dst": "迴龍",
              "Time": "18:59"
            },
            {
              "Dst": "迴龍",
              "Time": "19:08"
            },
            {
              "Dst": "迴龍",
              "Time": "19:16"
            },
            {
              "Dst": "迴龍",
              "Time": "19:25"
            },
            {
              "Dst": "迴龍",
              "Time": "19:32"
            },
            {
              "Dst": "迴龍",
              "Time": "19:42"
            },
            {
              "Dst": "迴龍",
              "Time": "19:50"
            },
            {
              "Dst": "迴龍",
              "Time": "19:59"
            },
            {
              "Dst": "迴龍",
              "Time": "20:07"
            },
            {
              "Dst": "迴龍",
              "Time": "20:16"
            },
            {
              "Dst": "迴龍",
              "Time": "20:24"
            },
            {
              "Dst": "迴龍",
              "Time": "20:33"
            },
            {
              "Dst": "迴龍",
              "Time": "20:42"
            },
            {
              "Dst": "迴龍",
              "Time": "20:49"
            },
            {
              "Dst": "迴龍",
              "Time": "20:57"
            },
            {
              "Dst": "迴龍",
              "Time": "21:06"
            },
            {
              "Dst": "迴龍",
              "Time": "21:15"
            },
            {
              "Dst": "迴龍",
              "Time": "21:25"
            },
            {
              "Dst": "迴龍",
              "Time": "21:34"
            },
            {
              "Dst": "迴龍",
              "Time": "21:44"
            },
            {
              "Dst": "迴龍",
              "Time": "21:53"
            },
            {
              "Dst": "迴龍",
              "Time": "22:03"
            },
            {
              "Dst": "迴龍",
              "Time": "22:12"
            },
            {
              "Dst": "迴龍",
              "Time": "22:22"
            },
            {
              "Dst": "迴龍",
              "Time": "22:32"
            },
            {
              "Dst": "迴龍",
              "Time": "22:41"
            },
            {
              "Dst": "迴龍",
              "Time": "22:51"
            },
            {
              "Dst": "迴龍",
              "Time": "23:00"
            },
            {
              "Dst": "迴龍",
              "Time": "23:10"
            },
            {
              "Dst": "迴龍",
              "Time": "23:18"
            },
            {
              "Dst": "迴龍",
              "Time": "23:28"
            },
            {
              "Dst": "迴龍",
              "Time": "23:40"
            },
            {
              "Dst": "迴龍",
              "Time": "23:52"
            },
            {
              "Dst": "迴龍",
              "Time": "00:04"
            },
            {
              "Dst": "迴龍",
              "Time": "00:16"
            },
            {
              "Dst": "迴龍",
              "Time": "00:28"
            },
            {
              "Dst": "迴龍",
              "Time": "00:40"
            },
            {
              "Dst": "迴龍",
              "Time": "00:48"
            },
            {
              "Dst": "迴龍",
              "Time": "01:04"
            }
          ]
        }
      ]
    },
    {
      "Direction": "往O01南勢角站",
      "EffectiveFrom": "2017-08-01",
      "Schedule": [
        {
          "Days": "1,2,3,4,5",
          "Departures": [
            {
              "Dst": "南勢角",
              "Time": "06:00"
            },
            {
              "Dst": "南勢角",
              "Time": "06:06"
            },
            {
              "Dst": "南勢角",
              "Time": "06:14"
            },
            {
              "Dst": "南勢角",
              "Time": "06:22"
            },
            {
              "Dst": "南勢角",
              "Time": "06:30"
            },
            {
              "Dst": "南勢角",
              "Time": "06:38"
            },
            {
              "Dst": "南勢角",
              "Time": "06:46"
            },
            {
              "Dst": "南勢角",
              "Time": "06:53"
            },
            {
              "Dst": "南勢角",
              "Time": "06:59"
            },
            {
              "Dst": "南勢角",
              "Time": "07:05"
            },
            {
              "Dst": "南勢角",
              "Time": "07:11"
            },
            {
              "Dst": "南勢角",
              "Time": "07:17"
            },
            {
              "Dst": "南勢角",
              "Time": "07:23"
            },
            {
              "Dst": "南勢角",
              "Time": "07:29"
            },
            {
              "Dst": "南勢角",
              "Time": "07:35"
            },
            {
              "Dst": "南勢角",
              "Time": "07:40"
            },
            {
              "Dst": "南勢角",
              "Time": "07:45"
            },
            {
              "Dst": "南勢角",
              "Time": "07:50"
            },
            {
              "Dst": "南勢角",
              "Time": "07:55"
            },
            {
              "Dst": "南勢角",
              "Time": "08:00"
            },
            {
              "Dst": "南勢角",
              "Time": "08:05"
            },
            {
              "Dst": "南勢角",
              "Time": "08:11"
            },
            {
              "Dst": "南勢角",
              "Time": "08:16"
            },
            {
              "Dst": "南勢角",
              "Time": "08:21"
            },
            {
              "Dst": "南勢角",
              "Time": "08:27"
            },
            {
              "Dst": "南勢角",
              "Time": "08:33"
            },
            {
              "Dst": "南勢角",
              "Time": "08:39"
            },
            {
              "Dst": "南勢角",
              "Time": "08:45"
            },
            {
              "Dst": "南勢角",
              "Time": "08:51"
            },
            {
              "Dst": "南勢角",
              "Time": "08:57"
            },
            {
              "Dst": "南勢角",
              "Time": "09:05"
            },
            {
              "Dst": "南勢角",
              "Time": "09:13"
            },
            {
              "Dst": "南勢角",
              "Time": "09:21"
            },
            {
              "Dst": "南勢角",
              "Time": "09:30"
            },
            {
              "Dst": "南勢角",
              "Time": "09:38"
            },
            {
              "Dst": "南勢角",
              "Time": "09:47"
            },
            {
              "Dst": "南勢角",
              "Time": "09:55"
            },
            {
              "Dst": "南勢角",
              "Time": "10:04"
            },
            {
              "Dst": "南勢角",
              "Time": "10:12"
            },
            {
              "Dst": "南勢角",
              "Time": "10:21"
            },
            {
              "Dst": "南勢角",
              "Time": "10:29"
            },
            {
              "Dst": "南勢角",
              "Time": "10:38"
            },
            {
              "Dst": "南勢角",
              "Time": "10:46"
            },
            {
              "Dst": "南勢角",
              "Time": "10:55"
            },
            {
              "Dst": "南勢角",
              "Time": "11:03"
            },
            {
              "Dst": "南勢角",
              "Time": "11:12"
            },
            {
              "Dst": "南勢角",
              "Time": "11:20"
            },
            {
              "Dst": "南勢角",
              "Time": "11:29"
            },
            {
              "Dst": "南勢角",
              "Time": "11:37"
            },
            {
              "Dst": "南勢角",
              "Time": "11:46"
            },
            {
              "Dst": "南勢角",
              "Time": "11:54"
            },
            {
              "Dst": "南勢角",
              "Time": "12:03"
            },
            {
              "Dst": "南勢角",
              "Time": "12:11"
            },
            {
              "Dst": "南勢角",
              "Time": "12:20"
            },
            {
              "Dst": "南勢角",
              "Time": "12:28"
            },
            {
              "Dst": "南勢角",
              "Time": "12:37"
            },
            {
              "Dst": "南勢角",
              "Time": "12:45"
            },
            {
              "Dst": "南勢角",
              "Time": "12:54"
            },
            {
              "Dst": "南勢角",
              "Time": "13:02"
            },
            {
              "Dst": "南勢角",
              "Time": "13:11"
            },
            {
              "Dst": "南勢角",
              "Time": "13:19"
            },
            {
              "Dst": "南勢角",
              "Time": "13:28"
            },
            {
              "Dst": "南勢角",
              "Time": "13:36"
            },
            {
              "Dst": "南勢角",
              "Time": "13:45"
            },
            {
              "Dst": "南勢角",
              "Time": "13:53"
            },
            {
              "Dst": "南勢角",
              "Time": "14:02"
            },
            {
              "Dst": "南勢角",
              "Time": "14:10"
            },
            {
              "Dst": "南勢角",
              "Time": "14:19"
            },
            {
              "Dst": "南勢角",
              "Time": "14:27"
            },
            {
              "Dst": "南勢角",
              "Time": "14:36"
            },
            {
              "Dst": "南勢角",
              "Time": "14:44"
            },
            {
              "Dst": "南勢角",
              "Time": "14:53"
            },
            {
              "Dst": "南勢角",
              "Time": "15:01"
            },
            {
              "Dst": "南勢角",
              "Time": "15:10"
            },
            {
              "Dst": "南勢角",
              "Time": "15:18"
            },
            {
              "Dst": "南勢角",
              "Time": "15:27"
            },
            {
              "Dst": "南勢角",
              "Time": "15:35"
            },
            {
              "Dst": "南勢角",
              "Time": "15:44"
            },
            {
              "Dst": "南勢角",
              "Time": "15:52"
            },
            {
              "Dst": "南勢角",
              "Time": "16:01"
            },
            {
              "Dst": "南勢角",
              "Time": "16:09"
            },
            {
              "Dst": "南勢角",
              "Time": "16:18"
            },
            {
              "Dst": "南勢角",
              "Time": "16:25"
            },
            {
              "Dst": "南勢角",
              "Time": "16:32"
            },
            {
              "Dst": "南勢角",
              "Time": "16:38"
            },
            {
              "Dst": "南勢角",
              "Time": "16:44"
            },
            {
              "Dst": "南勢角",
              "Time": "16:51"
            },
            {
              "Dst": "南勢角",
              "Time": "16:57"
            },
            {
              "Dst": "南勢角",
              "Time": "17:03"
            },
            {
              "Dst": "南勢角",
              "Time": "17:10"
            },
            {
              "Dst": "南勢角",
              "Time": "17:16"
            },
            {
              "Dst": "南勢角",
              "Time": "17:22"
            },
            {
              "Dst": "南勢角",
              "Time": "17:29"
            },
            {
              "Dst": "南勢角",
              "Time": "17:35"
            },
            {
              "Dst": "南勢角",
              "Time": "17:41"
            },
            {
              "Dst": "南勢角",
              "Time": "17:48"
            },
            {
              "Dst": "南勢角",
              "Time": "17:54"
            },
            {
              "Dst": "南勢角",
              "Time": "18:00"
            },
            {
              "Dst": "南勢角",
              "Time": "18:07"
            },
            {
              "Dst": "南勢角",
              "Time": "18:13"
            },
            {
              "Dst": "南勢角",
              "Time": "18:19"
            },
            {
              "Dst": "南勢角",
              "Time": "18:26"
            },
            {
              "Dst": "南勢角",
              "Time": "18:32"
            },
            {
              "Dst": "南勢角",
              "Time": "18:38"
            },
            {
              "Dst": "南勢角",
              "Time": "18:45"
            },
            {
              "Dst": "南勢角",
              "Time": "18:51"
            },
            {
              "Dst": "南勢角",
              "Time": "18:57"
            },
            {
              "Dst": "南勢角",
              "Time": "19:04"
            },
            {
              "Dst": "南勢角",
              "Time": "19:10"
            },
            {
              "Dst": "南勢角",
              "Time": "19:17"
            },
            {
              "Dst": "南勢角",
              "Time": "19:25"
            },
            {
              "Dst": "南勢角",
              "Time": "19:33"
            },
            {
              "Dst": "南勢角",
              "Time": "19:41"
            },
            {
              "Dst": "南勢角",
              "Time": "19:49"
            },
            {
              "Dst": "南勢角",
              "Time": "19:57"
            },
            {
              "Dst": "南勢角",
              "Time": "20:05"
            },
            {
              "Dst": "南勢角",
              "Time": "20:13"
            },
            {
              "Dst": "南勢角",
              "Time": "20:21"
            },
            {
              "Dst": "南勢角",
              "Time": "20:29"
            },
            {
              "Dst": "南勢角",
              "Time": "20:37"
            },
            {
              "Dst": "南勢角",
              "Time": "20:45"
            },
            {
              "Dst": "南勢角",
              "Time": "20:53"
            },
            {
              "Dst": "南勢角",
              "Time": "21:01"
            },
            {
              "Dst": "南勢角",
              "Time": "21:09"
            },
            {
              "Dst": "南勢角",
              "Time": "21:17"
            },
            {
              "Dst": "南勢角",
              "Time": "21:25"
            },
            {
              "Dst": "南勢角",
              "Time": "21:33"
            },
            {
              "Dst": "南勢角",
              "Time": "21:41"
            },
            {
              "Dst": "南勢角",
              "Time": "21:49"
            },
            {
              "Dst": "南勢角",
              "Time": "21:57"
            },
            {
              "Dst": "南勢角",
              "Time": "22:05"
            },
            {
              "Dst": "南勢角",
              "Time": "22:13"
            },
            {
              "Dst": "南勢角",
              "Time": "22:21"
            },
            {
              "Dst": "南勢角",
              "Time": "22:29"
            },
            {
              "Dst": "南勢角",
              "Time": "22:38"
            },
            {
              "Dst": "南勢角",
              "Time": "22:44"
            },
            {
              "Dst": "南勢角",
              "Time": "22:53"
            },
            {
              "Dst": "南勢角",
              "Time": "23:05"
            },
            {
              "Dst": "南勢角",
              "Time": "23:17"
            },
            {
              "Dst": "南勢角",
              "Time": "23:29"
            },
            {
              "Dst": "南勢角",
              "Time": "23:41"
            },
            {
              "Dst": "南勢角",
              "Time": "23:53"
            },
            {
              "Dst": "南勢角",
              "Time": "00:05"
            }
          ]
        },
        {
          "Days": "6",
          "Departures": [
            {
              "Dst": "南勢角",
              "Time": "06:00"
            },
            {
              "Dst": "南勢角",
              "Time": "06:06"
            },
            {
              "Dst": "南勢角",
              "Time": "06:14"
            },
            {
              "Dst": "南勢角",
              "Time": "06:22"
            },
            {
              "Dst": "南勢角",
              "Time": "06:31"
            },
            {
              "Dst": "南勢角",
              "Time": "06:40"
            },
            {
              "Dst": "南勢角",
              "Time": "06:50"
            },
            {
              "Dst": "南勢角",
              "Time": "06:59"
            },
            {
              "Dst": "南勢角",
              "Time": "07:09"
            },
            {
              "Dst": "南勢角",
              "Time": "07:19"
            },
            {
              "Dst": "南勢角",
              "Time": "07:28"
            },
            {
              "Dst": "南勢角",
              "Time": "07:38"
            },
            {
              "Dst": "南勢角",
              "Time": "07:47"
            },
            {
              "Dst": "南勢角",
              "Time": "07:57"
            },
            {
              "Dst": "南勢角",
              "Time": "08:06"
            },
            {
              "Dst": "南勢角",
              "Time": "08:16"
            },
            {
              "Dst": "南勢角",
              "Time": "08:26"
            },
            {
              "Dst": "南勢角",
              "Time": "08:35"
            },
            {
              "Dst": "南勢角",
              "Time": "08:44"
            },
            {
              "Dst": "南勢角",
              "Time": "08:52"
            },
            {
              "Dst": "南勢角",
              "Time": "09:01"
            },
            {
              "Dst": "南勢角",
              "Time": "09:09"
            },
            {
              "Dst": "南勢角",
              "Time": "09:17"
            },
            {
              "Dst": "南勢角",
              "Time": "09:25"
            },
            {
              "Dst": "南勢角",
              "Time": "09:34"
            },
            {
              "Dst": "南勢角",
              "Time": "09:42"
            },
            {
              "Dst": "南勢角",
              "Time": "09:51"
            },
            {
              "Dst": "南勢角",
              "Time": "09:59"
            },
            {
              "Dst": "南勢角",
              "Time": "10:08"
            },
            {
              "Dst": "南勢角",
              "Time": "10:16"
            },
            {
              "Dst": "南勢角",
              "Time": "10:25"
            },
            {
              "Dst": "南勢角",
              "Time": "10:33"
            },
            {
              "Dst": "南勢角",
              "Time": "10:42"
            },
            {
              "Dst": "南勢角",
              "Time": "10:50"
            },
            {
              "Dst": "南勢角",
              "Time": "10:59"
            },
            {
              "Dst": "南勢角",
              "Time": "11:07"
            },
            {
              "Dst": "南勢角",
              "Time": "11:16"
            },
            {
              "Dst": "南勢角",
              "Time": "11:24"
            },
            {
              "Dst": "南勢角",
              "Time": "11:33"
            },
            {
              "Dst": "南勢角",
              "Time": "11:41"
            },
            {
              "Dst": "南勢角",
              "Time": "11:50"
            },
            {
              "Dst": "南勢角",
              "Time": "11:58"
            },
            {
              "Dst": "南勢角",
              "Time": "12:07"
            },
            {
              "Dst": "南勢角",
              "Time": "12:15"
            },
            {
              "Dst": "南勢角",
              "Time": "12:24"
            },
            {
              "Dst": "南勢角",
              "Time": "12:32"
            },
            {
              "Dst": "南勢角",
              "Time": "12:41"
            },
            {
              "Dst": "南勢角",
              "Time": "12:49"
            },
            {
              "Dst": "南勢角",
              "Time": "12:58"
            },
            {
              "Dst": "南勢角",
              "Time": "13:06"
            },
            {
              "Dst": "南勢角",
              "Time": "13:15"
            },
            {
              "Dst": "南勢角",
              "Time": "13:23"
            },
            {
              "Dst": "南勢角",
              "Time": "13:32"
            },
            {
              "Dst": "南勢角",
              "Time": "13:40"
            },
            {
              "Dst": "南勢角",
              "Time": "13:49"
            },
            {
              "Dst": "南勢角",
              "Time": "13:57"
            },
            {
              "Dst": "南勢角",
              "Time": "14:06"
            },
            {
              "Dst": "南勢角",
              "Time": "14:14"
            },
            {
              "Dst": "南勢角",
              "Time": "14:23"
            },
            {
              "Dst": "南勢角",
              "Time": "14:31"
            },
            {
              "Dst": "南勢角",
              "Time": "14:40"
            },
            {
              "Dst": "南勢角",
              "Time": "14:48"
            },
            {
              "Dst": "南勢角",
              "Time": "14:57"
            },
            {
              "Dst": "南勢角",
              "Time": "15:05"
            },
            {
              "Dst": "南勢角",
              "Time": "15:14"
            },
            {
              "Dst": "南勢角",
              "Time": "15:22"
            },
            {
              "Dst": "南勢角",
              "Time": "15:31"
            },
            {
              "Dst": "南勢角",
              "Time": "15:39"
            },
            {
              "Dst": "南勢角",
              "Time": "15:48"
            },
            {
              "Dst": "南勢角",
              "Time": "15:56"
            },
            {
              "Dst": "南勢角",
              "Time": "16:05"
            },
            {
              "Dst": "南勢角",
              "Time": "16:13"
            },
            {
              "Dst": "南勢角",
              "Time": "16:22"
            },
            {
              "Dst": "南勢角",
              "Time": "16:30"
            },
            {
              "Dst": "南勢角",
              "Time": "16:39"
            },
            {
              "Dst": "南勢角",
              "Time": "16:47"
            },
            {
              "Dst": "南勢角",
              "Time": "16:56"
            },
            {
              "Dst": "南勢角",
              "Time": "17:04"
            },
            {
              "Dst": "南勢角",
              "Time": "17:13"
            },
            {
              "Dst": "南勢角",
              "Time": "17:21"
            },
            {
              "Dst": "南勢角",
              "Time": "17:30"
            },
            {
              "Dst": "南勢角",
              "Time": "17:38"
            },
            {
              "Dst": "南勢角",
              "Time": "17:47"
            },
            {
              "Dst": "南勢角",
              "Time": "17:55"
            },
            {
              "Dst": "南勢角",
              "Time": "18:04"
            },
            {
              "Dst": "南勢角",
              "Time": "18:12"
            },
            {
              "Dst": "南勢角",
              "Time": "18:21"
            },
            {
              "Dst": "南勢角",
              "Time": "18:29"
            },
            {
              "Dst": "南勢角",
              "Time": "18:38"
            },
            {
              "Dst": "南勢角",
              "Time": "18:46"
            },
            {
              "Dst": "南勢角",
              "Time": "18:55"
            },
            {
              "Dst": "南勢角",
              "Time": "19:04"
            },
            {
              "Dst": "南勢角",
              "Time": "19:13"
            },
            {
              "Dst": "南勢角",
              "Time": "19:23"
            },
            {
              "Dst": "南勢角",
              "Time": "19:32"
            },
            {
              "Dst": "南勢角",
              "Time": "19:42"
            },
            {
              "Dst": "南勢角",
              "Time": "19:51"
            },
            {
              "Dst": "南勢角",
              "Time": "20:01"
            },
            {
              "Dst": "南勢角",
              "Time": "20:10"
            },
            {
              "Dst": "南勢角",
              "Time": "20:20"
            },
            {
              "Dst": "南勢角",
              "Time": "20:30"
            },
            {
              "Dst": "南勢角",
              "Time": "20:39"
            },
            {
              "Dst": "南勢角",
              "Time": "20:49"
            },
            {
              "Dst": "南勢角",
              "Time": "20:58"
            },
            {
              "Dst": "南勢角",
              "Time": "21:08"
            },
            {
              "Dst": "南勢角",
              "Time": "21:17"
            },
            {
              "Dst": "南勢角",
              "Time": "21:27"
            },
            {
              "Dst": "南勢角",
              "Time": "21:36"
            },
            {
              "Dst": "南勢角",
              "Time": "21:46"
            },
            {
              "Dst": "南勢角",
              "Time": "21:56"
            },
            {
              "Dst": "南勢角",
              "Time": "22:05"
            },
            {
              "Dst": "南勢角",
              "Time": "22:15"
            },
            {
              "Dst": "南勢角",
              "Time": "22:24"
            },
            {
              "Dst": "南勢角",
              "Time": "22:34"
            },
            {
              "Dst": "南勢角",
              "Time": "22:43"
            },
            {
              "Dst": "南勢角",
              "Time": "22:53"
            },
            {
              "Dst": "南勢角",
              "Time": "23:05"
            },
            {
              "Dst": "南勢角",
              "Time": "23:17"
            },
            {
              "Dst": "南勢角",
              "Time": "23:29"
            },
            {
              "Dst": "南勢角",
              "Time": "23:41"
            },
            {
              "Dst": "南勢角",
              "Time": "23:53"
            },
            {
              "Dst": "南勢角",
              "Time": "00:05"
            }
          ]
        },
        {
          "Days": "7",
          "Departures": [
            {
              "Dst": "南勢角",
              "Time": "06:00"
            },
            {
              "Dst": "南勢角",
              "Time": "06:06"
            },
            {
              "Dst": "南勢角",
              "Time": "06:14"
            },
            {
              "Dst": "南勢角",
              "Time": "06:22"
            },
            {
              "Dst": "南勢角",
              "Time": "06:31"
            },
            {
              "Dst": "南勢角",
              "Time": "06:40"
            },
            {
              "Dst": "南勢角",
              "Time": "06:50"
            },
            {
              "Dst": "南勢角",
              "Time": "06:59"
            },
            {
              "Dst": "南勢角",
              "Time": "07:09"
            },
            {
              "Dst": "南勢角",
              "Time": "07:19"
            },
            {
              "Dst": "南勢角",
              "Time": "07:28"
            },
            {
              "Dst": "南勢角",
              "Time": "07:38"
            },
            {
              "Dst": "南勢角",
              "Time": "07:47"
            },
            {
              "Dst": "南勢角",
              "Time": "07:57"
            },
            {
              "Dst": "南勢角",
              "Time": "08:06"
            },
            {
              "Dst": "南勢角",
              "Time": "08:16"
            },
            {
              "Dst": "南勢角",
              "Time": "08:26"
            },
            {
              "Dst": "南勢角",
              "Time": "08:35"
            },
            {
              "Dst": "南勢角",
              "Time": "08:44"
            },
            {
              "Dst": "南勢角",
              "Time": "08:52"
            },
            {
              "Dst": "南勢角",
              "Time": "09:01"
            },
            {
              "Dst": "南勢角",
              "Time": "09:09"
            },
            {
              "Dst": "南勢角",
              "Time": "09:17"
            },
            {
              "Dst": "南勢角",
              "Time": "09:25"
            },
            {
              "Dst": "南勢角",
              "Time": "09:34"
            },
            {
              "Dst": "南勢角",
              "Time": "09:42"
            },
            {
              "Dst": "南勢角",
              "Time": "09:51"
            },
            {
              "Dst": "南勢角",
              "Time": "09:59"
            },
            {
              "Dst": "南勢角",
              "Time": "10:08"
            },
            {
              "Dst": "南勢角",
              "Time": "10:16"
            },
            {
              "Dst": "南勢角",
              "Time": "10:25"
            },
            {
              "Dst": "南勢角",
              "Time": "10:33"
            },
            {
              "Dst": "南勢角",
              "Time": "10:42"
            },
            {
              "Dst": "南勢角",
              "Time": "10:50"
            },
            {
              "Dst": "南勢角",
              "Time": "10:59"
            },
            {
              "Dst": "南勢角",
              "Time": "11:07"
            },
            {
              "Dst": "南勢角",
              "Time": "11:16"
            },
            {
              "Dst": "南勢角",
              "Time": "11:24"
            },
            {
              "Dst": "南勢角",
              "Time": "11:33"
            },
            {
              "Dst": "南勢角",
              "Time": "11:41"
            },
            {
              "Dst": "南勢角",
              "Time": "11:50"
            },
            {
              "Dst": "南勢角",
              "Time": "11:58"
            },
            {
              "Dst": "南勢角",
              "Time": "12:07"
            },
            {
              "Dst": "南勢角",
              "Time": "12:15"
            },
            {
              "Dst": "南勢角",
              "Time": "12:24"
            },
            {
              "Dst": "南勢角",
              "Time": "12:32"
            },
            {
              "Dst": "南勢角",
              "Time": "12:41"
            },
            {
              "Dst": "南勢角",
              "Time": "12:49"
            },
            {
              "Dst": "南勢角",
              "Time": "12:58"
            },
            {
              "Dst": "南勢角",
              "Time": "13:06"
            },
            {
              "Dst": "南勢角",
              "Time": "13:15"
            },
            {
              "Dst": "南勢角",
              "Time": "13:23"
            },
            {
              "Dst": "南勢角",
              "Time": "13:32"
            },
            {
              "Dst": "南勢角",
              "Time": "13:40"
            },
            {
              "Dst": "南勢角",
              "Time": "13:49"
            },
            {
              "Dst": "南勢角",
              "Time": "13:57"
            },
            {
              "Dst": "南勢角",
              "Time": "14:06"
            },
            {
              "Dst": "南勢角",
              "Time": "14:14"
            },
            {
              "Dst": "南勢角",
              "Time": "14:23"
            },
            {
              "Dst": "南勢角",
              "Time": "14:31"
            },
            {
              "Dst": "南勢角",
              "Time": "14:40"
            },
            {
              "Dst": "南勢角",
              "Time": "14:48"
            },
            {
              "Dst": "南勢角",
              "Time": "14:57"
            },
            {
              "Dst": "南勢角",
              "Time": "15:05"
            },
            {
              "Dst": "南勢角",
              "Time": "15:14"
            },
            {
              "Dst": "南勢角",
              "Time": "15:22"
            },
            {
              "Dst": "南勢角",
              "Time": "15:31"
            },
            {
              "Dst": "南勢角",
              "Time": "15:39"
            },
            {
              "Dst": "南勢角",
              "Time": "15:48"
            },
            {
              "Dst": "南勢角",
              "Time": "15:56"
            },
            {
              "Dst": "南勢角",
              "Time": "16:05"
            },
            {
              "Dst": "南勢角",
              "Time": "16:13"
            },
            {
              "Dst": "南勢角",
              "Time": "16:22"
            },
            {
              "Dst": "南勢角",
              "Time": "16:30"
            },
            {
              "Dst": "南勢角",
              "Time": "16:39"
            },
            {
              "Dst": "南勢角",
              "Time": "16:47"
            },
            {
              "Dst": "南勢角",
              "Time": "16:56"
            },
            {
              "Dst": "南勢角",
              "Time": "17:04"
            },
            {
              "Dst": "南勢角",
              "Time": "17:13"
            },
            {
              "Dst": "南勢角",
              "Time": "17:21"
            },
            {
              "Dst": "南勢角",
              "Time": "17:30"
            },
            {
              "Dst": "南勢角",
              "Time": "17:38"
            },
            {
              "Dst": "南勢角",
              "Time": "17:47"
            },
            {
              "Dst": "南勢角",
              "Time": "17:55"
            },
            {
              "Dst": "南勢角",
              "Time": "18:04"
            },
            {
              "Dst": "南勢角",
              "Time": "18:12"
            },
            {
              "Dst": "南勢角",
              "Time": "18:21"
            },
            {
              "Dst": "南勢角",
              "Time": "18:29"
            },
            {
              "Dst": "南勢角",
              "Time": "18:38"
            },
            {
              "Dst": "南勢角",
              "Time": "18:46"
            },
            {
              "Dst": "南勢角",
              "Time": "18:55"
            },
            {
              "Dst": "南勢角",
              "Time": "19:04"
            },
            {
              "Dst": "南勢角",
              "Time": "19:13"
            },
            {
              "Dst": "南勢角",
              "Time": "19:23"
            },
            {
              "Dst": "南勢角",
              "Time": "19:32"
            },
            {
              "Dst": "南勢角",
              "Time": "19:42"
            },
            {
              "Dst": "南勢角",
              "Time": "19:51"
            },
            {
              "Dst": "南勢角",
              "Time": "20:01"
            },
            {
              "Dst": "南勢角",
              "Time": "20:10"
            },
            {
              "Dst": "南勢角",
              "Time": "20:20"
            },
            {
              "Dst": "南勢角",
              "Time": "20:30"
            },
            {
              "Dst": "南勢角",
              "Time": "20:39"
            },
            {
              "Dst": "南勢角",
              "Time": "20:49"
            },
            {
              "Dst": "南勢角",
              "Time": "20:58"
            },
            {
              "Dst": "南勢角",
              "Time": "21:08"
            },
            {
              "Dst": "南勢角",
              "Time": "21:17"
            },
            {
              "Dst": "南勢角",
              "Time": "21:27"
            },
            {
              "Dst": "南勢角",
              "Time": "21:36"
            },
            {
              "Dst": "南勢角",
              "Time": "21:46"
            },
            {
              "Dst": "南勢角",
              "Time": "21:56"
            },
            {
              "Dst": "南勢角",
              "Time": "22:05"
            },
            {
              "Dst": "南勢角",
              "Time": "22:15"
            },
            {
              "Dst": "南勢角",
              "Time": "22:24"
            },
            {
              "Dst": "南勢角",
              "Time": "22:34"
            },
            {
              "Dst": "南勢角",
              "Time": "22:43"
            },
            {
              "Dst": "南勢角",
              "Time": "22:53"
            },
            {
              "Dst": "南勢角",
              "Time": "23:05"
            },
            {
              "Dst": "南勢角",
              "Time": "23:17"
            },
            {
              "Dst": "南勢角",
              "Time": "23:29"
            },
            {
              "Dst": "南勢角",
              "Time": "23:41"
            },
            {
              "Dst": "南勢角",
              "Time": "23:53"
            },
            {
              "Dst": "南勢角",
              "Time": "00:05"
            }
          ]
        }
      ]
    }
  ]
}