{
  "StationCode": "O20",
  "StationName": "丹鳳",
  "Timetables": [
    {
      "Direction": "往O21迴龍站",
      "EffectiveFrom": "2017-08-01",
      "Schedule": [
        {
          "Days": "1,2,3,4,5",
          "Departures": [
            {
              "Dst": "迴龍",
              "Time": "06:00"
            },
            {
              "Dst": "迴龍",
              "Time": "06:05"
            },
            {
              "Dst": "迴龍",
              "Time": "06:14"
            },
            {
              "Dst": "迴龍",
              "Time": "06:25"
            },
            {
              "Dst": "迴龍",
              "Time": "06:34"
            },
            {
              "Dst": "迴龍",
              "Time": "06:42"
            },
            {
              "Dst": "迴龍",
              "Time": "06:49"
            },
            {
              "Dst": "迴龍",
              "Time": "06:54"
            },
            {
              "Dst": "迴龍",
              "Time": "06:58"
            },
            {
              "Dst": "迴龍",
              "Time": "07:05"
            },
            {
              "Dst": "迴龍",
              "Time": "07:13"
            },
            {
              "Dst": "迴龍",
              "Time": "07:17"
            },
            {
              "Dst": "迴龍",
              "Time": "07:21"
            },
            {
              "Dst": "迴龍",
              "Time": "07:29"
            },
            {
              "Dst": "迴龍",
              "Time": "07:33"
            },
            {
              "Dst": "迴龍",
              "Time": "07:38"
            },
            {
              "Dst": "迴龍",
              "Time": "07:46"
            },
            {
              "Dst": "迴龍",
              "Time": "07:49"
            },
            {
              "Dst": "迴龍",
              "Time": "07:53"
            },
            {
              "Dst": "迴龍",
              "Time": "08:00"
            },
            {
              "Dst": "迴龍",
              "Time": "08:06"
            },
            {
              "Dst": "迴龍",
              "Time": "08:12"
            },
            {
              "Dst": "迴龍",
              "Time": "08:18"
            },
            {
              "Dst": "迴龍",
              "Time": "08:24"
            },
            {
              "Dst": "迴龍",
              "Time": "08:30"
            },
            {
              "Dst": "迴龍",
              "Time": "08:36"
            },
            {
              "Dst": "迴龍",
              "Time": "08:42"
            },
            {
              "Dst": "迴龍",
              "Time": "08:48"
            },
            {
              "Dst": "迴龍",
              "Time": "08:54"
            },
            {
              "Dst": "迴龍",
              "Time": "09:00"
            },
            {
              "Dst": "迴龍",
              "Time": "09:06"
            },
            {
              "Dst": "迴龍",
              "Time": "09:12"
            },
            {
              "Dst": "迴龍",
              "Time": "09:18"
            },
            {
              "Dst": "迴龍",
              "Time": "09:22"
            },
            {
              "Dst": "迴龍",
              "Time": "09:27"
            },
            {
              "Dst": "迴龍",
              "Time": "09:32"
            },
            {
              "Dst": "迴龍",
              "Time": "09:37"
            },
            {
              "Dst": "迴龍",
              "Time": "09:43"
            },
            {
              "Dst": "迴龍",
              "Time": "09:47"
            },
            {
              "Dst": "迴龍",
              "Time": "09:54"
            },
            {
              "Dst": "迴龍",
              "Time": "09:59"
            },
            {
              "Dst": "迴龍",
              "Time": "10:05"
            },
            {
              "Dst": "迴龍",
              "Time": "10:12"
            },
            {
              "Dst": "迴龍",
              "Time": "10:20"
            },
            {
              "Dst": "迴龍",
              "Time": "10:28"
            },
            {
              "Dst": "迴龍",
              "Time": "10:36"
            },
            {
              "Dst": "迴龍",
              "Time": "10:45"
            },
            {
              "Dst": "迴龍",
              "Time": "10:53"
            },
            {
              "Dst": "迴龍",
              "Time": "11:02"
            },
            {
              "Dst": "迴龍",
              "Time": "11:10"
            },
            {
              "Dst": "迴龍",
              "Time": "11:19"
            },
            {
              "Dst": "迴龍",
              "Time": "11:27"
            },
            {
              "Dst": "迴龍",
              "Time": "11:36"
            },
            {
              "Dst": "迴龍",
              "Time": "11:44"
            },
            {
              "Dst": "迴龍",
              "Time": "11:53"
            },
            {
              "Dst": "迴龍",
              "Time": "12:01"
            },
            {
              "Dst": "迴龍",
              "Time": "12:10"
            },
            {
              "Dst": "迴龍",
              "Time": "12:18"
            },
            {
              "Dst": "迴龍",
              "Time": "12:27"
            },
            {
              "Dst": "迴龍",
              "Time": "12:35"
            },
            {
              "Dst": "迴龍",
              "Time": "12:44"
            },
            {
              "Dst": "迴龍",
              "Time": "12:52"
            },
            {
              "Dst": "迴龍",
              "Time": "13:01"
            },
            {
              "Dst": "迴龍",
              "Time": "13:09"
            },
            {
              "Dst": "迴龍",
              "Time": "13:18"
            },
            {
              "Dst": "迴龍",
              "Time": "13:26"
            },
            {
              "Dst": "迴龍",
              "Time": "13:35"
            },
            {
              "Dst": "迴龍",
              "Time": "13:43"
            },
            {
              "Dst": "迴龍",
              "Time": "13:52"
            },
            {
              "Dst": "迴龍",
              "Time": "14:00"
            },
            {
              "Dst": "迴龍",
              "Time": "14:09"
            },
            {
              "Dst": "迴龍",
              "Time": "14:17"
            },
            {
              "Dst": "迴龍",
              "Time": "14:26"
            },
            {
              "Dst": "迴龍",
              "Time": "14:34"
            },
            {
              "Dst": "迴龍",
              "Time": "14:43"
            },
            {
              "Dst": "迴龍",
              "Time": "14:51"
            },
            {
              "Dst": "迴龍",
              "Time": "15:00"
            },
            {
              "Dst": "迴龍",
              "Time": "15:08"
            },
            {
              "Dst": "迴龍",
              "Time": "15:17"
            },
            {
              "Dst": "迴龍",
              "Time": "15:25"
            },
            {
              "Dst": "迴龍",
              "Time": "15:34"
            },
            {
              "Dst": "迴龍",
              "Time": "15:42"
            },
            {
              "Dst": "迴龍",
              "Time": "15:51"
            },
            {
              "Dst": "迴龍",
              "Time": "15:59"
            },
            {
              "Dst": "迴龍",
              "Time": "16:07"
            },
            {
              "Dst": "迴龍",
              "Time": "16:15"
            },
            {
              "Dst": "迴龍",
              "Time": "16:22"
            },
            {
              "Dst": "迴龍",
              "Time": "16:31"
            },
            {
              "Dst": "迴龍",
              "Time": "16:39"
            },
            {
              "Dst": "迴龍",
              "Time": "16:48"
            },
            {
              "Dst": "迴龍",
              "Time": "16:53"
            },
            {
              "Dst": "迴龍",
              "Time": "16:56"
            },
            {
              "Dst": "迴龍",
              "Time": "17:05"
            },
            {
              "Dst": "迴龍",
              "Time": "17:13"
            },
            {
              "Dst": "迴龍",
              "Time": "17:19"
            },
            {
              "Dst": "迴龍",
              "Time": "17:22"
            },
            {
              "Dst": "迴龍",
              "Time": "17:30"
            },
            {
              "Dst": "迴龍",
              "Time": "17:38"
            },
            {
              "Dst": "迴龍",
              "Time": "17:44"
            },
            {
              "Dst": "迴龍",
              "Time": "17:47"
            },
            {
              "Dst": "迴龍",
              "Time": "17:53"
            },
            {
              "Dst": "迴龍",
              "Time": "18:00"
            },
            {
              "Dst": "迴龍",
              "Time": "18:06"
            },
            {
              "Dst": "迴龍",
              "Time": "18:12"
            },
            {
              "Dst": "迴龍",
              "Time": "18:19"
            },
            {
              "Dst": "迴龍",
              "Time": "18:25"
            },
            {
              "Dst": "迴龍",
              "Time": "18:31"
            },
            {
              "Dst": "迴龍",
              "Time": "18:38"
            },
            {
              "Dst": "迴龍",
              "Time": "18:44"
            },
            {
              "Dst": "迴龍",
              "Time": "18:50"
            },
            {
              "Dst": "迴龍",
              "Time": "18:57"
            },
            {
              "Dst": "迴龍",
              "Time": "19:03"
            },
            {
              "Dst": "迴龍",
              "Time": "19:09"
            },
            {
              "Dst": "迴龍",
              "Time": "19:16"
            },
            {
              "Dst": "迴龍",
              "Time": "19:22"
            },
            {
              "Dst": "迴龍",
              "Time": "19:28"
            },
            {
              "Dst": "迴龍",
              "Time": "19:37"
            },
            {
              "Dst": "迴龍",
              "Time": "19:41"
            },
            {
              "Dst": "迴龍",
              "Time": "19:47"
            },
            {
              "Dst": "迴龍",
              "Time": "19:54"
            },
            {
              "Dst": "迴龍",
              "Time": "20:01"
            },
            {
              "Dst": "迴龍",
              "Time": "20:06"
            },
            {
              "Dst": "迴龍",
              "Time": "20:13"
            },
            {
              "Dst": "迴龍",
              "Time": "20:19"
            },
            {
              "Dst": "迴龍",
              "Time": "20:25"
            },
            {
              "Dst": "迴龍",
              "Time": "20:33"
            },
            {
              "Dst": "迴龍",
              "Time": "20:41"
            },
            {
              "Dst": "迴龍",
              "Time": "20:49"
            },
            {
              "Dst": "迴龍",
              "Time": "20:57"
            },
            {
              "Dst": "迴龍",
              "Time": "21:05"
            },
            {
              "Dst": "迴龍",
              "Time": "21:13"
            },
            {
              "Dst": "迴龍",
              "Time": "21:21"
            },
            {
              "Dst": "迴龍",
              "Time": "21:29"
            },
            {
              "Dst": "迴龍",
              "Time": "21:37"
            },
            {
              "Dst": "迴龍",
              "Time": "21:45"
            },
            {
              "Dst": "迴龍",
              "Time": "21:52"
            },
            {
              "Dst": "迴龍",
              "Time": "22:00"
            },
            {
              "Dst": "迴龍",
              "Time": "22:08"
            },
            {
              "Dst": "迴龍",
              "Time": "22:16"
            },
            {
              "Dst": "迴龍",
              "Time": "22:25"
            },
            {
              "Dst": "迴龍",
              "Time": "22:34"
            },
            {
              "Dst": "迴龍",
              "Time": "22:40"
            },
            {
              "Dst": "迴龍",
              "Time": "22:48"
            },
            {
              "Dst": "迴龍",
              "Time": "22:55"
            },
            {
              "Dst": "迴龍",
              "Time": "23:04"
            },
            {
              "Dst": "迴龍",
              "Time": "23:12"
            },
            {
              "Dst": "迴龍",
              "Time": "23:20"
            },
            {
              "Dst": "迴龍",
              "Time": "23:27"
            },
            {
              "Dst": "迴龍",
              "Time": "23:36"
            },
            {
              "Dst": "迴龍",
              "Time": "23:42"
            },
            {
              "Dst": "迴龍",
              "Time": "23:54"
            },
            {
              "Dst": "迴龍",
              "Time": "00:06"
            },
            {
              "Dst": "迴龍",
              "Time": "00:18"
            },
            {
              "Dst": "迴龍",
              "Time": "00:30"
            },
            {
              "Dst": "迴龍",
              "Time": "00:42"
            },
            {
              "Dst": "迴龍",
              "Time": "00:50"
            },
            {
              "Dst": "迴龍",
              "Time": "01:06"
            }
          ]
        },
        {
          "Days": "6",
          "Departures": [
            {
              "Dst": "迴龍",
              "Time": "06:00"
            },
            {
              "Dst": "迴龍",
              "Time": "06:05"
            },
            {
              "Dst": "迴龍",
              "Time": "06:14"
            },
            {
              "Dst": "迴龍",
              "Time": "06:23"
            },
            {
              "Dst": "迴龍",
              "Time": "06:34"
            },
            {
              "Dst": "迴龍",
              "Time": "06:42"
            },
            {
              "Dst": "迴龍",
              "Time": "06:50"
            },
            {
              "Dst": "迴龍",
              "Time": "06:59"
            },
            {
              "Dst": "迴龍",
              "Time": "07:09"
            },
            {
              "Dst": "迴龍",
              "Time": "07:19"
            },
            {
              "Dst": "迴龍",
              "Time": "07:28"
            },
            {
              "Dst": "迴龍",
              "Time": "07:38"
            },
            {
              "Dst": "迴龍",
              "Time": "07:47"
            },
            {
              "Dst": "迴龍",
              "Time": "07:57"
            },
            {
              "Dst": "迴龍",
              "Time": "08:07"
            },
            {
              "Dst": "迴龍",
              "Time": "08:16"
            },
            {
              "Dst": "迴龍",
              "Time": "08:26"
            },
            {
              "Dst": "迴龍",
              "Time": "08:35"
            },
            {
              "Dst": "迴龍",
              "Time": "08:45"
            },
            {
              "Dst": "迴龍",
              "Time": "08:54"
            },
            {
              "Dst": "迴龍",
              "Time": "09:04"
            },
            {
              "Dst": "迴龍",
              "Time": "09:10"
            },
            {
              "Dst": "迴龍",
              "Time": "09:13"
            },
            {
              "Dst": "迴龍",
              "Time": "09:23"
            },
            {
              "Dst": "迴龍",
              "Time": "09:32"
            },
            {
              "Dst": "迴龍",
              "Time": "09:42"
            },
            {
              "Dst": "迴龍",
              "Time": "09:52"
            },
            {
              "Dst": "迴龍",
              "Time": "09:58"
            },
            {
              "Dst": "迴龍",
              "Time": "10:03"
            },
            {
              "Dst": "迴龍",
              "Time": "10:12"
            },
            {
              "Dst": "迴龍",
              "Time": "10:21"
            },
            {
              "Dst": "迴龍",
              "Time": "10:30"
            },
            {
              "Dst": "迴龍",
              "Time": "10:40"
            },
            {
              "Dst": "迴龍",
              "Time": "10:48"
            },
            {
              "Dst": "迴龍",
              "Time": "10:57"
            },
            {
              "Dst": "迴龍",
              "Time": "11:05"
            },
            {
              "Dst": "迴龍",
              "Time": "11:14"
            },
            {
              "Dst": "迴龍",
              "Time": "11:22"
            },
            {
              "Dst": "迴龍",
              "Time": "11:31"
            },
            {
              "Dst": "迴龍",
              "Time": "11:39"
            },
            {
              "Dst": "迴龍",
              "Time": "11:48"
            },
            {
              "Dst": "迴龍",
              "Time": "11:56"
            },
            {
              "Dst": "迴龍",
              "Time": "12:05"
            },
            {
              "Dst": "迴龍",
              "Time": "12:13"
            },
            {
              "Dst": "迴龍",
              "Time": "12:22"
            },
            {
              "Dst": "迴龍",
              "Time": "12:30"
            },
            {
              "Dst": "迴龍",
              "Time": "12:39"
            },
            {
              "Dst": "迴龍",
              "Time": "12:47"
            },
            {
              "Dst": "迴龍",
              "Time": "12:56"
            },
            {
              "Dst": "迴龍",
              "Time": "13:04"
            },
            {
              "Dst": "迴龍",
              "Time": "13:13"
            },
            {
              "Dst": "迴龍",
              "Time": "13:21"
            },
            {
              "Dst": "迴龍",
              "Time": "13:30"
            },
            {
              "Dst": "迴龍",
              "Time": "13:38"
            },
            {
              "Dst": "迴龍",
              "Time": "13:47"
            },
            {
              "Dst": "迴龍",
              "Time": "13:55"
            },
            {
              "Dst": "迴龍",
              "Time": "14:04"
            },
            {
              "Dst": "迴龍",
              "Time": "14:12"
            },
            {
              "Dst": "迴龍",
              "Time": "14:21"
            },
            {
              "Dst": "迴龍",
              "Time": "14:29"
            },
            {
              "Dst": "迴龍",
              "Time": "14:38"
            },
            {
              "Dst": "迴龍",
              "Time": "14:46"
            },
            {
              "Dst": "迴龍",
              "Time": "14:55"
            },
            {
              "Dst": "迴龍",
              "Time": "15:03"
            },
            {
              "Dst": "迴龍",
              "Time": "15:12"
            },
            {
              "Dst": "迴龍",
              "Time": "15:20"
            },
            {
              "Dst": "迴龍",
              "Time": "15:29"
            },
            {
              "Dst": "迴龍",
              "Time": "15:37"
            },
            {
              "Dst": "迴龍",
              "Time": "15:46"
            },
            {
              "Dst": "迴龍",
              "Time": "15:54"
            },
            {
              "Dst": "迴龍",
              "Time": "16:03"
            },
            {
              "Dst": "迴龍",
              "Time": "16:11"
            },
            {
              "Dst": "迴龍",
              "Time": "16:20"
            },
            {
              "Dst": "迴龍",
              "Time": "16:28"
            },
            {
              "Dst": "迴龍",
              "Time": "16:37"
            },
            {
              "Dst": "迴龍",
              "Time": "16:45"
            },
            {
              "Dst": "迴龍",
              "Time": "16:54"
            },
            {
              "Dst": "迴龍",
              "Time": "17:02"
            },
            {
              "Dst": "迴龍",
              "Time": "17:11"
            },
            {
              "Dst": "迴龍",
              "Time": "17:19"
            },
            {
              "Dst": "迴龍",
              "Time": "17:28"
            },
            {
              "Dst": "迴龍",
              "Time": "17:36"
            },
            {
              "Dst": "迴龍",
              "Time": "17:45"
            },
            {
              "Dst": "迴龍",
              "Time": "17:53"
            },
            {
              "Dst": "迴龍",
              "Time": "18:02"
            },
            {
              "Dst": "迴龍",
              "Time": "18:10"
            },
            {
              "Dst": "迴龍",
              "Time": "18:19"
            },
            {
              "Dst": "迴龍",
              "Time": "18:27"
            },
            {
              "Dst": "迴龍",
              "Time": "18:36"
            },
            {
              "Dst": "迴龍",
              "Time": "18:44"
            },
            {
              "Dst": "迴龍",
              "Time": "18:53"
            },
            {
              "Dst": "迴龍",
              "Time": "19:01"
            },
            {
              "Dst": "迴龍",
              "Time": "19:10"
            },
            {
              "Dst": "迴龍",
              "Time": "19:18"
            },
            {
              "Dst": "迴龍",
              "Time": "19:28"
            },
            {
              "Dst": "迴龍",
              "Time": "19:35"
            },
            {
              "Dst": "迴龍",
              "Time": "19:44"
            },
            {
              "Dst": "迴龍",
              "Time": "19:52"
            },
            {
              "Dst": "迴龍",
              "Time": "20:01"
            },
            {
              "Dst": "迴龍",
              "Time": "20:09"
            },
            {
              "Dst": "迴龍",
              "Time": "20:18"
            },
            {
              "Dst": "迴龍",
              "Time": "20:26"
            },
            {
              "Dst": "迴龍",
              "Time": "20:35"
            },
            {
              "Dst": "迴龍",
              "Time": "20:44"
            },
            {
              "Dst": "迴龍",
              "Time": "20:51"
            },
            {
              "Dst": "迴龍",
              "Time": "20:59"
            },
            {
              "Dst": "迴龍",
              "Time": "21:08"
            },
            {
              "Dst": "迴龍",
              "Time": "21:17"
            },
            {
              "Dst": "迴龍",
              "Time": "21:27"
            },
            {
              "Dst": "迴龍",
              "Time": "21:36"
            },
            {
              "Dst": "迴龍",
              "Time": "21:46"
            },
            {
              "Dst": "迴龍",
              "Time": "21:56"
            },
            {
              "Dst": "迴龍",
              "Time": "22:05"
            },
            {
              "Dst": "迴龍",
              "Time": "22:15"
            },
            {
              "Dst": "迴龍",
              "Time": "22:24"
            },
            {
              "Dst": "迴龍",
              "Time": "22:34"
            },
            {
              "Dst": "迴龍",
              "Time": "22:43"
            },
            {
              "Dst": "迴龍",
              "Time": "22:53"
            },
            {
              "Dst": "迴龍",
              "Time": "23:03"
            },
            {
              "Dst": "迴龍",
              "Time": "23:13"
            },
            {
              "Dst": "迴龍",
              "Time": "23:20"
            },
            {
              "Dst": "迴龍",
              "Time": "23:31"
            },
            {
              "Dst": "迴龍",
              "Time": "23:42"
            },
            {
              "Dst": "迴龍",
              "Time": "23:54"
            },
            {
              "Dst": "迴龍",
              "Time": "00:06"
            },
            {
              "Dst": "迴龍",
              "Time": "00:18"
            },
            {
              "Dst": "迴龍",
              "Time": "00:30"
            },
            {
              "Dst": "迴龍",
              "Time": "00:42"
            },
            {
              "Dst": "迴龍",
              "Time": "00:50"
            },
            {
              "Dst": "迴龍",
              "Time": "01:06"
            }
          ]
        },
        {
          "Days": "7",
          "Departures": [
            {
              "Dst": "迴龍",
              "Time": "06:00"
            },
            {
              "Dst": "迴龍",
              "Time": "06:05"
            },
            {
              "Dst": "迴龍",
              "Time": "06:14"
            },
            {
              "Dst": "迴龍",
              "Time": "06:23"
            },
            {
              "Dst": "迴龍",
              "Time": "06:34"
            },
            {
              "Dst": "迴龍",
              "Time": "06:42"
            },
            {
              "Dst": "迴龍",
              "Time": "06:50"
            },
            {
              "Dst": "迴龍",
              "Time": "06:59"
            },
            {
              "Dst": "迴龍",
              "Time": "07:09"
            },
            {
              "Dst": "迴龍",
              "Time": "07:19"
            },
            {
              "Dst": "迴龍",
              "Time": "07:28"
            },
            {
              "Dst": "迴龍",
              "Time": "07:38"
            },
            {
              "Dst": "迴龍",
              "Time": "07:47"
            },
            {
              "Dst": "迴龍",
              "Time": "07:57"
            },
            {
              "Dst": "迴龍",
              "Time": "08:07"
            },
            {
              "Dst": "迴龍",
              "Time": "08:16"
            },
            {
              "Dst": "迴龍",
              "Time": "08:26"
            },
            {
              "Dst": "迴龍",
              "Time": "08:35"
            },
            {
              "Dst": "迴龍",
              "Time": "08:45"
            },
            {
              "Dst": "迴龍",
              "Time": "08:54"
            },
            {
              "Dst": "迴龍",
              "Time": "09:04"
            },
            {
              "Dst": "迴龍",
              "Time": "09:10"
            },
            {
              "Dst": "迴龍",
              "Time": "09:13"
            },
            {
              "Dst": "迴龍",
              "Time": "09:23"
            },
            {
              "Dst": "迴龍",
              "Time": "09:32"
            },
            {
              "Dst": "迴龍",
              "Time": "09:42"
            },
            {
              "Dst": "迴龍",
              "Time": "09:52"
            },
            {
              "Dst": "迴龍",
              "Time": "09:58"
            },
            {
              "Dst": "迴龍",
              "Time": "10:03"
            },
            {
              "Dst": "迴龍",
              "Time": "10:12"
            },
            {
              "Dst": "迴龍",
              "Time": "10:21"
            },
            {
              "Dst": "迴龍",
              "Time": "10:30"
            },
            {
              "Dst": "迴龍",
              "Time": "10:40"
            },
            {
              "Dst": "迴龍",
              "Time": "10:48"
            },
            {
              "Dst": "迴龍",
              "Time": "10:57"
            },
            {
              "Dst": "迴龍",
              "Time": "11:05"
            },
            {
              "Dst": "迴龍",
              "Time": "11:14"
            },
            {
              "Dst": "迴龍",
              "Time": "11:22"
            },
            {
              "Dst": "迴龍",
              "Time": "11:31"
            },
            {
              "Dst": "迴龍",
              "Time": "11:39"
            },
            {
              "Dst": "迴龍",
              "Time": "11:48"
            },
            {
              "Dst": "迴龍",
              "Time": "11:56"
            },
            {
              "Dst": "迴龍",
              "Time": "12:05"
            },
            {
              "Dst": "迴龍",
              "Time": "12:13"
            },
            {
              "Dst": "迴龍",
              "Time": "12:22"
            },
            {
              "Dst": "迴龍",
              "Time": "12:30"
            },
            {
              "Dst": "迴龍",
              "Time": "12:39"
            },
            {
              "Dst": "迴龍",
              "Time": "12:47"
            },
            {
              "Dst": "迴龍",
              "Time": "12:56"
            },
            {
              "Dst": "迴龍",
              "Time": "13:04"
            },
            {
              "Dst": "迴龍",
              "Time": "13:13"
            },
            {
              "Dst": "迴龍",
              "Time": "13:21"
            },
            {
              "Dst": "迴龍",
              "Time": "13:30"
            },
            {
              "Dst": "迴龍",
              "Time": "13:38"
            },
            {
              "Dst": "迴龍",
              "Time": "13:47"
            },
            {
              "Dst": "迴龍",
              "Time": "13:55"
            },
            {
              "Dst": "迴龍",
              "Time": "14:04"
            },
            {
              "Dst": "迴龍",
              "Time": "14:12"
            },
            {
              "Dst": "迴龍",
              "Time": "14:21"
            },
            {
              "Dst": "迴龍",
              "Time": "14:29"
            },
            {
              "Dst": "迴龍",
              "Time": "14:38"
            },
            {
              "Dst": "迴龍",
              "Time": "14:46"
            },
            {
              "Dst": "迴龍",
              "Time": "14:55"
            },
            {
              "Dst": "迴龍",
              "Time": "15:03"
            },
            {
              "Dst": "迴龍",
              "Time": "15:12"
            },
            {
              "Dst": "迴龍",
              "Time": "15:20"
            },
            {
              "Dst": "迴龍",
              "Time": "15:29"
            },
            {
              "Dst": "迴龍",
              "Time": "15:37"
            },
            {
              "Dst": "迴龍",
              "Time": "15:46"
            },
            {
              "Dst": "迴龍",
              "Time": "15:54"
            },
            {
              "Dst": "迴龍",
              "Time": "16:03"
            },
            {
              "Dst": "迴龍",
              "Time": "16:11"
            },
            {
              "Dst": "迴龍",
              "Time": "16:20"
            },
            {
              "Dst": "迴龍",
              "Time": "16:28"
            },
            {
              "Dst": "迴龍",
              "Time": "16:37"
            },
            {
              "Dst": "迴龍",
              "Time": "16:45"
            },
            {
              "Dst": "迴龍",
              "Time": "16:54"
            },
            {
              "Dst": "迴龍",
              "Time": "17:02"
            },
            {
              "Dst": "迴龍",
              "Time": "17:11"
            },
            {
              "Dst": "迴龍",
              "Time": "17:19"
            },
            {
              "Dst": "迴龍",
              "Time": "17:28"
            },
            {
              "Dst": "迴龍",
              "Time": "17:36"
            },
            {
              "Dst": "迴龍",
              "Time": "17:45"
            },
            {
              "Dst": "迴龍",
              "Time": "17:53"
            },
            {
              "Dst": "迴龍",
              "Time": "18:02"
            },
            {
              "Dst": "迴龍",
              "Time": "18:10"
            },
            {
              "Dst": "迴龍",
              "Time": "18:19"
            },
            {
              "Dst": "迴龍",
              "Time": "18:27"
            },
            {
              "Dst": "迴龍",
              "Time": "18:36"
            },
            {
              "Dst": "迴龍",
              "Time": "18:44"
            },
            {
              "Dst": "迴龍",
              "Time": "18:53"
            },
            {
              "Dst": "迴龍",
              "Time": "19:01"
            },
            {
              "Dst": "迴龍",
              "Time": "19:10"
            },
            {
              "Dst": "迴龍",
              "Time": "19:18"
            },
            {
              "Dst": "迴龍",
              "Time": "19:28"
            },
            {
              "Dst": "迴龍",
              "Time": "19:35"
            },
            {
              "Dst": "迴龍",
              "Time": "19:44"
            },
            {
              "Dst": "迴龍",
              "Time": "19:52"
            },
            {
              "Dst": "迴龍",
              "Time": "20:01"
            },
            {
              "Dst": "迴龍",
              "Time": "20:09"
            },
            {
              "Dst": "迴龍",
              "Time": "20:18"
            },
            {
              "Dst": "迴龍",
              "Time": "20:26"
            },
            {
              "Dst": "迴龍",
              "Time": "20:35"
            },
            {
              "Dst": "迴龍",
              "Time": "20:44"
            },
            {
              "Dst": "迴龍",
              "Time": "20:51"
            },
            {
              "Dst": "迴龍",
              "Time": "20:59"
            },
            {
              "Dst": "迴龍",
              "Time": "21:08"
            },
            {
              "Dst": "迴龍",
              "Time": "21:17"
            },
            {
              "Dst": "迴龍",
              "Time": "21:27"
            },
            {
              "Dst": "迴龍",
              "Time": "21:36"
            },
            {
              "Dst": "迴龍",
              "Time": "21:46"
            },
            {
              "Dst": "迴龍",
              "Time": "21:56"
            },
            {
              "Dst": "迴龍",
              "Time": "22:05"
            },
            {
              "Dst": "迴龍",
              "Time": "22:15"
            },
            {
              "Dst": "迴龍",
              "Time": "22:24"
            },
            {
              "Dst": "迴龍",
              "Time": "22:34"
            },
            {
              "Dst": "迴龍",
              "Time": "22:43"
            },
            {
              "Dst": "迴龍",
              "Time": "22:53"
            },
            {
              "Dst": "迴龍",
              "Time": "23:03"
            },
            {
              "Dst": "迴龍",
              "Time": "23:13"
            },
            {
              "Dst": "迴龍",
              "Time": "23:20"
            },
            {
              "Dst": "迴龍",
              "Time": "23:31"
            },
            {
              "Dst": "迴龍",
              "Time": "23:42"
            },
            {
              "Dst": "迴龍",
              "Time": "23:54"
            },
            {
              "Dst": "迴龍",
              "Time": "00:06"
            },
            {
              "Dst": "迴龍",
              "Time": "00:18"
            },
            {
              "Dst": "迴龍",
              "Time": "00:30"
            },
            {
              "Dst": "迴龍",
              "Time": "00:42"
            },
            {
              "Dst": "迴龍",
              "Time": "00:50"
            },
            {
              "Dst": "迴龍",
              "Time": "01:06"
            }
          ]
        }
      ]
    },
    {
      "Direction": "往O01南勢角站",
      "EffectiveFrom": "2017-08-01",
      "Schedule": [
        {
          "Days": "1,2,3,4,5",
          "Departures": [
            {
              "Dst": "南勢角",
              "Time": "06:03"
            },
            {
              "Dst": "南勢角",
              "Time": "06:11"
            },
            {
              "Dst": "南勢角",
              "Time": "06:20"
            },
            {
              "Dst": "南勢角",
              "Time": "06:27"
            },
            {
              "Dst": "南勢角",
              "Time": "06:36"
            },
            {
              "Dst": "南勢角",
              "Time": "06:44"
            },
            {
              "Dst": "南勢角",
              "Time": "06:51"
            },
            {
              "Dst": "南勢角",
              "Time": "06:57"
            },
            {
              "Dst": "南勢角",
              "Time": "07:03"
            },
            {
              "Dst": "南勢角",
              "Time": "07:09"
            },
            {
              "Dst": "南勢角",
              "Time": "07:15"
            },
            {
              "Dst": "南勢角",
              "Time": "07:21"
            },
            {
              "Dst": "南勢角",
              "Time": "07:27"
            },
            {
              "Dst": "南勢角",
              "Time": "07:32"
            },
            {
              "Dst": "南勢角",
              "Time": "07:38"
            },
            {
              "Dst": "南勢角",
              "Time": "07:43"
            },
            {
              "Dst": "南勢角",
              "Time": "07:48"
            },
            {
              "Dst": "南勢角",
              "Time": "07:53"
            },
            {
              "Dst": "南勢角",
              "Time": "07:58"
            },
            {
              "Dst": "南勢角",
              "Time": "08:03"
            },
            {
              "Dst": "南勢角",
              "Time": "08:08"
            },
            {
              "Dst": "南勢角",
              "Time": "08:14"
            },
            {
              "Dst": "南勢角",
              "Time": "08:19"
            },
            {
              "Dst": "南勢角",
              "Time": "08:25"
            },
            {
              "Dst": "南勢角",
              "Time": "08:31"
            },
            {
              "Dst": "南勢角",
              "Time": "08:37"
            },
            {
              "Dst": "南勢角",
              "Time": "08:43"
            },
            {
              "Dst": "南勢角",
              "Time": "08:49"
            },
            {
              "Dst": "南勢角",
              "Time": "08:55"
            },
            {
              "Dst": "南勢角",
              "Time": "09:03"
            },
            {
              "Dst": "南勢角",
              "Time": "09:11"
            },
            {
              "Dst": "南勢角",
              "Time": "09:19"
            },
            {
              "Dst": "南勢角",
              "Time": "09:28"
            },
            {
              "Dst": "南勢角",
              "Time": "09:36"
            },
            {
              "Dst": "南勢角",
              "Time": "09:45"
            },
            {
              "Dst": "南勢角",
              "Time": "09:53"
            },
            {
              "Dst": "南勢角",
              "Time": "10:02"
            },
            {
              "Dst": "南勢角",
              "Time": "10:10"
            },
            {
              "Dst": "南勢角",
              "Time": "10:19"
            },
            {
              "Dst": "南勢角",
              "Time": "10:27"
            },
            {
              "Dst": "南勢角",
              "Time": "10:36"
            },
            {
              "Dst": "南勢角",
              "Time": "10:44"
            },
            {
              "Dst": "南勢角",
              "Time": "10:53"
            },
            {
              "Dst": "南勢角",
              "Time": "11:01"
            },
            {
              "Dst": "南勢角",
              "Time": "11:10"
            },
            {
              "Dst": "南勢角",
              "Time": "11:18"
            },
            {
              "Dst": "南勢角",
              "Time": "11:27"
            },
            {
              "Dst": "南勢角",
              "Time": "11:35"
            },
            {
              "Dst": "南勢角",
              "Time": "11:44"
            },
            {
              "Dst": "南勢角",
              "Time": "11:52"
            },
            {
              "Dst": "南勢角",
              "Time": "12:01"
            },
            {
              "Dst": "南勢角",
              "Time": "12:09"
            },
            {
              "Dst": "南勢角",
              "Time": "12:18"
            },
            {
              "Dst": "南勢角",
              "Time": "12:26"
            },
            {
              "Dst": "南勢角",
              "Time": "12:35"
            },
            {
              "Dst": "南勢角",
              "Time": "12:43"
            },
            {
              "Dst": "南勢角",
              "Time": "12:52"
            },
            {
              "Dst": "南勢角",
              "Time": "13:00"
            },
            {
              "Dst": "南勢角",
              "Time": "13:09"
            },
            {
              "Dst": "南勢角",
              "Time": "13:17"
            },
            {
              "Dst": "南勢角",
              "Time": "13:26"
            },
            {
              "Dst": "南勢角",
              "Time": "13:34"
            },
            {
              "Dst": "南勢角",
              "Time": "13:43"
            },
            {
              "Dst": "南勢角",
              "Time": "13:51"
            },
            {
              "Dst": "南勢角",
              "Time": "14:00"
            },
            {
              "Dst": "南勢角",
              "Time": "14:08"
            },
            {
              "Dst": "南勢角",
              "Time": "14:17"
            },
            {
              "Dst": "南勢角",
              "Time": "14:25"
            },
            {
              "Dst": "南勢角",
              "Time": "14:34"
            },
            {
              "Dst": "南勢角",
              "Time": "14:42"
            },
            {
              "Dst": "南勢角",
              "Time": "14:51"
            },
            {
              "Dst": "南勢角",
              "Time": "14:59"
            },
            {
              "Dst": "南勢角",
              "Time": "15:08"
            },
            {
              "Dst": "南勢角",
              "Time": "15:16"
            },
            {
              "Dst": "南勢角",
              "Time": "15:25"
            },
            {
              "Dst": "南勢角",
              "Time": "15:33"
            },
            {
              "Dst": "南勢角",
              "Time": "15:42"
            },
            {
              "Dst": "南勢角",
              "Time": "15:50"
            },
            {
              "Dst": "南勢角",
              "Time": "15:59"
            },
            {
              "Dst": "南勢角",
              "Time": "16:07"
            },
            {
              "Dst": "南勢角",
              "Time": "16:15"
            },
            {
              "Dst": "南勢角",
              "Time": "16:23"
            },
            {
              "Dst": "南勢角",
              "Time": "16:30"
            },
            {
              "Dst": "南勢角",
              "Time": "16:36"
            },
            {
              "Dst": "南勢角",
              "Time": "16:42"
            },
            {
              "Dst": "南勢角",
              "Time": "16:49"
            },
            {
              "Dst": "南勢角",
              "Time": "16:55"
            },
            {
              "Dst": "南勢角",
              "Time": "17:01"
            },
            {
              "Dst": "南勢角",
              "Time": "17:08"
            },
            {
              "Dst": "南勢角",
              "Time": "17:14"
            },
            {
              "Dst": "南勢角",
              "Time": "17:20"
            },
            {
              "Dst": "南勢角",
              "Time": "17:27"
            },
            {
              "Dst": "南勢角",
              "Time": "17:33"
            },
            {
              "Dst": "南勢角",
              "Time": "17:39"
            },
            {
              "Dst": "南勢角",
              "Time": "17:46"
            },
            {
              "Dst": "南勢角",
              "Time": "17:52"
            },
            {
              "Dst": "南勢角",
              "Time": "17:58"
            },
            {
              "Dst": "南勢角",
              "Time": "18:05"
            },
            {
              "Dst": "南勢角",
              "Time": "18:11"
            },
            {
              "Dst": "南勢角",
              "Time": "18:17"
            },
            {
              "Dst": "南勢角",
              "Time": "18:24"
            },
            {
              "Dst": "南勢角",
              "Time": "18:30"
            },
            {
              "Dst": "南勢角",
              "Time": "18:36"
            },
            {
              "Dst": "南勢角",
              "Time": "18:43"
            },
            {
              "Dst": "南勢角",
              "Time": "18:49"
            },
            {
              "Dst": "南勢角",
              "Time": "18:55"
            },
            {
              "Dst": "南勢角",
              "Time": "19:02"
            },
            {
              "Dst": "南勢角",
              "Time": "19:08"
            },
            {
              "Dst": "南勢角",
              "Time": "19:15"
            },
            {
              "Dst": "南勢角",
              "Time": "19:23"
            },
            {
              "Dst": "南勢角",
              "Time": "19:31"
            },
            {
              "Dst": "南勢角",
              "Time": "19:39"
            },
            {
              "Dst": "南勢角",
              "Time": "19:47"
            },
            {
              "Dst": "南勢角",
              "Time": "19:55"
            },
            {
              "Dst": "南勢角",
              "Time": "20:03"
            },
            {
              "Dst": "南勢角",
              "Time": "20:11"
            },
            {
              "Dst": "南勢角",
              "Time": "20:19"
            },
            {
              "Dst": "南勢角",
              "Time": "20:27"
            },
            {
              "Dst": "南勢角",
              "Time": "20:34"
            },
            {
              "Dst": "南勢角",
              "Time": "20:42"
            },
            {
              "Dst": "南勢角",
              "Time": "20:50"
            },
            {
              "Dst": "南勢角",
              "Time": "20:58"
            },
            {
              "Dst": "南勢角",
              "Time": "21:06"
            },
            {
              "Dst": "南勢角",
              "Time": "21:14"
            },
            {
              "Dst": "南勢角",
              "Time": "21:22"
            },
            {
              "Dst": "南勢角",
              "Time": "21:30"
            },
            {
              "Dst": "南勢角",
              "Time": "21:38"
            },
            {
              "Dst": "南勢角",
              "Time": "21:46"
            },
            {
              "Dst": "南勢角",
              "Time": "21:54"
            },
            {
              "Dst": "南勢角",
              "Time": "22:02"
            },
            {
              "Dst": "南勢角",
              "Time": "22:10"
            },
            {
              "Dst": "南勢角",
              "Time": "22:18"
            },
            {
              "Dst": "南勢角",
              "Time": "22:27"
            },
            {
              "Dst": "南勢角",
              "Time": "22:35"
            },
            {
              "Dst": "南勢角",
              "Time": "22:42"
            },
            {
              "Dst": "南勢角",
              "Time": "22:51"
            },
            {
              "Dst": "南勢角",
              "Time": "23:03"
            },
            {
              "Dst": "南勢角",
              "Time": "23:15"
            },
            {
              "Dst": "南勢角",
              "Time": "23:27"
            },
            {
              "Dst": "南勢角",
              "Time": "23:39"
            },
            {
              "Dst": "南勢角",
              "Time": "23:51"
            },
            {
              "Dst": "南勢角",
              "Time": "00:03"
            }
          ]
        },
        {
          "Days": "6",
          "Departures": [
            {
              "Dst": "南勢角",
              "Time": "06:03"
            },
            {
              "Dst": "南勢角",
              "Time": "06:12"
            },
            {
              "Dst": "南勢角",
              "Time": "06:20"
            },
            {
              "Dst": "南勢角",
              "Time": "06:29"
            },
            {
              "Dst": "南勢角",
              "Time": "06:38"
            },
            {
              "Dst": "南勢角",
              "Time": "06:48"
            },
            {
              "Dst": "南勢角",
              "Time": "06:57"
            },
            {
              "Dst": "南勢角",
              "Time": "07:07"
            },
            {
              "Dst": "南勢角",
              "Time": "07:16"
            },
            {
              "Dst": "南勢角",
              "Time": "07:26"
            },
            {
              "Dst": "南勢角",
              "Time": "07:35"
            },
            {
              "Dst": "南勢角",
              "Time": "07:45"
            },
            {
              "Dst": "南勢角",
              "Time": "07:55"
            },
            {
              "Dst": "南勢角",
              "Time": "08:04"
            },
            {
              "Dst": "南勢角",
              "Time": "08:14"
            },
            {
              "Dst": "南勢角",
              "Time": "08:23"
            },
            {
              "Dst": "南勢角",
              "Time": "08:33"
            },
            {
              "Dst": "南勢角",
              "Time": "08:42"
            },
            {
              "Dst": "南勢角",
              "Time": "08:50"
            },
            {
              "Dst": "南勢角",
              "Time": "08:59"
            },
            {
              "Dst": "南勢角",
              "Time": "09:07"
            },
            {
              "Dst": "南勢角",
              "Time": "09:15"
            },
            {
              "Dst": "南勢角",
              "Time": "09:23"
            },
            {
              "Dst": "南勢角",
              "Time": "09:31"
            },
            {
              "Dst": "南勢角",
              "Time": "09:40"
            },
            {
              "Dst": "南勢角",
              "Time": "09:49"
            },
            {
              "Dst": "南勢角",
              "Time": "09:57"
            },
            {
              "Dst": "南勢角",
              "Time": "10:05"
            },
            {
              "Dst": "南勢角",
              "Time": "10:14"
            },
            {
              "Dst": "南勢角",
              "Time": "10:22"
            },
            {
              "Dst": "南勢角",
              "Time": "10:31"
            },
            {
              "Dst": "南勢角",
              "Time": "10:39"
            },
            {
              "Dst": "南勢角",
              "Time": "10:48"
            },
            {
              "Dst": "南勢角",
              "Time": "10:56"
            },
            {
              "Dst": "南勢角",
              "Time": "11:05"
            },
            {
              "Dst": "南勢角",
              "Time": "11:13"
            },
            {
              "Dst": "南勢角",
              "Time": "11:22"
            },
            {
              "Dst": "南勢角",
              "Time": "11:30"
            },
            {
              "Dst": "南勢角",
              "Time": "11:39"
            },
            {
              "Dst": "南勢角",
              "Time": "11:47"
            },
            {
              "Dst": "南勢角",
              "Time": "11:56"
            },
            {
              "Dst": "南勢角",
              "Time": "12:04"
            },
            {
              "Dst": "南勢角",
              "Time": "12:13"
            },
            {
              "Dst": "南勢角",
              "Time": "12:21"
            },
            {
              "Dst": "南勢角",
              "Time": "12:30"
            },
            {
              "Dst": "南勢角",
              "Time": "12:38"
            },
            {
              "Dst": "南勢角",
              "Time": "12:47"
            },
            {
              "Dst": "南勢角",
              "Time": "12:55"
            },
            {
              "Dst": "南勢角",
              "Time": "13:04"
            },
            {
              "Dst": "南勢角",
              "Time": "13:12"
            },
            {
              "Dst": "南勢角",
              "Time": "13:21"
            },
            {
              "Dst": "南勢角",
              "Time": "13:29"
            },
            {
              "Dst": "南勢角",
              "Time": "13:38"
            },
            {
              "Dst": "南勢角",
              "Time": "13:46"
            },
            {
              "Dst": "南勢角",
              "Time": "13:55"
            },
            {
              "Dst": "南勢角",
              "Time": "14:03"
            },
            {
              "Dst": "南勢角",
              "Time": "14:12"
            },
            {
              "Dst": "南勢角",
              "Time": "14:20"
            },
            {
              "Dst": "南勢角",
              "Time": "14:29"
            },
            {
              "Dst": "南勢角",
              "Time": "14:37"
            },
            {
              "Dst": "南勢角",
              "Time": "14:46"
            },
            {
              "Dst": "南勢角",
              "Time": "14:54"
            },
            {
              "Dst": "南勢角",
              "Time": "15:03"
            },
            {
              "Dst": "南勢角",
              "Time": "15:11"
            },
            {
              "Dst": "南勢角",
              "Time": "15:20"
            },
            {
              "Dst": "南勢角",
              "Time": "15:28"
            },
            {
              "Dst": "南勢角",
              "Time": "15:37"
            },
            {
              "Dst": "南勢角",
              "Time": "15:45"
            },
            {
              "Dst": "南勢角",
              "Time": "15:54"
            },
            {
              "Dst": "南勢角",
              "Time": "16:02"
            },
            {
              "Dst": "南勢角",
              "Time": "16:11"
            },
            {
              "Dst": "南勢角",
              "Time": "16:19"
            },
            {
              "Dst": "南勢角",
              "Time": "16:28"
            },
            {
              "Dst": "南勢角",
              "Time": "16:36"
            },
            {
              "Dst": "南勢角",
              "Time": "16:45"
            },
            {
              "Dst": "南勢角",
              "Time": "16:53"
            },
            {
              "Dst": "南勢角",
              "Time": "17:02"
            },
            {
              "Dst": "南勢角",
              "Time": "17:10"
            },
            {
              "Dst": "南勢角",
              "Time": "17:19"
            },
            {
              "Dst": "南勢角",
              "Time": "17:27"
            },
            {
              "Dst": "南勢角",
              "Time": "17:36"
            },
            {
              "Dst": "南勢角",
              "Time": "17:44"
            },
            {
              "Dst": "南勢角",
              "Time": "17:53"
            },
            {
              "Dst": "南勢角",
              "Time": "18:01"
            },
            {
              "Dst": "南勢角",
              "Time": "18:10"
            },
            {
              "Dst": "南勢角",
              "Time": "18:18"
            },
            {
              "Dst": "南勢角",
              "Time": "18:27"
            },
            {
              "Dst": "南勢角",
              "Time": "18:35"
            },
            {
              "Dst": "南勢角",
              "Time": "18:44"
            },
            {
              "Dst": "南勢角",
              "Time": "18:52"
            },
            {
              "Dst": "南勢角",
              "Time": "19:02"
            },
            {
              "Dst": "南勢角",
              "Time": "19:11"
            },
            {
              "Dst": "南勢角",
              "Time": "19:20"
            },
            {
              "Dst": "南勢角",
              "Time": "19:30"
            },
            {
              "Dst": "南勢角",
              "Time": "19:39"
            },
            {
              "Dst": "南勢角",
              "Time": "19:49"
            },
            {
              "Dst": "南勢角",
              "Time": "19:59"
            },
            {
              "Dst": "南勢角",
              "Time": "20:08"
            },
            {
              "Dst": "南勢角",
              "Time": "20:18"
            },
            {
              "Dst": "南勢角",
              "Time": "20:27"
            },
            {
              "Dst": "南勢角",
              "Time": "20:37"
            },
            {
              "Dst": "南勢角",
              "Time": "20:46"
            },
            {
              "Dst": "南勢角",
              "Time": "20:56"
            },
            {
              "Dst": "南勢角",
              "Time": "21:06"
            },
            {
              "Dst": "南勢角",
              "Time": "21:15"
            },
            {
              "Dst": "南勢角",
              "Time": "21:25"
            },
            {
              "Dst": "南勢角",
              "Time": "21:34"
            },
            {
              "Dst": "南勢角",
              "Time": "21:44"
            },
            {
              "Dst": "南勢角",
              "Time": "21:53"
            },
            {
              "Dst": "南勢角",
              "Time": "22:03"
            },
            {
              "Dst": "南勢角",
              "Time": "22:12"
            },
            {
              "Dst": "南勢角",
              "Time": "22:22"
            },
            {
              "Dst": "南勢角",
              "Time": "22:31"
            },
            {
              "Dst": "南勢角",
              "Time": "22:41"
            },
            {
              "Dst": "南勢角",
              "Time": "22:51"
            },
            {
              "Dst": "南勢角",
              "Time": "23:03"
            },
            {
              "Dst": "南勢角",
              "Time": "23:15"
            },
            {
              "Dst": "南勢角",
              "Time": "23:27"
            },
            {
              "Dst": "南勢角",
              "Time": "23:39"
            },
            {
              "Dst": "南勢角",
              "Time": "23:51"
            },
            {
              "Dst": "南勢角",
              "Time": "00:03"
            }
          ]
        },
        {
          "Days": "7",
          "Departures": [
            {
              "Dst": "南勢角",
              "Time": "06:03"
            },
            {
              "Dst": "南勢角",
              "Time": "06:12"
            },
            {
              "Dst": "南勢角",
              "Time": "06:20"
            },
            {
              "Dst": "南勢角",
              "Time": "06:29"
            },
            {
              "Dst": "南勢角",
              "Time": "06:38"
            },
            {
              "Dst": "南勢角",
              "Time": "06:48"
            },
            {
              "Dst": "南勢角",
              "Time": "06:57"
            },
            {
              "Dst": "南勢角",
              "Time": "07:07"
            },
            {
              "Dst": "南勢角",
              "Time": "07:16"
            },
            {
              "Dst": "南勢角",
              "Time": "07:26"
            },
            {
              "Dst": "南勢角",
              "Time": "07:35"
            },
            {
              "Dst": "南勢角",
              "Time": "07:45"
            },
            {
              "Dst": "南勢角",
              "Time": "07:55"
            },
            {
              "Dst": "南勢角",
              "Time": "08:04"
            },
            {
              "Dst": "南勢角",
              "Time": "08:14"
            },
            {
              "Dst": "南勢角",
              "Time": "08:23"
            },
            {
              "Dst": "南勢角",
              "Time": "08:33"
            },
            {
              "Dst": "南勢角",
              "Time": "08:42"
            },
            {
              "Dst": "南勢角",
              "Time": "08:50"
            },
            {
              "Dst": "南勢角",
              "Time": "08:59"
            },
            {
              "Dst": "南勢角",
              "Time": "09:07"
            },
            {
              "Dst": "南勢角",
              "Time": "09:15"
            },
            {
              "Dst": "南勢角",
              "Time": "09:23"
            },
            {
              "Dst": "南勢角",
              "Time": "09:31"
            },
            {
              "Dst": "南勢角",
              "Time": "09:40"
            },
            {
              "Dst": "南勢角",
              "Time": "09:49"
            },
            {
              "Dst": "南勢角",
              "Time": "09:57"
            },
            {
              "Dst": "南勢角",
              "Time": "10:05"
            },
            {
              "Dst": "南勢角",
              "Time": "10:14"
            },
            {
              "Dst": "南勢角",
              "Time": "10:22"
            },
            {
              "Dst": "南勢角",
              "Time": "10:31"
            },
            {
              "Dst": "南勢角",
              "Time": "10:39"
            },
            {
              "Dst": "南勢角",
              "Time": "10:48"
            },
            {
              "Dst": "南勢角",
              "Time": "10:56"
            },
            {
              "Dst": "南勢角",
              "Time": "11:05"
            },
            {
              "Dst": "南勢角",
              "Time": "11:13"
            },
            {
              "Dst": "南勢角",
              "Time": "11:22"
            },
            {
              "Dst": "南勢角",
              "Time": "11:30"
            },
            {
              "Dst": "南勢角",
              "Time": "11:39"
            },
            {
              "Dst": "南勢角",
              "Time": "11:47"
            },
            {
              "Dst": "南勢角",
              "Time": "11:56"
            },
            {
              "Dst": "南勢角",
              "Time": "12:04"
            },
            {
              "Dst": "南勢角",
              "Time": "12:13"
            },
            {
              "Dst": "南勢角",
              "Time": "12:21"
            },
            {
              "Dst": "南勢角",
              "Time": "12:30"
            },
            {
              "Dst": "南勢角",
              "Time": "12:38"
            },
            {
              "Dst": "南勢角",
              "Time": "12:47"
            },
            {
              "Dst": "南勢角",
              "Time": "12:55"
            },
            {
              "Dst": "南勢角",
              "Time": "13:04"
            },
            {
              "Dst": "南勢角",
              "Time": "13:12"
            },
            {
              "Dst": "南勢角",
              "Time": "13:21"
            },
            {
              "Dst": "南勢角",
              "Time": "13:29"
            },
            {
              "Dst": "南勢角",
              "Time": "13:38"
            },
            {
              "Dst": "南勢角",
              "Time": "13:46"
            },
            {
              "Dst": "南勢角",
              "Time": "13:55"
            },
            {
              "Dst": "南勢角",
              "Time": "14:03"
            },
            {
              "Dst": "南勢角",
              "Time": "14:12"
            },
            {
              "Dst": "南勢角",
              "Time": "14:20"
            },
            {
              "Dst": "南勢角",
              "Time": "14:29"
            },
            {
              "Dst": "南勢角",
              "Time": "14:37"
            },
            {
              "Dst": "南勢角",
              "Time": "14:46"
            },
            {
              "Dst": "南勢角",
              "Time": "14:54"
            },
            {
              "Dst": "南勢角",
              "Time": "15:03"
            },
            {
              "Dst": "南勢角",
              "Time": "15:11"
            },
            {
              "Dst": "南勢角",
              "Time": "15:20"
            },
            {
              "Dst": "南勢角",
              "Time": "15:28"
            },
            {
              "Dst": "南勢角",
              "Time": "15:37"
            },
            {
              "Dst": "南勢角",
              "Time": "15:45"
            },
            {
              "Dst": "南勢角",
              "Time": "15:54"
            },
            {
              "Dst": "南勢角",
              "Time": "16:02"
            },
            {
              "Dst": "南勢角",
              "Time": "16:11"
            },
            {
              "Dst": "南勢角",
              "Time": "16:19"
            },
            {
              "Dst": "南勢角",
              "Time": "16:28"
            },
            {
              "Dst": "南勢角",
              "Time": "16:36"
            },
            {
              "Dst": "南勢角",
              "Time": "16:45"
            },
            {
              "Dst": "南勢角",
              "Time": "16:53"
            },
            {
              "Dst": "南勢角",
              "Time": "17:02"
            },
            {
              "Dst": "南勢角",
              "Time": "17:10"
            },
            {
              "Dst": "南勢角",
              "Time": "17:19"
            },
            {
              "Dst": "南勢角",
              "Time": "17:27"
            },
            {
              "Dst": "南勢角",
              "Time": "17:36"
            },
            {
              "Dst": "南勢角",
              "Time": "17:44"
            },
            {
              "Dst": "南勢角",
              "Time": "17:53"
            },
            {
              "Dst": "南勢角",
              "Time": "18:01"
            },
            {
              "Dst": "南勢角",
              "Time": "18:10"
            },
            {
              "Dst": "南勢角",
              "Time": "18:18"
            },
            {
              "Dst": "南勢角",
              "Time": "18:27"
            },
            {
              "Dst": "南勢角",
              "Time": "18:35"
            },
            {
              "Dst": "南勢角",
              "Time": "18:44"
            },
            {
              "Dst": "南勢角",
              "Time": "18:52"
            },
            {
              "Dst": "南勢角",
              "Time": "19:02"
            },
            {
              "Dst": "南勢角",
              "Time": "19:11"
            },
            {
              "Dst": "南勢角",
              "Time": "19:20"
            },
            {
              "Dst": "南勢角",
              "Time": "19:30"
            },
            {
              "Dst": "南勢角",
              "Time": "19:39"
            },
            {
              "Dst": "南勢角",
              "Time": "19:49"
            },
            {
              "Dst": "南勢角",
              "Time": "19:59"
            },
            {
              "Dst": "南勢角",
              "Time": "20:08"
            },
            {
              "Dst": "南勢角",
              "Time": "20:18"
            },
            {
              "Dst": "南勢角",
              "Time": "20:27"
            },
            {
              "Dst": "南勢角",
              "Time": "20:37"
            },
            {
              "Dst": "南勢角",
              "Time": "20:46"
            },
            {
              "Dst": "南勢角",
              "Time": "20:56"
            },
            {
              "Dst": "南勢角",
              "Time": "21:06"
            },
            {
              "Dst": "南勢角",
              "Time": "21:15"
            },
            {
              "Dst": "南勢角",
              "Time": "21:25"
            },
            {
              "Dst": "南勢角",
              "Time": "21:34"
            },
            {
              "Dst": "南勢角",
              "Time": "21:44"
            },
            {
              "Dst": "南勢角",
              "Time": "21:53"
            },
            {
              "Dst": "南勢角",
              "Time": "22:03"
            },
            {
              "Dst": "南勢角",
              "Time": "22:12"
            },
            {
              "Dst": "南勢角",
              "Time": "22:22"
            },
            {
              "Dst": "南勢角",
              "Time": "22:31"
            },
            {
              "Dst": "南勢角",
              "Time": "22:41"
            },
            {
              "Dst": "南勢角",
              "Time": "22:51"
            },
            {
              "Dst": "南勢角",
              "Time": "23:03"
            },
            {
              "Dst": "南勢角",
              "Time": "23:15"
            },
            {
              "Dst": "南勢角",
              "Time": "23:27"
            },
            {
              "Dst": "南勢角",
              "Time": "23:39"
            },
            {
              "Dst": "南勢角",
              "Time": "23:51"
            },
            {
              "Dst": "南勢角",
              "Time": "00:03"
            }
          ]
        }
      ]
    }
  ]
}