{
  "StationCode": "O21",
  "StationName": "迴龍",
  "Timetables": [
    {
      "Direction": "往O01南勢角站",
      "EffectiveFrom": "2017-08-01",
      "Schedule": [
        {
          "Days": "1,2,3,4,5",
          "Departures": [
            {
              "Dst": "南勢角",
              "Time": "06:00"
            },
            {
              "Dst": "南勢角",
              "Time": "06:08"
            },
            {
              "Dst": "南勢角",
              "Time": "06:17"
            },
            {
              "Dst": "南勢角",
              "Time": "06:25"
            },
            {
              "Dst": "南勢角",
              "Time": "06:33"
            },
            {
              "Dst": "南勢角",
              "Time": "06:41"
            },
            {
              "Dst": "南勢角",
              "Time": "06:48"
            },
            {
              "Dst": "南勢角",
              "Time": "06:54"
            },
            {
              "Dst": "南勢角",
              "Time": "07:00"
            },
            {
              "Dst": "南勢角",
              "Time": "07:06"
            },
            {
              "Dst": "南勢角",
              "Time": "07:12"
            },
            {
              "Dst": "南勢角",
              "Time": "07:18"
            },
            {
              "Dst": "南勢角",
              "Time": "07:24"
            },
            {
              "Dst": "南勢角",
              "Time": "07:30"
            },
            {
              "Dst": "南勢角",
              "Time": "07:35"
            },
            {
              "Dst": "南勢角",
              "Time": "07:40"
            },
            {
              "Dst": "南勢角",
              "Time": "07:45"
            },
            {
              "Dst": "南勢角",
              "Time": "07:50"
            },
            {
              "Dst": "南勢角",
              "Time": "07:56"
            },
            {
              "Dst": "南勢角",
              "Time": "08:01"
            },
            {
              "Dst": "南勢角",
              "Time": "08:06"
            },
            {
              "Dst": "南勢角",
              "Time": "08:11"
            },
            {
              "Dst": "南勢角",
              "Time": "08:16"
            },
            {
              "Dst": "南勢角",
              "Time": "08:22"
            },
            {
              "Dst": "南勢角",
              "Time": "08:28"
            },
            {
              "Dst": "南勢角",
              "Time": "08:34"
            },
            {
              "Dst": "南勢角",
              "Time": "08:40"
            },
            {
              "Dst": "南勢角",
              "Time": "08:46"
            },
            {
              "Dst": "南勢角",
              "Time": "08:53"
            },
            {
              "Dst": "南勢角",
              "Time": "09:00"
            },
            {
              "Dst": "南勢角",
              "Time": "09:08"
            },
            {
              "Dst": "南勢角",
              "Time": "09:16"
            },
            {
              "Dst": "南勢角",
              "Time": "09:25"
            },
            {
              "Dst": "南勢角",
              "Time": "09:33"
            },
            {
              "Dst": "南勢角",
              "Time": "09:42"
            },
            {
              "Dst": "南勢角",
              "Time": "09:50"
            },
            {
              "Dst": "南勢角",
              "Time": "09:59"
            },
            {
              "Dst": "南勢角",
              "Time": "10:07"
            },
            {
              "Dst": "南勢角",
              "Time": "10:16"
            },
            {
              "Dst": "南勢角",
              "Time": "10:24"
            },
            {
              "Dst": "南勢角",
              "Time": "10:33"
            },
            {
              "Dst": "南勢角",
              "Time": "10:41"
            },
            {
              "Dst": "南勢角",
              "Time": "10:50"
            },
            {
              "Dst": "南勢角",
              "Time": "10:58"
            },
            {
              "Dst": "南勢角",
              "Time": "11:07"
            },
            {
              "Dst": "南勢角",
              "Time": "11:15"
            },
            {
              "Dst": "南勢角",
              "Time": "11:24"
            },
            {
              "Dst": "南勢角",
              "Time": "11:32"
            },
            {
              "Dst": "南勢角",
              "Time": "11:41"
            },
            {
              "Dst": "南勢角",
              "Time": "11:49"
            },
            {
              "Dst": "南勢角",
              "Time": "11:58"
            },
            {
              "Dst": "南勢角",
              "Time": "12:06"
            },
            {
              "Dst": "南勢角",
              "Time": "12:15"
            },
            {
              "Dst": "南勢角",
              "Time": "12:23"
            },
            {
              "Dst": "南勢角",
              "Time": "12:32"
            },
            {
              "Dst": "南勢角",
              "Time": "12:40"
            },
            {
              "Dst": "南勢角",
              "Time": "12:49"
            },
            {
              "Dst": "南勢角",
              "Time": "12:57"
            },
            {
              "Dst": "南勢角",
              "Time": "13:06"
            },
            {
              "Dst": "南勢角",
              "Time": "13:14"
            },
            {
              "Dst": "南勢角",
              "Time": "13:23"
            },
            {
              "Dst": "南勢角",
              "Time": "13:31"
            },
            {
              "Dst": "南勢角",
              "Time": "13:40"
            },
            {
              "Dst": "南勢角",
              "Time": "13:48"
            },
            {
              "Dst": "南勢角",
              "Time": "13:57"
            },
            {
              "Dst": "南勢角",
              "Time": "14:05"
            },
            {
              "Dst": "南勢角",
              "Time": "14:14"
            },
            {
              "Dst": "南勢角",
              "Time": "14:22"
            },
            {
              "Dst": "南勢角",
              "Time": "14:31"
            },
            {
              "Dst": "南勢角",
              "Time": "14:39"
            },
            {
              "Dst": "南勢角",
              "Time": "14:48"
            },
            {
              "Dst": "南勢角",
              "Time": "14:56"
            },
            {
              "Dst": "南勢角",
              "Time": "15:05"
            },
            {
              "Dst": "南勢角",
              "Time": "15:13"
            },
            {
              "Dst": "南勢角",
              "Time": "15:22"
            },
            {
              "Dst": "南勢角",
              "Time": "15:30"
            },
            {
              "Dst": "南勢角",
              "Time": "15:39"
            },
            {
              "Dst": "南勢角",
              "Time": "15:47"
            },
            {
              "Dst": "南勢角",
              "Time": "15:56"
            },
            {
              "Dst": "南勢角",
              "Time": "16:04"
            },
            {
              "Dst": "南勢角",
              "Time": "16:13"
            },
            {
              "Dst": "南勢角",
              "Time": "16:20"
            },
            {
              "Dst": "南勢角",
              "Time": "16:27"
            },
            {
              "Dst": "南勢角",
              "Time": "16:33"
            },
            {
              "Dst": "南勢角",
              "Time": "16:40"
            },
            {
              "Dst": "南勢角",
              "Time": "16:46"
            },
            {
              "Dst": "南勢角",
              "Time": "16:52"
            },
            {
              "Dst": "南勢角",
              "Time": "16:59"
            },
            {
              "Dst": "南勢角",
              "Time": "17:05"
            },
            {
              "Dst": "南勢角",
              "Time": "17:11"
            },
            {
              "Dst": "南勢角",
              "Time": "17:18"
            },
            {
              "Dst": "南勢角",
              "Time": "17:24"
            },
            {
              "Dst": "南勢角",
              "Time": "17:30"
            },
            {
              "Dst": "南勢角",
              "Time": "17:37"
            },
            {
              "Dst": "南勢角",
              "Time": "17:43"
            },
            {
              "Dst": "南勢角",
              "Time": "17:49"
            },
            {
              "Dst": "南勢角",
              "Time": "17:56"
            },
            {
              "Dst": "南勢角",
              "Time": "18:02"
            },
            {
              "Dst": "南勢角",
              "Time": "18:08"
            },
            {
              "Dst": "南勢角",
              "Time": "18:15"
            },
            {
              "Dst": "南勢角",
              "Time": "18:21"
            },
            {
              "Dst": "南勢角",
              "Time": "18:27"
            },
            {
              "Dst": "南勢角",
              "Time": "18:34"
            },
            {
              "Dst": "南勢角",
              "Time": "18:40"
            },
            {
              "Dst": "南勢角",
              "Time": "18:46"
            },
            {
              "Dst": "南勢角",
              "Time": "18:53"
            },
            {
              "Dst": "南勢角",
              "Time": "18:59"
            },
            {
              "Dst": "南勢角",
              "Time": "19:05"
            },
            {
              "Dst": "南勢角",
              "Time": "19:12"
            },
            {
              "Dst": "南勢角",
              "Time": "19:20"
            },
            {
              "Dst": "南勢角",
              "Time": "19:28"
            },
            {
              "Dst": "南勢角",
              "Time": "19:36"
            },
            {
              "Dst": "南勢角",
              "Time": "19:44"
            },
            {
              "Dst": "南勢角",
              "Time": "19:52"
            },
            {
              "Dst": "南勢角",
              "Time": "20:00"
            },
            {
              "Dst": "南勢角",
              "Time": "20:08"
            },
            {
              "Dst": "南勢角",
              "Time": "20:16"
            },
            {
              "Dst": "南勢角",
              "Time": "20:24"
            },
            {
              "Dst": "南勢角",
              "Time": "20:32"
            },
            {
              "Dst": "南勢角",
              "Time": "20:40"
            },
            {
              "Dst": "南勢角",
              "Time": "20:48"
            },
            {
              "Dst": "南勢角",
              "Time": "20:56"
            },
            {
              "Dst": "南勢角",
              "Time": "21:04"
            },
            {
              "Dst": "南勢角",
              "Time": "21:12"
            },
            {
              "Dst": "南勢角",
              "Time": "21:20"
            },
            {
              "Dst": "南勢角",
              "Time": "21:28"
            },
            {
              "Dst": "南勢角",
              "Time": "21:36"
            },
            {
              "Dst": "南勢角",
              "Time": "21:44"
            },
            {
              "Dst": "南勢角",
              "Time": "21:52"
            },
            {
              "Dst": "南勢角",
              "Time": "22:00"
            },
            {
              "Dst": "南勢角",
              "Time": "22:08"
            },
            {
              "Dst": "南勢角",
              "Time": "22:16"
            },
            {
              "Dst": "南勢角",
              "Time": "22:24"
            },
            {
              "Dst": "南勢角",
              "Time": "22:32"
            },
            {
              "Dst": "南勢角",
              "Time": "22:39"
            },
            {
              "Dst": "南勢角",
              "Time": "22:48"
            },
            {
              "Dst": "南勢角",
              "Time": "23:00"
            },
            {
              "Dst": "南勢角",
              "Time": "23:12"
            },
            {
              "Dst": "南勢角",
              "Time": "23:24"
            },
            {
              "Dst": "南勢角",
              "Time": "23:36"
            },
            {
              "Dst": "南勢角",
              "Time": "23:48"
            },
            {
              "Dst": "南勢角",
              "Time": "00:00"
            }
          ]
        },
        {
          "Days": "6",
          "Departures": [
            {
              "Dst": "南勢角",
              "Time": "06:00"
            },
            {
              "Dst": "南勢角",
              "Time": "06:09"
            },
            {
              "Dst": "南勢角",
              "Time": "06:17"
            },
            {
              "Dst": "南勢角",
              "Time": "06:26"
            },
            {
              "Dst": "南勢角",
              "Time": "06:35"
            },
            {
              "Dst": "南勢角",
              "Time": "06:45"
            },
            {
              "Dst": "南勢角",
              "Time": "06:55"
            },
            {
              "Dst": "南勢角",
              "Time": "07:04"
            },
            {
              "Dst": "南勢角",
              "Time": "07:14"
            },
            {
              "Dst": "南勢角",
              "Time": "07:23"
            },
            {
              "Dst": "南勢角",
              "Time": "07:33"
            },
            {
              "Dst": "南勢角",
              "Time": "07:42"
            },
            {
              "Dst": "南勢角",
              "Time": "07:52"
            },
            {
              "Dst": "南勢角",
              "Time": "08:02"
            },
            {
              "Dst": "南勢角",
              "Time": "08:11"
            },
            {
              "Dst": "南勢角",
              "Time": "08:21"
            },
            {
              "Dst": "南勢角",
              "Time": "08:30"
            },
            {
              "Dst": "南勢角",
              "Time": "08:39"
            },
            {
              "Dst": "南勢角",
              "Time": "08:47"
            },
            {
              "Dst": "南勢角",
              "Time": "08:56"
            },
            {
              "Dst": "南勢角",
              "Time": "09:04"
            },
            {
              "Dst": "南勢角",
              "Time": "09:13"
            },
            {
              "Dst": "南勢角",
              "Time": "09:20"
            },
            {
              "Dst": "南勢角",
              "Time": "09:28"
            },
            {
              "Dst": "南勢角",
              "Time": "09:37"
            },
            {
              "Dst": "南勢角",
              "Time": "09:46"
            },
            {
              "Dst": "南勢角",
              "Time": "09:54"
            },
            {
              "Dst": "南勢角",
              "Time": "10:02"
            },
            {
              "Dst": "南勢角",
              "Time": "10:11"
            },
            {
              "Dst": "南勢角",
              "Time": "10:19"
            },
            {
              "Dst": "南勢角",
              "Time": "10:28"
            },
            {
              "Dst": "南勢角",
              "Time": "10:36"
            },
            {
              "Dst": "南勢角",
              "Time": "10:45"
            },
            {
              "Dst": "南勢角",
              "Time": "10:53"
            },
            {
              "Dst": "南勢角",
              "Time": "11:02"
            },
            {
              "Dst": "南勢角",
              "Time": "11:10"
            },
            {
              "Dst": "南勢角",
              "Time": "11:19"
            },
            {
              "Dst": "南勢角",
              "Time": "11:27"
            },
            {
              "Dst": "南勢角",
              "Time": "11:36"
            },
            {
              "Dst": "南勢角",
              "Time": "11:44"
            },
            {
              "Dst": "南勢角",
              "Time": "11:53"
            },
            {
              "Dst": "南勢角",
              "Time": "12:01"
            },
            {
              "Dst": "南勢角",
              "Time": "12:10"
            },
            {
              "Dst": "南勢角",
              "Time": "12:18"
            },
            {
              "Dst": "南勢角",
              "Time": "12:27"
            },
            {
              "Dst": "南勢角",
              "Time": "12:35"
            },
            {
              "Dst": "南勢角",
              "Time": "12:44"
            },
            {
              "Dst": "南勢角",
              "Time": "12:52"
            },
            {
              "Dst": "南勢角",
              "Time": "13:01"
            },
            {
              "Dst": "南勢角",
              "Time": "13:09"
            },
            {
              "Dst": "南勢角",
              "Time": "13:18"
            },
            {
              "Dst": "南勢角",
              "Time": "13:26"
            },
            {
              "Dst": "南勢角",
              "Time": "13:35"
            },
            {
              "Dst": "南勢角",
              "Time": "13:43"
            },
            {
              "Dst": "南勢角",
              "Time": "13:52"
            },
            {
              "Dst": "南勢角",
              "Time": "14:00"
            },
            {
              "Dst": "南勢角",
              "Time": "14:09"
            },
            {
              "Dst": "南勢角",
              "Time": "14:17"
            },
            {
              "Dst": "南勢角",
              "Time": "14:26"
            },
            {
              "Dst": "南勢角",
              "Time": "14:34"
            },
            {
              "Dst": "南勢角",
              "Time": "14:43"
            },
            {
              "Dst": "南勢角",
              "Time": "14:51"
            },
            {
              "Dst": "南勢角",
              "Time": "15:00"
            },
            {
              "Dst": "南勢角",
              "Time": "15:08"
            },
            {
              "Dst": "南勢角",
              "Time": "15:17"
            },
            {
              "Dst": "南勢角",
              "Time": "15:25"
            },
            {
              "Dst": "南勢角",
              "Time": "15:34"
            },
            {
              "Dst": "南勢角",
              "Time": "15:42"
            },
            {
              "Dst": "南勢角",
              "Time": "15:51"
            },
            {
              "Dst": "南勢角",
              "Time": "15:59"
            },
            {
              "Dst": "南勢角",
              "Time": "16:08"
            },
            {
              "Dst": "南勢角",
              "Time": "16:16"
            },
            {
              "Dst": "南勢角",
              "Time": "16:25"
            },
            {
              "Dst": "南勢角",
              "Time": "16:33"
            },
            {
              "Dst": "南勢角",
              "Time": "16:42"
            },
            {
              "Dst": "南勢角",
              "Time": "16:50"
            },
            {
              "Dst": "南勢角",
              "Time": "16:59"
            },
            {
              "Dst": "南勢角",
              "Time": "17:07"
            },
            {
              "Dst": "南勢角",
              "Time": "17:16"
            },
            {
              "Dst": "南勢角",
              "Time": "17:24"
            },
            {
              "Dst": "南勢角",
              "Time": "17:33"
            },
            {
              "Dst": "南勢角",
              "Time": "17:41"
            },
            {
              "Dst": "南勢角",
              "Time": "17:50"
            },
            {
              "Dst": "南勢角",
              "Time": "17:58"
            },
            {
              "Dst": "南勢角",
              "Time": "18:07"
            },
            {
              "Dst": "南勢角",
              "Time": "18:15"
            },
            {
              "Dst": "南勢角",
              "Time": "18:24"
            },
            {
              "Dst": "南勢角",
              "Time": "18:32"
            },
            {
              "Dst": "南勢角",
              "Time": "18:41"
            },
            {
              "Dst": "南勢角",
              "Time": "18:49"
            },
            {
              "Dst": "南勢角",
              "Time": "18:59"
            },
            {
              "Dst": "南勢角",
              "Time": "19:08"
            },
            {
              "Dst": "南勢角",
              "Time": "19:18"
            },
            {
              "Dst": "南勢角",
              "Time": "19:27"
            },
            {
              "Dst": "南勢角",
              "Time": "19:37"
            },
            {
              "Dst": "南勢角",
              "Time": "19:46"
            },
            {
              "Dst": "南勢角",
              "Time": "19:56"
            },
            {
              "Dst": "南勢角",
              "Time": "20:06"
            },
            {
              "Dst": "南勢角",
              "Time": "20:15"
            },
            {
              "Dst": "南勢角",
              "Time": "20:25"
            },
            {
              "Dst": "南勢角",
              "Time": "20:34"
            },
            {
              "Dst": "南勢角",
              "Time": "20:44"
            },
            {
              "Dst": "南勢角",
              "Time": "20:53"
            },
            {
              "Dst": "南勢角",
              "Time": "21:03"
            },
            {
              "Dst": "南勢角",
              "Time": "21:12"
            },
            {
              "Dst": "南勢角",
              "Time": "21:22"
            },
            {
              "Dst": "南勢角",
              "Time": "21:32"
            },
            {
              "Dst": "南勢角",
              "Time": "21:41"
            },
            {
              "Dst": "南勢角",
              "Time": "21:51"
            },
            {
              "Dst": "南勢角",
              "Time": "22:00"
            },
            {
              "Dst": "南勢角",
              "Time": "22:10"
            },
            {
              "Dst": "南勢角",
              "Time": "22:19"
            },
            {
              "Dst": "南勢角",
              "Time": "22:29"
            },
            {
              "Dst": "南勢角",
              "Time": "22:38"
            },
            {
              "Dst": "南勢角",
              "Time": "22:48"
            },
            {
              "Dst": "南勢角",
              "Time": "23:00"
            },
            {
              "Dst": "南勢角",
              "Time": "23:12"
            },
            {
              "Dst": "南勢角",
              "Time": "23:24"
            },
            {
              "Dst": "南勢角",
              "Time": "23:36"
            },
            {
              "Dst": "南勢角",
              "Time": "23:48"
            },
            {
              "Dst": "南勢角",
              "Time": "00:00"
            }
          ]
        },
        {
          "Days": "7",
          "Departures": [
            {
              "Dst": "南勢角",
              "Time": "06:00"
            },
            {
              "Dst": "南勢角",
              "Time": "06:09"
            },
            {
              "Dst": "南勢角",
              "Time": "06:17"
            },
            {
              "Dst": "南勢角",
              "Time": "06:26"
            },
            {
              "Dst": "南勢角",
              "Time": "06:35"
            },
            {
              "Dst": "南勢角",
              "Time": "06:45"
            },
            {
              "Dst": "南勢角",
              "Time": "06:55"
            },
            {
              "Dst": "南勢角",
              "Time": "07:04"
            },
            {
              "Dst": "南勢角",
              "Time": "07:14"
            },
            {
              "Dst": "南勢角",
              "Time": "07:23"
            },
            {
              "Dst": "南勢角",
              "Time": "07:33"
            },
            {
              "Dst": "南勢角",
              "Time": "07:42"
            },
            {
              "Dst": "南勢角",
              "Time": "07:52"
            },
            {
              "Dst": "南勢角",
              "Time": "08:02"
            },
            {
              "Dst": "南勢角",
              "Time": "08:11"
            },
            {
              "Dst": "南勢角",
              "Time": "08:21"
            },
            {
              "Dst": "南勢角",
              "Time": "08:30"
            },
            {
              "Dst": "南勢角",
              "Time": "08:39"
            },
            {
              "Dst": "南勢角",
              "Time": "08:47"
            },
            {
              "Dst": "南勢角",
              "Time": "08:56"
            },
            {
              "Dst": "南勢角",
              "Time": "09:04"
            },
            {
              "Dst": "南勢角",
              "Time": "09:13"
            },
            {
              "Dst": "南勢角",
              "Time": "09:20"
            },
            {
              "Dst": "南勢角",
              "Time": "09:28"
            },
            {
              "Dst": "南勢角",
              "Time": "09:37"
            },
            {
              "Dst": "南勢角",
              "Time": "09:46"
            },
            {
              "Dst": "南勢角",
              "Time": "09:54"
            },
            {
              "Dst": "南勢角",
              "Time": "10:02"
            },
            {
              "Dst": "南勢角",
              "Time": "10:11"
            },
            {
              "Dst": "南勢角",
              "Time": "10:19"
            },
            {
              "Dst": "南勢角",
              "Time": "10:28"
            },
            {
              "Dst": "南勢角",
              "Time": "10:36"
            },
            {
              "Dst": "南勢角",
              "Time": "10:45"
            },
            {
              "Dst": "南勢角",
              "Time": "10:53"
            },
            {
              "Dst": "南勢角",
              "Time": "11:02"
            },
            {
              "Dst": "南勢角",
              "Time": "11:10"
            },
            {
              "Dst": "南勢角",
              "Time": "11:19"
            },
            {
              "Dst": "南勢角",
              "Time": "11:27"
            },
            {
              "Dst": "南勢角",
              "Time": "11:36"
            },
            {
              "Dst": "南勢角",
              "Time": "11:44"
            },
            {
              "Dst": "南勢角",
              "Time": "11:53"
            },
            {
              "Dst": "南勢角",
              "Time": "12:01"
            },
            {
              "Dst": "南勢角",
              "Time": "12:10"
            },
            {
              "Dst": "南勢角",
              "Time": "12:18"
            },
            {
              "Dst": "南勢角",
              "Time": "12:27"
            },
            {
              "Dst": "南勢角",
              "Time": "12:35"
            },
            {
              "Dst": "南勢角",
              "Time": "12:44"
            },
            {
              "Dst": "南勢角",
              "Time": "12:52"
            },
            {
              "Dst": "南勢角",
              "Time": "13:01"
            },
            {
              "Dst": "南勢角",
              "Time": "13:09"
            },
            {
              "Dst": "南勢角",
              "Time": "13:18"
            },
            {
              "Dst": "南勢角",
              "Time": "13:26"
            },
            {
              "Dst": "南勢角",
              "Time": "13:35"
            },
            {
              "Dst": "南勢角",
              "Time": "13:43"
            },
            {
              "Dst": "南勢角",
              "Time": "13:52"
            },
            {
              "Dst": "南勢角",
              "Time": "14:00"
            },
            {
              "Dst": "南勢角",
              "Time": "14:09"
            },
            {
              "Dst": "南勢角",
              "Time": "14:17"
            },
            {
              "Dst": "南勢角",
              "Time": "14:26"
            },
            {
              "Dst": "南勢角",
              "Time": "14:34"
            },
            {
              "Dst": "南勢角",
              "Time": "14:43"
            },
            {
              "Dst": "南勢角",
              "Time": "14:51"
            },
            {
              "Dst": "南勢角",
              "Time": "15:00"
            },
            {
              "Dst": "南勢角",
              "Time": "15:08"
            },
            {
              "Dst": "南勢角",
              "Time": "15:17"
            },
            {
              "Dst": "南勢角",
              "Time": "15:25"
            },
            {
              "Dst": "南勢角",
              "Time": "15:34"
            },
            {
              "Dst": "南勢角",
              "Time": "15:42"
            },
            {
              "Dst": "南勢角",
              "Time": "15:51"
            },
            {
              "Dst": "南勢角",
              "Time": "15:59"
            },
            {
              "Dst": "南勢角",
              "Time": "16:08"
            },
            {
              "Dst": "南勢角",
              "Time": "16:16"
            },
            {
              "Dst": "南勢角",
              "Time": "16:25"
            },
            {
              "Dst": "南勢角",
              "Time": "16:33"
            },
            {
              "Dst": "南勢角",
              "Time": "16:42"
            },
            {
              "Dst": "南勢角",
              "Time": "16:50"
            },
            {
              "Dst": "南勢角",
              "Time": "16:59"
            },
            {
              "Dst": "南勢角",
              "Time": "17:07"
            },
            {
              "Dst": "南勢角",
              "Time": "17:16"
            },
            {
              "Dst": "南勢角",
              "Time": "17:24"
            },
            {
              "Dst": "南勢角",
              "Time": "17:33"
            },
            {
              "Dst": "南勢角",
              "Time": "17:41"
            },
            {
              "Dst": "南勢角",
              "Time": "17:50"
            },
            {
              "Dst": "南勢角",
              "Time": "17:58"
            },
            {
              "Dst": "南勢角",
              "Time": "18:07"
            },
            {
              "Dst": "南勢角",
              "Time": "18:15"
            },
            {
              "Dst": "南勢角",
              "Time": "18:24"
            },
            {
              "Dst": "南勢角",
              "Time": "18:32"
            },
            {
              "Dst": "南勢角",
              "Time": "18:41"
            },
            {
              "Dst": "南勢角",
              "Time": "18:49"
            },
            {
              "Dst": "南勢角",
              "Time": "18:59"
            },
            {
              "Dst": "南勢角",
              "Time": "19:08"
            },
            {
              "Dst": "南勢角",
              "Time": "19:18"
            },
            {
              "Dst": "南勢角",
              "Time": "19:27"
            },
            {
              "Dst": "南勢角",
              "Time": "19:37"
            },
            {
              "Dst": "南勢角",
              "Time": "19:46"
            },
            {
              "Dst": "南勢角",
              "Time": "19:56"
            },
            {
              "Dst": "南勢角",
              "Time": "20:06"
            },
            {
              "Dst": "南勢角",
              "Time": "20:15"
            },
            {
              "Dst": "南勢角",
              "Time": "20:25"
            },
            {
              "Dst": "南勢角",
              "Time": "20:34"
            },
            {
              "Dst": "南勢角",
              "Time": "20:44"
            },
            {
              "Dst": "南勢角",
              "Time": "20:53"
            },
            {
              "Dst": "南勢角",
              "Time": "21:03"
            },
            {
              "Dst": "南勢角",
              "Time": "21:12"
            },
            {
              "Dst": "南勢角",
              "Time": "21:22"
            },
            {
              "Dst": "南勢角",
              "Time": "21:32"
            },
            {
              "Dst": "南勢角",
              "Time": "21:41"
            },
            {
              "Dst": "南勢角",
              "Time": "21:51"
            },
            {
              "Dst": "南勢角",
              "Time": "22:00"
            },
            {
              "Dst": "南勢角",
              "Time": "22:10"
            },
            {
              "Dst": "南勢角",
              "Time": "22:19"
            },
            {
              "Dst": "南勢角",
              "Time": "22:29"
            },
            {
              "Dst": "南勢角",
              "Time": "22:38"
            },
            {
              "Dst": "南勢角",
              "Time": "22:48"
            },
            {
              "Dst": "南勢角",
              "Time": "23:00"
            },
            {
              "Dst": "南勢角",
              "Time": "23:12"
            },
            {
              "Dst": "南勢角",
              "Time": "23:24"
            },
            {
              "Dst": "南勢角",
              "Time": "23:36"
            },
            {
              "Dst": "南勢角",
              "Time": "23:48"
            },
            {
              "Dst": "南勢角",
              "Time": "00:00"
            }
          ]
        }
      ]
    }
  ]
}