{
  "StationCode": "O50",
  "StationName": "三重國小",
  "Timetables": [
    {
      "Direction": "往O54蘆洲站",
      "EffectiveFrom": "2017-08-01",
      "Schedule": [
        {
          "Days": "1,2,3,4,5",
          "Departures": [
            {
              "Dst": "蘆洲",
              "Time": "06:05"
            },
            {
              "Dst": "蘆洲",
              "Time": "06:12"
            },
            {
              "Dst": "蘆洲",
              "Time": "06:23"
            },
            {
              "Dst": "蘆洲",
              "Time": "06:30"
            },
            {
              "Dst": "蘆洲",
              "Time": "06:38"
            },
            {
              "Dst": "蘆洲",
              "Time": "06:46"
            },
            {
              "Dst": "蘆洲",
              "Time": "06:54"
            },
            {
              "Dst": "蘆洲",
              "Time": "07:02"
            },
            {
              "Dst": "蘆洲",
              "Time": "07:09"
            },
            {
              "Dst": "蘆洲",
              "Time": "07:17"
            },
            {
              "Dst": "蘆洲",
              "Time": "07:25"
            },
            {
              "Dst": "蘆洲",
              "Time": "07:33"
            },
            {
              "Dst": "蘆洲",
              "Time": "07:41"
            },
            {
              "Dst": "蘆洲",
              "Time": "07:48"
            },
            {
              "Dst": "蘆洲",
              "Time": "07:54"
            },
            {
              "Dst": "蘆洲",
              "Time": "08:01"
            },
            {
              "Dst": "蘆洲",
              "Time": "08:07"
            },
            {
              "Dst": "蘆洲",
              "Time": "08:12"
            },
            {
              "Dst": "蘆洲",
              "Time": "08:18"
            },
            {
              "Dst": "蘆洲",
              "Time": "08:24"
            },
            {
              "Dst": "蘆洲",
              "Time": "08:30"
            },
            {
              "Dst": "蘆洲",
              "Time": "08:36"
            },
            {
              "Dst": "蘆洲",
              "Time": "08:42"
            },
            {
              "Dst": "蘆洲",
              "Time": "08:48"
            },
            {
              "Dst": "蘆洲",
              "Time": "08:54"
            },
            {
              "Dst": "蘆洲",
              "Time": "08:59"
            },
            {
              "Dst": "蘆洲",
              "Time": "09:04"
            },
            {
              "Dst": "蘆洲",
              "Time": "09:09"
            },
            {
              "Dst": "蘆洲",
              "Time": "09:14"
            },
            {
              "Dst": "蘆洲",
              "Time": "09:19"
            },
            {
              "Dst": "蘆洲",
              "Time": "09:24"
            },
            {
              "Dst": "蘆洲",
              "Time": "09:29"
            },
            {
              "Dst": "蘆洲",
              "Time": "09:35"
            },
            {
              "Dst": "蘆洲",
              "Time": "09:41"
            },
            {
              "Dst": "蘆洲",
              "Time": "09:47"
            },
            {
              "Dst": "蘆洲",
              "Time": "09:54"
            },
            {
              "Dst": "蘆洲",
              "Time": "10:01"
            },
            {
              "Dst": "蘆洲",
              "Time": "10:09"
            },
            {
              "Dst": "蘆洲",
              "Time": "10:17"
            },
            {
              "Dst": "蘆洲",
              "Time": "10:25"
            },
            {
              "Dst": "蘆洲",
              "Time": "10:34"
            },
            {
              "Dst": "蘆洲",
              "Time": "10:42"
            },
            {
              "Dst": "蘆洲",
              "Time": "10:51"
            },
            {
              "Dst": "蘆洲",
              "Time": "10:59"
            },
            {
              "Dst": "蘆洲",
              "Time": "11:08"
            },
            {
              "Dst": "蘆洲",
              "Time": "11:16"
            },
            {
              "Dst": "蘆洲",
              "Time": "11:25"
            },
            {
              "Dst": "蘆洲",
              "Time": "11:33"
            },
            {
              "Dst": "蘆洲",
              "Time": "11:42"
            },
            {
              "Dst": "蘆洲",
              "Time": "11:50"
            },
            {
              "Dst": "蘆洲",
              "Time": "11:59"
            },
            {
              "Dst": "蘆洲",
              "Time": "12:07"
            },
            {
              "Dst": "蘆洲",
              "Time": "12:16"
            },
            {
              "Dst": "蘆洲",
              "Time": "12:24"
            },
            {
              "Dst": "蘆洲",
              "Time": "12:33"
            },
            {
              "Dst": "蘆洲",
              "Time": "12:41"
            },
            {
              "Dst": "蘆洲",
              "Time": "12:50"
            },
            {
              "Dst": "蘆洲",
              "Time": "12:58"
            },
            {
              "Dst": "蘆洲",
              "Time": "13:07"
            },
            {
              "Dst": "蘆洲",
              "Time": "13:15"
            },
            {
              "Dst": "蘆洲",
              "Time": "13:24"
            },
            {
              "Dst": "蘆洲",
              "Time": "13:32"
            },
            {
              "Dst": "蘆洲",
              "Time": "13:41"
            },
            {
              "Dst": "蘆洲",
              "Time": "13:49"
            },
            {
              "Dst": "蘆洲",
              "Time": "13:58"
            },
            {
              "Dst": "蘆洲",
              "Time": "14:06"
            },
            {
              "Dst": "蘆洲",
              "Time": "14:15"
            },
            {
              "Dst": "蘆洲",
              "Time": "14:23"
            },
            {
              "Dst": "蘆洲",
              "Time": "14:32"
            },
            {
              "Dst": "蘆洲",
              "Time": "14:40"
            },
            {
              "Dst": "蘆洲",
              "Time": "14:49"
            },
            {
              "Dst": "蘆洲",
              "Time": "14:57"
            },
            {
              "Dst": "蘆洲",
              "Time": "15:06"
            },
            {
              "Dst": "蘆洲",
              "Time": "15:14"
            },
            {
              "Dst": "蘆洲",
              "Time": "15:23"
            },
            {
              "Dst": "蘆洲",
              "Time": "15:31"
            },
            {
              "Dst": "蘆洲",
              "Time": "15:40"
            },
            {
              "Dst": "蘆洲",
              "Time": "15:48"
            },
            {
              "Dst": "蘆洲",
              "Time": "15:56"
            },
            {
              "Dst": "蘆洲",
              "Time": "16:04"
            },
            {
              "Dst": "蘆洲",
              "Time": "16:12"
            },
            {
              "Dst": "蘆洲",
              "Time": "16:21"
            },
            {
              "Dst": "蘆洲",
              "Time": "16:29"
            },
            {
              "Dst": "蘆洲",
              "Time": "16:38"
            },
            {
              "Dst": "蘆洲",
              "Time": "16:46"
            },
            {
              "Dst": "蘆洲",
              "Time": "16:55"
            },
            {
              "Dst": "蘆洲",
              "Time": "17:03"
            },
            {
              "Dst": "蘆洲",
              "Time": "17:12"
            },
            {
              "Dst": "蘆洲",
              "Time": "17:20"
            },
            {
              "Dst": "蘆洲",
              "Time": "17:29"
            },
            {
              "Dst": "蘆洲",
              "Time": "17:36"
            },
            {
              "Dst": "蘆洲",
              "Time": "17:42"
            },
            {
              "Dst": "蘆洲",
              "Time": "17:49"
            },
            {
              "Dst": "蘆洲",
              "Time": "17:55"
            },
            {
              "Dst": "蘆洲",
              "Time": "18:01"
            },
            {
              "Dst": "蘆洲",
              "Time": "18:08"
            },
            {
              "Dst": "蘆洲",
              "Time": "18:14"
            },
            {
              "Dst": "蘆洲",
              "Time": "18:20"
            },
            {
              "Dst": "蘆洲",
              "Time": "18:27"
            },
            {
              "Dst": "蘆洲",
              "Time": "18:33"
            },
            {
              "Dst": "蘆洲",
              "Time": "18:39"
            },
            {
              "Dst": "蘆洲",
              "Time": "18:46"
            },
            {
              "Dst": "蘆洲",
              "Time": "18:52"
            },
            {
              "Dst": "蘆洲",
              "Time": "18:58"
            },
            {
              "Dst": "蘆洲",
              "Time": "19:05"
            },
            {
              "Dst": "蘆洲",
              "Time": "19:10"
            },
            {
              "Dst": "蘆洲",
              "Time": "19:16"
            },
            {
              "Dst": "蘆洲",
              "Time": "19:24"
            },
            {
              "Dst": "蘆洲",
              "Time": "19:30"
            },
            {
              "Dst": "蘆洲",
              "Time": "19:36"
            },
            {
              "Dst": "蘆洲",
              "Time": "19:44"
            },
            {
              "Dst": "蘆洲",
              "Time": "19:49"
            },
            {
              "Dst": "蘆洲",
              "Time": "19:56"
            },
            {
              "Dst": "蘆洲",
              "Time": "20:02"
            },
            {
              "Dst": "蘆洲",
              "Time": "20:08"
            },
            {
              "Dst": "蘆洲",
              "Time": "20:13"
            },
            {
              "Dst": "蘆洲",
              "Time": "20:20"
            },
            {
              "Dst": "蘆洲",
              "Time": "20:28"
            },
            {
              "Dst": "蘆洲",
              "Time": "20:36"
            },
            {
              "Dst": "蘆洲",
              "Time": "20:44"
            },
            {
              "Dst": "蘆洲",
              "Time": "20:52"
            },
            {
              "Dst": "蘆洲",
              "Time": "21:00"
            },
            {
              "Dst": "蘆洲",
              "Time": "21:08"
            },
            {
              "Dst": "蘆洲",
              "Time": "21:16"
            },
            {
              "Dst": "蘆洲",
              "Time": "21:24"
            },
            {
              "Dst": "蘆洲",
              "Time": "21:32"
            },
            {
              "Dst": "蘆洲",
              "Time": "21:40"
            },
            {
              "Dst": "蘆洲",
              "Time": "21:48"
            },
            {
              "Dst": "蘆洲",
              "Time": "21:56"
            },
            {
              "Dst": "蘆洲",
              "Time": "22:04"
            },
            {
              "Dst": "蘆洲",
              "Time": "22:12"
            },
            {
              "Dst": "蘆洲",
              "Time": "22:20"
            },
            {
              "Dst": "蘆洲",
              "Time": "22:28"
            },
            {
              "Dst": "蘆洲",
              "Time": "22:36"
            },
            {
              "Dst": "蘆洲",
              "Time": "22:45"
            },
            {
              "Dst": "蘆洲",
              "Time": "22:52"
            },
            {
              "Dst": "蘆洲",
              "Time": "23:00"
            },
            {
              "Dst": "蘆洲",
              "Time": "23:07"
            },
            {
              "Dst": "蘆洲",
              "Time": "23:15"
            },
            {
              "Dst": "蘆洲",
              "Time": "23:23"
            },
            {
              "Dst": "蘆洲",
              "Time": "23:33"
            },
            {
              "Dst": "蘆洲",
              "Time": "23:45"
            },
            {
              "Dst": "蘆洲",
              "Time": "23:57"
            },
            {
              "Dst": "蘆洲",
              "Time": "00:09"
            },
            {
              "Dst": "蘆洲",
              "Time": "00:21"
            },
            {
              "Dst": "蘆洲",
              "Time": "00:30"
            },
            {
              "Dst": "蘆洲",
              "Time": "00:48"
            }
          ]
        },
        {
          "Days": "6",
          "Departures": [
            {
              "Dst": "蘆洲",
              "Time": "06:05"
            },
            {
              "Dst": "蘆洲",
              "Time": "06:12"
            },
            {
              "Dst": "蘆洲",
              "Time": "06:23"
            },
            {
              "Dst": "蘆洲",
              "Time": "06:31"
            },
            {
              "Dst": "蘆洲",
              "Time": "06:41"
            },
            {
              "Dst": "蘆洲",
              "Time": "06:50"
            },
            {
              "Dst": "蘆洲",
              "Time": "06:59"
            },
            {
              "Dst": "蘆洲",
              "Time": "07:09"
            },
            {
              "Dst": "蘆洲",
              "Time": "07:18"
            },
            {
              "Dst": "蘆洲",
              "Time": "07:28"
            },
            {
              "Dst": "蘆洲",
              "Time": "07:37"
            },
            {
              "Dst": "蘆洲",
              "Time": "07:47"
            },
            {
              "Dst": "蘆洲",
              "Time": "07:56"
            },
            {
              "Dst": "蘆洲",
              "Time": "08:06"
            },
            {
              "Dst": "蘆洲",
              "Time": "08:15"
            },
            {
              "Dst": "蘆洲",
              "Time": "08:25"
            },
            {
              "Dst": "蘆洲",
              "Time": "08:34"
            },
            {
              "Dst": "蘆洲",
              "Time": "08:44"
            },
            {
              "Dst": "蘆洲",
              "Time": "08:53"
            },
            {
              "Dst": "蘆洲",
              "Time": "09:03"
            },
            {
              "Dst": "蘆洲",
              "Time": "09:13"
            },
            {
              "Dst": "蘆洲",
              "Time": "09:22"
            },
            {
              "Dst": "蘆洲",
              "Time": "09:32"
            },
            {
              "Dst": "蘆洲",
              "Time": "09:41"
            },
            {
              "Dst": "蘆洲",
              "Time": "09:51"
            },
            {
              "Dst": "蘆洲",
              "Time": "10:00"
            },
            {
              "Dst": "蘆洲",
              "Time": "10:10"
            },
            {
              "Dst": "蘆洲",
              "Time": "10:20"
            },
            {
              "Dst": "蘆洲",
              "Time": "10:29"
            },
            {
              "Dst": "蘆洲",
              "Time": "10:37"
            },
            {
              "Dst": "蘆洲",
              "Time": "10:46"
            },
            {
              "Dst": "蘆洲",
              "Time": "10:54"
            },
            {
              "Dst": "蘆洲",
              "Time": "11:03"
            },
            {
              "Dst": "蘆洲",
              "Time": "11:11"
            },
            {
              "Dst": "蘆洲",
              "Time": "11:20"
            },
            {
              "Dst": "蘆洲",
              "Time": "11:28"
            },
            {
              "Dst": "蘆洲",
              "Time": "11:37"
            },
            {
              "Dst": "蘆洲",
              "Time": "11:45"
            },
            {
              "Dst": "蘆洲",
              "Time": "11:54"
            },
            {
              "Dst": "蘆洲",
              "Time": "12:02"
            },
            {
              "Dst": "蘆洲",
              "Time": "12:11"
            },
            {
              "Dst": "蘆洲",
              "Time": "12:19"
            },
            {
              "Dst": "蘆洲",
              "Time": "12:28"
            },
            {
              "Dst": "蘆洲",
              "Time": "12:36"
            },
            {
              "Dst": "蘆洲",
              "Time": "12:45"
            },
            {
              "Dst": "蘆洲",
              "Time": "12:53"
            },
            {
              "Dst": "蘆洲",
              "Time": "13:02"
            },
            {
              "Dst": "蘆洲",
              "Time": "13:10"
            },
            {
              "Dst": "蘆洲",
              "Time": "13:19"
            },
            {
              "Dst": "蘆洲",
              "Time": "13:27"
            },
            {
              "Dst": "蘆洲",
              "Time": "13:36"
            },
            {
              "Dst": "蘆洲",
              "Time": "13:44"
            },
            {
              "Dst": "蘆洲",
              "Time": "13:53"
            },
            {
              "Dst": "蘆洲",
              "Time": "14:01"
            },
            {
              "Dst": "蘆洲",
              "Time": "14:10"
            },
            {
              "Dst": "蘆洲",
              "Time": "14:18"
            },
            {
              "Dst": "蘆洲",
              "Time": "14:27"
            },
            {
              "Dst": "蘆洲",
              "Time": "14:35"
            },
            {
              "Dst": "蘆洲",
              "Time": "14:44"
            },
            {
              "Dst": "蘆洲",
              "Time": "14:52"
            },
            {
              "Dst": "蘆洲",
              "Time": "15:01"
            },
            {
              "Dst": "蘆洲",
              "Time": "15:09"
            },
            {
              "Dst": "蘆洲",
              "Time": "15:18"
            },
            {
              "Dst": "蘆洲",
              "Time": "15:26"
            },
            {
              "Dst": "蘆洲",
              "Time": "15:35"
            },
            {
              "Dst": "蘆洲",
              "Time": "15:43"
            },
            {
              "Dst": "蘆洲",
              "Time": "15:52"
            },
            {
              "Dst": "蘆洲",
              "Time": "16:00"
            },
            {
              "Dst": "蘆洲",
              "Time": "16:09"
            },
            {
              "Dst": "蘆洲",
              "Time": "16:17"
            },
            {
              "Dst": "蘆洲",
              "Time": "16:26"
            },
            {
              "Dst": "蘆洲",
              "Time": "16:34"
            },
            {
              "Dst": "蘆洲",
              "Time": "16:43"
            },
            {
              "Dst": "蘆洲",
              "Time": "16:51"
            },
            {
              "Dst": "蘆洲",
              "Time": "17:00"
            },
            {
              "Dst": "蘆洲",
              "Time": "17:08"
            },
            {
              "Dst": "蘆洲",
              "Time": "17:17"
            },
            {
              "Dst": "蘆洲",
              "Time": "17:25"
            },
            {
              "Dst": "蘆洲",
              "Time": "17:34"
            },
            {
              "Dst": "蘆洲",
              "Time": "17:42"
            },
            {
              "Dst": "蘆洲",
              "Time": "17:51"
            },
            {
              "Dst": "蘆洲",
              "Time": "17:59"
            },
            {
              "Dst": "蘆洲",
              "Time": "18:08"
            },
            {
              "Dst": "蘆洲",
              "Time": "18:16"
            },
            {
              "Dst": "蘆洲",
              "Time": "18:25"
            },
            {
              "Dst": "蘆洲",
              "Time": "18:33"
            },
            {
              "Dst": "蘆洲",
              "Time": "18:42"
            },
            {
              "Dst": "蘆洲",
              "Time": "18:50"
            },
            {
              "Dst": "蘆洲",
              "Time": "18:59"
            },
            {
              "Dst": "蘆洲",
              "Time": "19:07"
            },
            {
              "Dst": "蘆洲",
              "Time": "19:16"
            },
            {
              "Dst": "蘆洲",
              "Time": "19:24"
            },
            {
              "Dst": "蘆洲",
              "Time": "19:32"
            },
            {
              "Dst": "蘆洲",
              "Time": "19:41"
            },
            {
              "Dst": "蘆洲",
              "Time": "19:50"
            },
            {
              "Dst": "蘆洲",
              "Time": "19:58"
            },
            {
              "Dst": "蘆洲",
              "Time": "20:07"
            },
            {
              "Dst": "蘆洲",
              "Time": "20:15"
            },
            {
              "Dst": "蘆洲",
              "Time": "20:24"
            },
            {
              "Dst": "蘆洲",
              "Time": "20:33"
            },
            {
              "Dst": "蘆洲",
              "Time": "20:40"
            },
            {
              "Dst": "蘆洲",
              "Time": "20:49"
            },
            {
              "Dst": "蘆洲",
              "Time": "20:58"
            },
            {
              "Dst": "蘆洲",
              "Time": "21:07"
            },
            {
              "Dst": "蘆洲",
              "Time": "21:17"
            },
            {
              "Dst": "蘆洲",
              "Time": "21:26"
            },
            {
              "Dst": "蘆洲",
              "Time": "21:36"
            },
            {
              "Dst": "蘆洲",
              "Time": "21:45"
            },
            {
              "Dst": "蘆洲",
              "Time": "21:55"
            },
            {
              "Dst": "蘆洲",
              "Time": "22:05"
            },
            {
              "Dst": "蘆洲",
              "Time": "22:14"
            },
            {
              "Dst": "蘆洲",
              "Time": "22:24"
            },
            {
              "Dst": "蘆洲",
              "Time": "22:33"
            },
            {
              "Dst": "蘆洲",
              "Time": "22:43"
            },
            {
              "Dst": "蘆洲",
              "Time": "22:52"
            },
            {
              "Dst": "蘆洲",
              "Time": "23:01"
            },
            {
              "Dst": "蘆洲",
              "Time": "23:10"
            },
            {
              "Dst": "蘆洲",
              "Time": "23:21"
            },
            {
              "Dst": "蘆洲",
              "Time": "23:33"
            },
            {
              "Dst": "蘆洲",
              "Time": "23:45"
            },
            {
              "Dst": "蘆洲",
              "Time": "23:57"
            },
            {
              "Dst": "蘆洲",
              "Time": "00:09"
            },
            {
              "Dst": "蘆洲",
              "Time": "00:21"
            },
            {
              "Dst": "蘆洲",
              "Time": "00:30"
            },
            {
              "Dst": "蘆洲",
              "Time": "00:48"
            }
          ]
        },
        {
          "Days": "7",
          "Departures": [
            {
              "Dst": "蘆洲",
              "Time": "06:05"
            },
            {
              "Dst": "蘆洲",
              "Time": "06:12"
            },
            {
              "Dst": "蘆洲",
              "Time": "06:23"
            },
            {
              "Dst": "蘆洲",
              "Time": "06:31"
            },
            {
              "Dst": "蘆洲",
              "Time": "06:41"
            },
            {
              "Dst": "蘆洲",
              "Time": "06:50"
            },
            {
              "Dst": "蘆洲",
              "Time": "06:59"
            },
            {
              "Dst": "蘆洲",
              "Time": "07:09"
            },
            {
              "Dst": "蘆洲",
              "Time": "07:18"
            },
            {
              "Dst": "蘆洲",
              "Time": "07:28"
            },
            {
              "Dst": "蘆洲",
              "Time": "07:37"
            },
            {
              "Dst": "蘆洲",
              "Time": "07:47"
            },
            {
              "Dst": "蘆洲",
              "Time": "07:56"
            },
            {
              "Dst": "蘆洲",
              "Time": "08:06"
            },
            {
              "Dst": "蘆洲",
              "Time": "08:15"
            },
            {
              "Dst": "蘆洲",
              "Time": "08:25"
            },
            {
              "Dst": "蘆洲",
              "Time": "08:34"
            },
            {
              "Dst": "蘆洲",
              "Time": "08:44"
            },
            {
              "Dst": "蘆洲",
              "Time": "08:53"
            },
            {
              "Dst": "蘆洲",
              "Time": "09:03"
            },
            {
              "Dst": "蘆洲",
              "Time": "09:13"
            },
            {
              "Dst": "蘆洲",
              "Time": "09:22"
            },
            {
              "Dst": "蘆洲",
              "Time": "09:32"
            },
            {
              "Dst": "蘆洲",
              "Time": "09:41"
            },
            {
              "Dst": "蘆洲",
              "Time": "09:51"
            },
            {
              "Dst": "蘆洲",
              "Time": "10:00"
            },
            {
              "Dst": "蘆洲",
              "Time": "10:10"
            },
            {
              "Dst": "蘆洲",
              "Time": "10:20"
            },
            {
              "Dst": "蘆洲",
              "Time": "10:29"
            },
            {
              "Dst": "蘆洲",
              "Time": "10:37"
            },
            {
              "Dst": "蘆洲",
              "Time": "10:46"
            },
            {
              "Dst": "蘆洲",
              "Time": "10:54"
            },
            {
              "Dst": "蘆洲",
              "Time": "11:03"
            },
            {
              "Dst": "蘆洲",
              "Time": "11:11"
            },
            {
              "Dst": "蘆洲",
              "Time": "11:20"
            },
            {
              "Dst": "蘆洲",
              "Time": "11:28"
            },
            {
              "Dst": "蘆洲",
              "Time": "11:37"
            },
            {
              "Dst": "蘆洲",
              "Time": "11:45"
            },
            {
              "Dst": "蘆洲",
              "Time": "11:54"
            },
            {
              "Dst": "蘆洲",
              "Time": "12:02"
            },
            {
              "Dst": "蘆洲",
              "Time": "12:11"
            },
            {
              "Dst": "蘆洲",
              "Time": "12:19"
            },
            {
              "Dst": "蘆洲",
              "Time": "12:28"
            },
            {
              "Dst": "蘆洲",
              "Time": "12:36"
            },
            {
              "Dst": "蘆洲",
              "Time": "12:45"
            },
            {
              "Dst": "蘆洲",
              "Time": "12:53"
            },
            {
              "Dst": "蘆洲",
              "Time": "13:02"
            },
            {
              "Dst": "蘆洲",
              "Time": "13:10"
            },
            {
              "Dst": "蘆洲",
              "Time": "13:19"
            },
            {
              "Dst": "蘆洲",
              "Time": "13:27"
            },
            {
              "Dst": "蘆洲",
              "Time": "13:36"
            },
            {
              "Dst": "蘆洲",
              "Time": "13:44"
            },
            {
              "Dst": "蘆洲",
              "Time": "13:53"
            },
            {
              "Dst": "蘆洲",
              "Time": "14:01"
            },
            {
              "Dst": "蘆洲",
              "Time": "14:10"
            },
            {
              "Dst": "蘆洲",
              "Time": "14:18"
            },
            {
              "Dst": "蘆洲",
              "Time": "14:27"
            },
            {
              "Dst": "蘆洲",
              "Time": "14:35"
            },
            {
              "Dst": "蘆洲",
              "Time": "14:44"
            },
            {
              "Dst": "蘆洲",
              "Time": "14:52"
            },
            {
              "Dst": "蘆洲",
              "Time": "15:01"
            },
            {
              "Dst": "蘆洲",
              "Time": "15:09"
            },
            {
              "Dst": "蘆洲",
              "Time": "15:18"
            },
            {
              "Dst": "蘆洲",
              "Time": "15:26"
            },
            {
              "Dst": "蘆洲",
              "Time": "15:35"
            },
            {
              "Dst": "蘆洲",
              "Time": "15:43"
            },
            {
              "Dst": "蘆洲",
              "Time": "15:52"
            },
            {
              "Dst": "蘆洲",
              "Time": "16:00"
            },
            {
              "Dst": "蘆洲",
              "Time": "16:09"
            },
            {
              "Dst": "蘆洲",
              "Time": "16:17"
            },
            {
              "Dst": "蘆洲",
              "Time": "16:26"
            },
            {
              "Dst": "蘆洲",
              "Time": "16:34"
            },
            {
              "Dst": "蘆洲",
              "Time": "16:43"
            },
            {
              "Dst": "蘆洲",
              "Time": "16:51"
            },
            {
              "Dst": "蘆洲",
              "Time": "17:00"
            },
            {
              "Dst": "蘆洲",
              "Time": "17:08"
            },
            {
              "Dst": "蘆洲",
              "Time": "17:17"
            },
            {
              "Dst": "蘆洲",
              "Time": "17:25"
            },
            {
              "Dst": "蘆洲",
              "Time": "17:34"
            },
            {
              "Dst": "蘆洲",
              "Time": "17:42"
            },
            {
              "Dst": "蘆洲",
              "Time": "17:51"
            },
            {
              "Dst": "蘆洲",
              "Time": "17:59"
            },
            {
              "Dst": "蘆洲",
              "Time": "18:08"
            },
            {
              "Dst": "蘆洲",
              "Time": "18:16"
            },
            {
              "Dst": "蘆洲",
              "Time": "18:25"
            },
            {
              "Dst": "蘆洲",
              "Time": "18:33"
            },
            {
              "Dst": "蘆洲",
              "Time": "18:42"
            },
            {
              "Dst": "蘆洲",
              "Time": "18:50"
            },
            {
              "Dst": "蘆洲",
              "Time": "18:59"
            },
            {
              "Dst": "蘆洲",
              "Time": "19:07"
            },
            {
              "Dst": "蘆洲",
              "Time": "19:16"
            },
            {
              "Dst": "蘆洲",
              "Time": "19:24"
            },
            {
              "Dst": "蘆洲",
              "Time": "19:32"
            },
            {
              "Dst": "蘆洲",
              "Time": "19:41"
            },
            {
              "Dst": "蘆洲",
              "Time": "19:50"
            },
            {
              "Dst": "蘆洲",
              "Time": "19:58"
            },
            {
              "Dst": "蘆洲",
              "Time": "20:07"
            },
            {
              "Dst": "蘆洲",
              "Time": "20:15"
            },
            {
              "Dst": "蘆洲",
              "Time": "20:24"
            },
            {
              "Dst": "蘆洲",
              "Time": "20:33"
            },
            {
              "Dst": "蘆洲",
              "Time": "20:40"
            },
            {
              "Dst": "蘆洲",
              "Time": "20:49"
            },
            {
              "Dst": "蘆洲",
              "Time": "20:58"
            },
            {
              "Dst": "蘆洲",
              "Time": "21:07"
            },
            {
              "Dst": "蘆洲",
              "Time": "21:17"
            },
            {
              "Dst": "蘆洲",
              "Time": "21:26"
            },
            {
              "Dst": "蘆洲",
              "Time": "21:36"
            },
            {
              "Dst": "蘆洲",
              "Time": "21:45"
            },
            {
              "Dst": "蘆洲",
              "Time": "21:55"
            },
            {
              "Dst": "蘆洲",
              "Time": "22:05"
            },
            {
              "Dst": "蘆洲",
              "Time": "22:14"
            },
            {
              "Dst": "蘆洲",
              "Time": "22:24"
            },
            {
              "Dst": "蘆洲",
              "Time": "22:33"
            },
            {
              "Dst": "蘆洲",
              "Time": "22:43"
            },
            {
              "Dst": "蘆洲",
              "Time": "22:52"
            },
            {
              "Dst": "蘆洲",
              "Time": "23:01"
            },
            {
              "Dst": "蘆洲",
              "Time": "23:10"
            },
            {
              "Dst": "蘆洲",
              "Time": "23:21"
            },
            {
              "Dst": "蘆洲",
              "Time": "23:33"
            },
            {
              "Dst": "蘆洲",
              "Time": "23:45"
            },
            {
              "Dst": "蘆洲",
              "Time": "23:57"
            },
            {
              "Dst": "蘆洲",
              "Time": "00:09"
            },
            {
              "Dst": "蘆洲",
              "Time": "00:21"
            },
            {
              "Dst": "蘆洲",
              "Time": "00:30"
            },
            {
              "Dst": "蘆洲",
              "Time": "00:48"
            }
          ]
        }
      ]
    },
    {
      "Direction": "往O01南勢角站",
      "EffectiveFrom": "2017-08-01",
      "Schedule": [
        {
          "Days": "1,2,3,4,5",
          "Departures": [
            {
              "Dst": "南勢角",
              "Time": "06:02"
            },
            {
              "Dst": "南勢角",
              "Time": "06:08"
            },
            {
              "Dst": "南勢角",
              "Time": "06:16"
            },
            {
              "Dst": "南勢角",
              "Time": "06:24"
            },
            {
              "Dst": "南勢角",
              "Time": "06:32"
            },
            {
              "Dst": "南勢角",
              "Time": "06:40"
            },
            {
              "Dst": "南勢角",
              "Time": "06:48"
            },
            {
              "Dst": "南勢角",
              "Time": "06:55"
            },
            {
              "Dst": "南勢角",
              "Time": "07:03"
            },
            {
              "Dst": "南勢角",
              "Time": "07:09"
            },
            {
              "Dst": "南勢角",
              "Time": "07:15"
            },
            {
              "Dst": "南勢角",
              "Time": "07:21"
            },
            {
              "Dst": "南勢角",
              "Time": "07:27"
            },
            {
              "Dst": "南勢角",
              "Time": "07:32"
            },
            {
              "Dst": "南勢角",
              "Time": "07:39"
            },
            {
              "Dst": "南勢角",
              "Time": "07:44"
            },
            {
              "Dst": "南勢角",
              "Time": "07:50"
            },
            {
              "Dst": "南勢角",
              "Time": "07:55"
            },
            {
              "Dst": "南勢角",
              "Time": "08:00"
            },
            {
              "Dst": "南勢角",
              "Time": "08:05"
            },
            {
              "Dst": "南勢角",
              "Time": "08:10"
            },
            {
              "Dst": "南勢角",
              "Time": "08:15"
            },
            {
              "Dst": "南勢角",
              "Time": "08:20"
            },
            {
              "Dst": "南勢角",
              "Time": "08:26"
            },
            {
              "Dst": "南勢角",
              "Time": "08:31"
            },
            {
              "Dst": "南勢角",
              "Time": "08:36"
            },
            {
              "Dst": "南勢角",
              "Time": "08:42"
            },
            {
              "Dst": "南勢角",
              "Time": "08:48"
            },
            {
              "Dst": "南勢角",
              "Time": "08:54"
            },
            {
              "Dst": "南勢角",
              "Time": "09:00"
            },
            {
              "Dst": "南勢角",
              "Time": "09:06"
            },
            {
              "Dst": "南勢角",
              "Time": "09:14"
            },
            {
              "Dst": "南勢角",
              "Time": "09:22"
            },
            {
              "Dst": "南勢角",
              "Time": "09:30"
            },
            {
              "Dst": "南勢角",
              "Time": "09:38"
            },
            {
              "Dst": "南勢角",
              "Time": "09:47"
            },
            {
              "Dst": "南勢角",
              "Time": "09:55"
            },
            {
              "Dst": "南勢角",
              "Time": "10:04"
            },
            {
              "Dst": "南勢角",
              "Time": "10:12"
            },
            {
              "Dst": "南勢角",
              "Time": "10:21"
            },
            {
              "Dst": "南勢角",
              "Time": "10:29"
            },
            {
              "Dst": "南勢角",
              "Time": "10:38"
            },
            {
              "Dst": "南勢角",
              "Time": "10:46"
            },
            {
              "Dst": "南勢角",
              "Time": "10:55"
            },
            {
              "Dst": "南勢角",
              "Time": "11:03"
            },
            {
              "Dst": "南勢角",
              "Time": "11:12"
            },
            {
              "Dst": "南勢角",
              "Time": "11:20"
            },
            {
              "Dst": "南勢角",
              "Time": "11:29"
            },
            {
              "Dst": "南勢角",
              "Time": "11:37"
            },
            {
              "Dst": "南勢角",
              "Time": "11:46"
            },
            {
              "Dst": "南勢角",
              "Time": "11:54"
            },
            {
              "Dst": "南勢角",
              "Time": "12:03"
            },
            {
              "Dst": "南勢角",
              "Time": "12:11"
            },
            {
              "Dst": "南勢角",
              "Time": "12:20"
            },
            {
              "Dst": "南勢角",
              "Time": "12:28"
            },
            {
              "Dst": "南勢角",
              "Time": "12:37"
            },
            {
              "Dst": "南勢角",
              "Time": "12:45"
            },
            {
              "Dst": "南勢角",
              "Time": "12:54"
            },
            {
              "Dst": "南勢角",
              "Time": "13:02"
            },
            {
              "Dst": "南勢角",
              "Time": "13:11"
            },
            {
              "Dst": "南勢角",
              "Time": "13:19"
            },
            {
              "Dst": "南勢角",
              "Time": "13:28"
            },
            {
              "Dst": "南勢角",
              "Time": "13:36"
            },
            {
              "Dst": "南勢角",
              "Time": "13:45"
            },
            {
              "Dst": "南勢角",
              "Time": "13:53"
            },
            {
              "Dst": "南勢角",
              "Time": "14:02"
            },
            {
              "Dst": "南勢角",
              "Time": "14:10"
            },
            {
              "Dst": "南勢角",
              "Time": "14:19"
            },
            {
              "Dst": "南勢角",
              "Time": "14:27"
            },
            {
              "Dst": "南勢角",
              "Time": "14:36"
            },
            {
              "Dst": "南勢角",
              "Time": "14:44"
            },
            {
              "Dst": "南勢角",
              "Time": "14:53"
            },
            {
              "Dst": "南勢角",
              "Time": "15:01"
            },
            {
              "Dst": "南勢角",
              "Time": "15:10"
            },
            {
              "Dst": "南勢角",
              "Time": "15:18"
            },
            {
              "Dst": "南勢角",
              "Time": "15:27"
            },
            {
              "Dst": "南勢角",
              "Time": "15:35"
            },
            {
              "Dst": "南勢角",
              "Time": "15:44"
            },
            {
              "Dst": "南勢角",
              "Time": "15:52"
            },
            {
              "Dst": "南勢角",
              "Time": "16:01"
            },
            {
              "Dst": "南勢角",
              "Time": "16:09"
            },
            {
              "Dst": "南勢角",
              "Time": "16:18"
            },
            {
              "Dst": "南勢角",
              "Time": "16:26"
            },
            {
              "Dst": "南勢角",
              "Time": "16:34"
            },
            {
              "Dst": "南勢角",
              "Time": "16:41"
            },
            {
              "Dst": "南勢角",
              "Time": "16:47"
            },
            {
              "Dst": "南勢角",
              "Time": "16:53"
            },
            {
              "Dst": "南勢角",
              "Time": "17:00"
            },
            {
              "Dst": "南勢角",
              "Time": "17:06"
            },
            {
              "Dst": "南勢角",
              "Time": "17:12"
            },
            {
              "Dst": "南勢角",
              "Time": "17:19"
            },
            {
              "Dst": "南勢角",
              "Time": "17:25"
            },
            {
              "Dst": "南勢角",
              "Time": "17:31"
            },
            {
              "Dst": "南勢角",
              "Time": "17:38"
            },
            {
              "Dst": "南勢角",
              "Time": "17:44"
            },
            {
              "Dst": "南勢角",
              "Time": "17:50"
            },
            {
              "Dst": "南勢角",
              "Time": "17:57"
            },
            {
              "Dst": "南勢角",
              "Time": "18:03"
            },
            {
              "Dst": "南勢角",
              "Time": "18:09"
            },
            {
              "Dst": "南勢角",
              "Time": "18:16"
            },
            {
              "Dst": "南勢角",
              "Time": "18:22"
            },
            {
              "Dst": "南勢角",
              "Time": "18:28"
            },
            {
              "Dst": "南勢角",
              "Time": "18:35"
            },
            {
              "Dst": "南勢角",
              "Time": "18:41"
            },
            {
              "Dst": "南勢角",
              "Time": "18:47"
            },
            {
              "Dst": "南勢角",
              "Time": "18:54"
            },
            {
              "Dst": "南勢角",
              "Time": "19:00"
            },
            {
              "Dst": "南勢角",
              "Time": "19:06"
            },
            {
              "Dst": "南勢角",
              "Time": "19:13"
            },
            {
              "Dst": "南勢角",
              "Time": "19:19"
            },
            {
              "Dst": "南勢角",
              "Time": "19:26"
            },
            {
              "Dst": "南勢角",
              "Time": "19:34"
            },
            {
              "Dst": "南勢角",
              "Time": "19:42"
            },
            {
              "Dst": "南勢角",
              "Time": "19:50"
            },
            {
              "Dst": "南勢角",
              "Time": "19:58"
            },
            {
              "Dst": "南勢角",
              "Time": "20:06"
            },
            {
              "Dst": "南勢角",
              "Time": "20:14"
            },
            {
              "Dst": "南勢角",
              "Time": "20:22"
            },
            {
              "Dst": "南勢角",
              "Time": "20:30"
            },
            {
              "Dst": "南勢角",
              "Time": "20:38"
            },
            {
              "Dst": "南勢角",
              "Time": "20:47"
            },
            {
              "Dst": "南勢角",
              "Time": "20:55"
            },
            {
              "Dst": "南勢角",
              "Time": "21:03"
            },
            {
              "Dst": "南勢角",
              "Time": "21:11"
            },
            {
              "Dst": "南勢角",
              "Time": "21:19"
            },
            {
              "Dst": "南勢角",
              "Time": "21:27"
            },
            {
              "Dst": "南勢角",
              "Time": "21:35"
            },
            {
              "Dst": "南勢角",
              "Time": "21:43"
            },
            {
              "Dst": "南勢角",
              "Time": "21:51"
            },
            {
              "Dst": "南勢角",
              "Time": "21:59"
            },
            {
              "Dst": "南勢角",
              "Time": "22:07"
            },
            {
              "Dst": "南勢角",
              "Time": "22:15"
            },
            {
              "Dst": "南勢角",
              "Time": "22:23"
            },
            {
              "Dst": "南勢角",
              "Time": "22:31"
            },
            {
              "Dst": "南勢角",
              "Time": "22:39"
            },
            {
              "Dst": "南勢角",
              "Time": "22:48"
            },
            {
              "Dst": "南勢角",
              "Time": "23:00"
            },
            {
              "Dst": "南勢角",
              "Time": "23:11"
            },
            {
              "Dst": "南勢角",
              "Time": "23:23"
            },
            {
              "Dst": "南勢角",
              "Time": "23:35"
            },
            {
              "Dst": "南勢角",
              "Time": "23:47"
            },
            {
              "Dst": "南勢角",
              "Time": "23:59"
            },
            {
              "Dst": "南勢角",
              "Time": "00:09"
            }
          ]
        },
        {
          "Days": "6",
          "Departures": [
            {
              "Dst": "南勢角",
              "Time": "06:02"
            },
            {
              "Dst": "南勢角",
              "Time": "06:08"
            },
            {
              "Dst": "南勢角",
              "Time": "06:16"
            },
            {
              "Dst": "南勢角",
              "Time": "06:23"
            },
            {
              "Dst": "南勢角",
              "Time": "06:31"
            },
            {
              "Dst": "南勢角",
              "Time": "06:39"
            },
            {
              "Dst": "南勢角",
              "Time": "06:48"
            },
            {
              "Dst": "南勢角",
              "Time": "06:58"
            },
            {
              "Dst": "南勢角",
              "Time": "07:07"
            },
            {
              "Dst": "南勢角",
              "Time": "07:17"
            },
            {
              "Dst": "南勢角",
              "Time": "07:26"
            },
            {
              "Dst": "南勢角",
              "Time": "07:36"
            },
            {
              "Dst": "南勢角",
              "Time": "07:45"
            },
            {
              "Dst": "南勢角",
              "Time": "07:55"
            },
            {
              "Dst": "南勢角",
              "Time": "08:05"
            },
            {
              "Dst": "南勢角",
              "Time": "08:14"
            },
            {
              "Dst": "南勢角",
              "Time": "08:24"
            },
            {
              "Dst": "南勢角",
              "Time": "08:33"
            },
            {
              "Dst": "南勢角",
              "Time": "08:43"
            },
            {
              "Dst": "南勢角",
              "Time": "08:52"
            },
            {
              "Dst": "南勢角",
              "Time": "09:01"
            },
            {
              "Dst": "南勢角",
              "Time": "09:09"
            },
            {
              "Dst": "南勢角",
              "Time": "09:18"
            },
            {
              "Dst": "南勢角",
              "Time": "09:26"
            },
            {
              "Dst": "南勢角",
              "Time": "09:34"
            },
            {
              "Dst": "南勢角",
              "Time": "09:42"
            },
            {
              "Dst": "南勢角",
              "Time": "09:51"
            },
            {
              "Dst": "南勢角",
              "Time": "09:59"
            },
            {
              "Dst": "南勢角",
              "Time": "10:08"
            },
            {
              "Dst": "南勢角",
              "Time": "10:17"
            },
            {
              "Dst": "南勢角",
              "Time": "10:25"
            },
            {
              "Dst": "南勢角",
              "Time": "10:33"
            },
            {
              "Dst": "南勢角",
              "Time": "10:42"
            },
            {
              "Dst": "南勢角",
              "Time": "10:50"
            },
            {
              "Dst": "南勢角",
              "Time": "10:59"
            },
            {
              "Dst": "南勢角",
              "Time": "11:07"
            },
            {
              "Dst": "南勢角",
              "Time": "11:16"
            },
            {
              "Dst": "南勢角",
              "Time": "11:24"
            },
            {
              "Dst": "南勢角",
              "Time": "11:33"
            },
            {
              "Dst": "南勢角",
              "Time": "11:41"
            },
            {
              "Dst": "南勢角",
              "Time": "11:50"
            },
            {
              "Dst": "南勢角",
              "Time": "11:58"
            },
            {
              "Dst": "南勢角",
              "Time": "12:07"
            },
            {
              "Dst": "南勢角",
              "Time": "12:15"
            },
            {
              "Dst": "南勢角",
              "Time": "12:24"
            },
            {
              "Dst": "南勢角",
              "Time": "12:32"
            },
            {
              "Dst": "南勢角",
              "Time": "12:41"
            },
            {
              "Dst": "南勢角",
              "Time": "12:49"
            },
            {
              "Dst": "南勢角",
              "Time": "12:58"
            },
            {
              "Dst": "南勢角",
              "Time": "13:06"
            },
            {
              "Dst": "南勢角",
              "Time": "13:15"
            },
            {
              "Dst": "南勢角",
              "Time": "13:23"
            },
            {
              "Dst": "南勢角",
              "Time": "13:32"
            },
            {
              "Dst": "南勢角",
              "Time": "13:40"
            },
            {
              "Dst": "南勢角",
              "Time": "13:49"
            },
            {
              "Dst": "南勢角",
              "Time": "13:57"
            },
            {
              "Dst": "南勢角",
              "Time": "14:06"
            },
            {
              "Dst": "南勢角",
              "Time": "14:14"
            },
            {
              "Dst": "南勢角",
              "Time": "14:23"
            },
            {
              "Dst": "南勢角",
              "Time": "14:31"
            },
            {
              "Dst": "南勢角",
              "Time": "14:40"
            },
            {
              "Dst": "南勢角",
              "Time": "14:48"
            },
            {
              "Dst": "南勢角",
              "Time": "14:57"
            },
            {
              "Dst": "南勢角",
              "Time": "15:05"
            },
            {
              "Dst": "南勢角",
              "Time": "15:14"
            },
            {
              "Dst": "南勢角",
              "Time": "15:22"
            },
            {
              "Dst": "南勢角",
              "Time": "15:31"
            },
            {
              "Dst": "南勢角",
              "Time": "15:39"
            },
            {
              "Dst": "南勢角",
              "Time": "15:48"
            },
            {
              "Dst": "南勢角",
              "Time": "15:56"
            },
            {
              "Dst": "南勢角",
              "Time": "16:05"
            },
            {
              "Dst": "南勢角",
              "Time": "16:13"
            },
            {
              "Dst": "南勢角",
              "Time": "16:22"
            },
            {
              "Dst": "南勢角",
              "Time": "16:30"
            },
            {
              "Dst": "南勢角",
              "Time": "16:39"
            },
            {
              "Dst": "南勢角",
              "Time": "16:47"
            },
            {
              "Dst": "南勢角",
              "Time": "16:56"
            },
            {
              "Dst": "南勢角",
              "Time": "17:04"
            },
            {
              "Dst": "南勢角",
              "Time": "17:13"
            },
            {
              "Dst": "南勢角",
              "Time": "17:21"
            },
            {
              "Dst": "南勢角",
              "Time": "17:30"
            },
            {
              "Dst": "南勢角",
              "Time": "17:38"
            },
            {
              "Dst": "南勢角",
              "Time": "17:47"
            },
            {
              "Dst": "南勢角",
              "Time": "17:55"
            },
            {
              "Dst": "南勢角",
              "Time": "18:04"
            },
            {
              "Dst": "南勢角",
              "Time": "18:12"
            },
            {
              "Dst": "南勢角",
              "Time": "18:21"
            },
            {
              "Dst": "南勢角",
              "Time": "18:29"
            },
            {
              "Dst": "南勢角",
              "Time": "18:38"
            },
            {
              "Dst": "南勢角",
              "Time": "18:46"
            },
            {
              "Dst": "南勢角",
              "Time": "18:55"
            },
            {
              "Dst": "南勢角",
              "Time": "19:03"
            },
            {
              "Dst": "南勢角",
              "Time": "19:12"
            },
            {
              "Dst": "南勢角",
              "Time": "19:21"
            },
            {
              "Dst": "南勢角",
              "Time": "19:30"
            },
            {
              "Dst": "南勢角",
              "Time": "19:40"
            },
            {
              "Dst": "南勢角",
              "Time": "19:49"
            },
            {
              "Dst": "南勢角",
              "Time": "19:59"
            },
            {
              "Dst": "南勢角",
              "Time": "20:09"
            },
            {
              "Dst": "南勢角",
              "Time": "20:18"
            },
            {
              "Dst": "南勢角",
              "Time": "20:28"
            },
            {
              "Dst": "南勢角",
              "Time": "20:37"
            },
            {
              "Dst": "南勢角",
              "Time": "20:47"
            },
            {
              "Dst": "南勢角",
              "Time": "20:56"
            },
            {
              "Dst": "南勢角",
              "Time": "21:06"
            },
            {
              "Dst": "南勢角",
              "Time": "21:16"
            },
            {
              "Dst": "南勢角",
              "Time": "21:25"
            },
            {
              "Dst": "南勢角",
              "Time": "21:35"
            },
            {
              "Dst": "南勢角",
              "Time": "21:44"
            },
            {
              "Dst": "南勢角",
              "Time": "21:54"
            },
            {
              "Dst": "南勢角",
              "Time": "22:03"
            },
            {
              "Dst": "南勢角",
              "Time": "22:13"
            },
            {
              "Dst": "南勢角",
              "Time": "22:22"
            },
            {
              "Dst": "南勢角",
              "Time": "22:32"
            },
            {
              "Dst": "南勢角",
              "Time": "22:41"
            },
            {
              "Dst": "南勢角",
              "Time": "22:51"
            },
            {
              "Dst": "南勢角",
              "Time": "23:01"
            },
            {
              "Dst": "南勢角",
              "Time": "23:11"
            },
            {
              "Dst": "南勢角",
              "Time": "23:23"
            },
            {
              "Dst": "南勢角",
              "Time": "23:35"
            },
            {
              "Dst": "南勢角",
              "Time": "23:47"
            },
            {
              "Dst": "南勢角",
              "Time": "23:59"
            },
            {
              "Dst": "南勢角",
              "Time": "00:09"
            }
          ]
        },
        {
          "Days": "7",
          "Departures": [
            {
              "Dst": "南勢角",
              "Time": "06:02"
            },
            {
              "Dst": "南勢角",
              "Time": "06:08"
            },
            {
              "Dst": "南勢角",
              "Time": "06:16"
            },
            {
              "Dst": "南勢角",
              "Time": "06:23"
            },
            {
              "Dst": "南勢角",
              "Time": "06:31"
            },
            {
              "Dst": "南勢角",
              "Time": "06:39"
            },
            {
              "Dst": "南勢角",
              "Time": "06:48"
            },
            {
              "Dst": "南勢角",
              "Time": "06:58"
            },
            {
              "Dst": "南勢角",
              "Time": "07:07"
            },
            {
              "Dst": "南勢角",
              "Time": "07:17"
            },
            {
              "Dst": "南勢角",
              "Time": "07:26"
            },
            {
              "Dst": "南勢角",
              "Time": "07:36"
            },
            {
              "Dst": "南勢角",
              "Time": "07:45"
            },
            {
              "Dst": "南勢角",
              "Time": "07:55"
            },
            {
              "Dst": "南勢角",
              "Time": "08:05"
            },
            {
              "Dst": "南勢角",
              "Time": "08:14"
            },
            {
              "Dst": "南勢角",
              "Time": "08:24"
            },
            {
              "Dst": "南勢角",
              "Time": "08:33"
            },
            {
              "Dst": "南勢角",
              "Time": "08:43"
            },
            {
              "Dst": "南勢角",
              "Time": "08:52"
            },
            {
              "Dst": "南勢角",
              "Time": "09:01"
            },
            {
              "Dst": "南勢角",
              "Time": "09:09"
            },
            {
              "Dst": "南勢角",
              "Time": "09:18"
            },
            {
              "Dst": "南勢角",
              "Time": "09:26"
            },
            {
              "Dst": "南勢角",
              "Time": "09:34"
            },
            {
              "Dst": "南勢角",
              "Time": "09:42"
            },
            {
              "Dst": "南勢角",
              "Time": "09:51"
            },
            {
              "Dst": "南勢角",
              "Time": "09:59"
            },
            {
              "Dst": "南勢角",
              "Time": "10:08"
            },
            {
              "Dst": "南勢角",
              "Time": "10:17"
            },
            {
              "Dst": "南勢角",
              "Time": "10:25"
            },
            {
              "Dst": "南勢角",
              "Time": "10:33"
            },
            {
              "Dst": "南勢角",
              "Time": "10:42"
            },
            {
              "Dst": "南勢角",
              "Time": "10:50"
            },
            {
              "Dst": "南勢角",
              "Time": "10:59"
            },
            {
              "Dst": "南勢角",
              "Time": "11:07"
            },
            {
              "Dst": "南勢角",
              "Time": "11:16"
            },
            {
              "Dst": "南勢角",
              "Time": "11:24"
            },
            {
              "Dst": "南勢角",
              "Time": "11:33"
            },
            {
              "Dst": "南勢角",
              "Time": "11:41"
            },
            {
              "Dst": "南勢角",
              "Time": "11:50"
            },
            {
              "Dst": "南勢角",
              "Time": "11:58"
            },
            {
              "Dst": "南勢角",
              "Time": "12:07"
            },
            {
              "Dst": "南勢角",
              "Time": "12:15"
            },
            {
              "Dst": "南勢角",
              "Time": "12:24"
            },
            {
              "Dst": "南勢角",
              "Time": "12:32"
            },
            {
              "Dst": "南勢角",
              "Time": "12:41"
            },
            {
              "Dst": "南勢角",
              "Time": "12:49"
            },
            {
              "Dst": "南勢角",
              "Time": "12:58"
            },
            {
              "Dst": "南勢角",
              "Time": "13:06"
            },
            {
              "Dst": "南勢角",
              "Time": "13:15"
            },
            {
              "Dst": "南勢角",
              "Time": "13:23"
            },
            {
              "Dst": "南勢角",
              "Time": "13:32"
            },
            {
              "Dst": "南勢角",
              "Time": "13:40"
            },
            {
              "Dst": "南勢角",
              "Time": "13:49"
            },
            {
              "Dst": "南勢角",
              "Time": "13:57"
            },
            {
              "Dst": "南勢角",
              "Time": "14:06"
            },
            {
              "Dst": "南勢角",
              "Time": "14:14"
            },
            {
              "Dst": "南勢角",
              "Time": "14:23"
            },
            {
              "Dst": "南勢角",
              "Time": "14:31"
            },
            {
              "Dst": "南勢角",
              "Time": "14:40"
            },
            {
              "Dst": "南勢角",
              "Time": "14:48"
            },
            {
              "Dst": "南勢角",
              "Time": "14:57"
            },
            {
              "Dst": "南勢角",
              "Time": "15:05"
            },
            {
              "Dst": "南勢角",
              "Time": "15:14"
            },
            {
              "Dst": "南勢角",
              "Time": "15:22"
            },
            {
              "Dst": "南勢角",
              "Time": "15:31"
            },
            {
              "Dst": "南勢角",
              "Time": "15:39"
            },
            {
              "Dst": "南勢角",
              "Time": "15:48"
            },
            {
              "Dst": "南勢角",
              "Time": "15:56"
            },
            {
              "Dst": "南勢角",
              "Time": "16:05"
            },
            {
              "Dst": "南勢角",
              "Time": "16:13"
            },
            {
              "Dst": "南勢角",
              "Time": "16:22"
            },
            {
              "Dst": "南勢角",
              "Time": "16:30"
            },
            {
              "Dst": "南勢角",
              "Time": "16:39"
            },
            {
              "Dst": "南勢角",
              "Time": "16:47"
            },
            {
              "Dst": "南勢角",
              "Time": "16:56"
            },
            {
              "Dst": "南勢角",
              "Time": "17:04"
            },
            {
              "Dst": "南勢角",
              "Time": "17:13"
            },
            {
              "Dst": "南勢角",
              "Time": "17:21"
            },
            {
              "Dst": "南勢角",
              "Time": "17:30"
            },
            {
              "Dst": "南勢角",
              "Time": "17:38"
            },
            {
              "Dst": "南勢角",
              "Time": "17:47"
            },
            {
              "Dst": "南勢角",
              "Time": "17:55"
            },
            {
              "Dst": "南勢角",
              "Time": "18:04"
            },
            {
              "Dst": "南勢角",
              "Time": "18:12"
            },
            {
              "Dst": "南勢角",
              "Time": "18:21"
            },
            {
              "Dst": "南勢角",
              "Time": "18:29"
            },
            {
              "Dst": "南勢角",
              "Time": "18:38"
            },
            {
              "Dst": "南勢角",
              "Time": "18:46"
            },
            {
              "Dst": "南勢角",
              "Time": "18:55"
            },
            {
              "Dst": "南勢角",
              "Time": "19:03"
            },
            {
              "Dst": "南勢角",
              "Time": "19:12"
            },
            {
              "Dst": "南勢角",
              "Time": "19:21"
            },
            {
              "Dst": "南勢角",
              "Time": "19:30"
            },
            {
              "Dst": "南勢角",
              "Time": "19:40"
            },
            {
              "Dst": "南勢角",
              "Time": "19:49"
            },
            {
              "Dst": "南勢角",
              "Time": "19:59"
            },
            {
              "Dst": "南勢角",
              "Time": "20:09"
            },
            {
              "Dst": "南勢角",
              "Time": "20:18"
            },
            {
              "Dst": "南勢角",
              "Time": "20:28"
            },
            {
              "Dst": "南勢角",
              "Time": "20:37"
            },
            {
              "Dst": "南勢角",
              "Time": "20:47"
            },
            {
              "Dst": "南勢角",
              "Time": "20:56"
            },
            {
              "Dst": "南勢角",
              "Time": "21:06"
            },
            {
              "Dst": "南勢角",
              "Time": "21:16"
            },
            {
              "Dst": "南勢角",
              "Time": "21:25"
            },
            {
              "Dst": "南勢角",
              "Time": "21:35"
            },
            {
              "Dst": "南勢角",
              "Time": "21:44"
            },
            {
              "Dst": "南勢角",
              "Time": "21:54"
            },
            {
              "Dst": "南勢角",
              "Time": "22:03"
            },
            {
              "Dst": "南勢角",
              "Time": "22:13"
            },
            {
              "Dst": "南勢角",
              "Time": "22:22"
            },
            {
              "Dst": "南勢角",
              "Time": "22:32"
            },
            {
              "Dst": "南勢角",
              "Time": "22:41"
            },
            {
              "Dst": "南勢角",
              "Time": "22:51"
            },
            {
              "Dst": "南勢角",
              "Time": "23:01"
            },
            {
              "Dst": "南勢角",
              "Time": "23:11"
            },
            {
              "Dst": "南勢角",
              "Time": "23:23"
            },
            {
              "Dst": "南勢角",
              "Time": "23:35"
            },
            {
              "Dst": "南勢角",
              "Time": "23:47"
            },
            {
              "Dst": "南勢角",
              "Time": "23:59"
            },
            {
              "Dst": "南勢角",
              "Time": "00:09"
            }
          ]
        }
      ]
    }
  ]
}