{
  "StationCode": "O51",
  "StationName": "三和國中",
  "Timetables": [
    {
      "Direction": "往O54蘆洲站",
      "EffectiveFrom": "2017-08-01",
      "Schedule": [
        {
          "Days": "1,2,3,4,5",
          "Departures": [
            {
              "Dst": "蘆洲",
              "Time": "06:07"
            },
            {
              "Dst": "蘆洲",
              "Time": "06:14"
            },
            {
              "Dst": "蘆洲",
              "Time": "06:25"
            },
            {
              "Dst": "蘆洲",
              "Time": "06:32"
            },
            {
              "Dst": "蘆洲",
              "Time": "06:40"
            },
            {
              "Dst": "蘆洲",
              "Time": "06:48"
            },
            {
              "Dst": "蘆洲",
              "Time": "06:56"
            },
            {
              "Dst": "蘆洲",
              "Time": "07:04"
            },
            {
              "Dst": "蘆洲",
              "Time": "07:12"
            },
            {
              "Dst": "蘆洲",
              "Time": "07:20"
            },
            {
              "Dst": "蘆洲",
              "Time": "07:28"
            },
            {
              "Dst": "蘆洲",
              "Time": "07:36"
            },
            {
              "Dst": "蘆洲",
              "Time": "07:44"
            },
            {
              "Dst": "蘆洲",
              "Time": "07:50"
            },
            {
              "Dst": "蘆洲",
              "Time": "07:56"
            },
            {
              "Dst": "蘆洲",
              "Time": "08:03"
            },
            {
              "Dst": "蘆洲",
              "Time": "08:09"
            },
            {
              "Dst": "蘆洲",
              "Time": "08:14"
            },
            {
              "Dst": "蘆洲",
              "Time": "08:20"
            },
            {
              "Dst": "蘆洲",
              "Time": "08:26"
            },
            {
              "Dst": "蘆洲",
              "Time": "08:32"
            },
            {
              "Dst": "蘆洲",
              "Time": "08:38"
            },
            {
              "Dst": "蘆洲",
              "Time": "08:44"
            },
            {
              "Dst": "蘆洲",
              "Time": "08:51"
            },
            {
              "Dst": "蘆洲",
              "Time": "08:56"
            },
            {
              "Dst": "蘆洲",
              "Time": "09:01"
            },
            {
              "Dst": "蘆洲",
              "Time": "09:06"
            },
            {
              "Dst": "蘆洲",
              "Time": "09:11"
            },
            {
              "Dst": "蘆洲",
              "Time": "09:16"
            },
            {
              "Dst": "蘆洲",
              "Time": "09:21"
            },
            {
              "Dst": "蘆洲",
              "Time": "09:27"
            },
            {
              "Dst": "蘆洲",
              "Time": "09:32"
            },
            {
              "Dst": "蘆洲",
              "Time": "09:37"
            },
            {
              "Dst": "蘆洲",
              "Time": "09:43"
            },
            {
              "Dst": "蘆洲",
              "Time": "09:49"
            },
            {
              "Dst": "蘆洲",
              "Time": "09:56"
            },
            {
              "Dst": "蘆洲",
              "Time": "10:03"
            },
            {
              "Dst": "蘆洲",
              "Time": "10:11"
            },
            {
              "Dst": "蘆洲",
              "Time": "10:19"
            },
            {
              "Dst": "蘆洲",
              "Time": "10:27"
            },
            {
              "Dst": "蘆洲",
              "Time": "10:36"
            },
            {
              "Dst": "蘆洲",
              "Time": "10:44"
            },
            {
              "Dst": "蘆洲",
              "Time": "10:53"
            },
            {
              "Dst": "蘆洲",
              "Time": "11:01"
            },
            {
              "Dst": "蘆洲",
              "Time": "11:10"
            },
            {
              "Dst": "蘆洲",
              "Time": "11:18"
            },
            {
              "Dst": "蘆洲",
              "Time": "11:27"
            },
            {
              "Dst": "蘆洲",
              "Time": "11:35"
            },
            {
              "Dst": "蘆洲",
              "Time": "11:44"
            },
            {
              "Dst": "蘆洲",
              "Time": "11:52"
            },
            {
              "Dst": "蘆洲",
              "Time": "12:01"
            },
            {
              "Dst": "蘆洲",
              "Time": "12:09"
            },
            {
              "Dst": "蘆洲",
              "Time": "12:18"
            },
            {
              "Dst": "蘆洲",
              "Time": "12:26"
            },
            {
              "Dst": "蘆洲",
              "Time": "12:35"
            },
            {
              "Dst": "蘆洲",
              "Time": "12:43"
            },
            {
              "Dst": "蘆洲",
              "Time": "12:52"
            },
            {
              "Dst": "蘆洲",
              "Time": "13:00"
            },
            {
              "Dst": "蘆洲",
              "Time": "13:09"
            },
            {
              "Dst": "蘆洲",
              "Time": "13:17"
            },
            {
              "Dst": "蘆洲",
              "Time": "13:26"
            },
            {
              "Dst": "蘆洲",
              "Time": "13:34"
            },
            {
              "Dst": "蘆洲",
              "Time": "13:43"
            },
            {
              "Dst": "蘆洲",
              "Time": "13:51"
            },
            {
              "Dst": "蘆洲",
              "Time": "14:00"
            },
            {
              "Dst": "蘆洲",
              "Time": "14:08"
            },
            {
              "Dst": "蘆洲",
              "Time": "14:17"
            },
            {
              "Dst": "蘆洲",
              "Time": "14:25"
            },
            {
              "Dst": "蘆洲",
              "Time": "14:34"
            },
            {
              "Dst": "蘆洲",
              "Time": "14:42"
            },
            {
              "Dst": "蘆洲",
              "Time": "14:51"
            },
            {
              "Dst": "蘆洲",
              "Time": "14:59"
            },
            {
              "Dst": "蘆洲",
              "Time": "15:08"
            },
            {
              "Dst": "蘆洲",
              "Time": "15:16"
            },
            {
              "Dst": "蘆洲",
              "Time": "15:25"
            },
            {
              "Dst": "蘆洲",
              "Time": "15:33"
            },
            {
              "Dst": "蘆洲",
              "Time": "15:42"
            },
            {
              "Dst": "蘆洲",
              "Time": "15:50"
            },
            {
              "Dst": "蘆洲",
              "Time": "15:58"
            },
            {
              "Dst": "蘆洲",
              "Time": "16:06"
            },
            {
              "Dst": "蘆洲",
              "Time": "16:14"
            },
            {
              "Dst": "蘆洲",
              "Time": "16:23"
            },
            {
              "Dst": "蘆洲",
              "Time": "16:31"
            },
            {
              "Dst": "蘆洲",
              "Time": "16:40"
            },
            {
              "Dst": "蘆洲",
              "Time": "16:48"
            },
            {
              "Dst": "蘆洲",
              "Time": "16:57"
            },
            {
              "Dst": "蘆洲",
              "Time": "17:05"
            },
            {
              "Dst": "蘆洲",
              "Time": "17:14"
            },
            {
              "Dst": "蘆洲",
              "Time": "17:22"
            },
            {
              "Dst": "蘆洲",
              "Time": "17:31"
            },
            {
              "Dst": "蘆洲",
              "Time": "17:38"
            },
            {
              "Dst": "蘆洲",
              "Time": "17:45"
            },
            {
              "Dst": "蘆洲",
              "Time": "17:51"
            },
            {
              "Dst": "蘆洲",
              "Time": "17:57"
            },
            {
              "Dst": "蘆洲",
              "Time": "18:04"
            },
            {
              "Dst": "蘆洲",
              "Time": "18:10"
            },
            {
              "Dst": "蘆洲",
              "Time": "18:16"
            },
            {
              "Dst": "蘆洲",
              "Time": "18:23"
            },
            {
              "Dst": "蘆洲",
              "Time": "18:29"
            },
            {
              "Dst": "蘆洲",
              "Time": "18:35"
            },
            {
              "Dst": "蘆洲",
              "Time": "18:42"
            },
            {
              "Dst": "蘆洲",
              "Time": "18:48"
            },
            {
              "Dst": "蘆洲",
              "Time": "18:54"
            },
            {
              "Dst": "蘆洲",
              "Time": "19:01"
            },
            {
              "Dst": "蘆洲",
              "Time": "19:07"
            },
            {
              "Dst": "蘆洲",
              "Time": "19:12"
            },
            {
              "Dst": "蘆洲",
              "Time": "19:19"
            },
            {
              "Dst": "蘆洲",
              "Time": "19:26"
            },
            {
              "Dst": "蘆洲",
              "Time": "19:32"
            },
            {
              "Dst": "蘆洲",
              "Time": "19:39"
            },
            {
              "Dst": "蘆洲",
              "Time": "19:46"
            },
            {
              "Dst": "蘆洲",
              "Time": "19:51"
            },
            {
              "Dst": "蘆洲",
              "Time": "19:58"
            },
            {
              "Dst": "蘆洲",
              "Time": "20:04"
            },
            {
              "Dst": "蘆洲",
              "Time": "20:10"
            },
            {
              "Dst": "蘆洲",
              "Time": "20:16"
            },
            {
              "Dst": "蘆洲",
              "Time": "20:22"
            },
            {
              "Dst": "蘆洲",
              "Time": "20:30"
            },
            {
              "Dst": "蘆洲",
              "Time": "20:38"
            },
            {
              "Dst": "蘆洲",
              "Time": "20:46"
            },
            {
              "Dst": "蘆洲",
              "Time": "20:54"
            },
            {
              "Dst": "蘆洲",
              "Time": "21:02"
            },
            {
              "Dst": "蘆洲",
              "Time": "21:10"
            },
            {
              "Dst": "蘆洲",
              "Time": "21:18"
            },
            {
              "Dst": "蘆洲",
              "Time": "21:26"
            },
            {
              "Dst": "蘆洲",
              "Time": "21:34"
            },
            {
              "Dst": "蘆洲",
              "Time": "21:42"
            },
            {
              "Dst": "蘆洲",
              "Time": "21:50"
            },
            {
              "Dst": "蘆洲",
              "Time": "21:58"
            },
            {
              "Dst": "蘆洲",
              "Time": "22:06"
            },
            {
              "Dst": "蘆洲",
              "Time": "22:14"
            },
            {
              "Dst": "蘆洲",
              "Time": "22:22"
            },
            {
              "Dst": "蘆洲",
              "Time": "22:30"
            },
            {
              "Dst": "蘆洲",
              "Time": "22:38"
            },
            {
              "Dst": "蘆洲",
              "Time": "22:47"
            },
            {
              "Dst": "蘆洲",
              "Time": "22:54"
            },
            {
              "Dst": "蘆洲",
              "Time": "23:02"
            },
            {
              "Dst": "蘆洲",
              "Time": "23:09"
            },
            {
              "Dst": "蘆洲",
              "Time": "23:17"
            },
            {
              "Dst": "蘆洲",
              "Time": "23:25"
            },
            {
              "Dst": "蘆洲",
              "Time": "23:36"
            },
            {
              "Dst": "蘆洲",
              "Time": "23:48"
            },
            {
              "Dst": "蘆洲",
              "Time": "23:59"
            },
            {
              "Dst": "蘆洲",
              "Time": "00:11"
            },
            {
              "Dst": "蘆洲",
              "Time": "00:23"
            },
            {
              "Dst": "蘆洲",
              "Time": "00:32"
            },
            {
              "Dst": "蘆洲",
              "Time": "00:50"
            }
          ]
        },
        {
          "Days": "6",
          "Departures": [
            {
              "Dst": "蘆洲",
              "Time": "06:07"
            },
            {
              "Dst": "蘆洲",
              "Time": "06:14"
            },
            {
              "Dst": "蘆洲",
              "Time": "06:25"
            },
            {
              "Dst": "蘆洲",
              "Time": "06:33"
            },
            {
              "Dst": "蘆洲",
              "Time": "06:43"
            },
            {
              "Dst": "蘆洲",
              "Time": "06:52"
            },
            {
              "Dst": "蘆洲",
              "Time": "07:01"
            },
            {
              "Dst": "蘆洲",
              "Time": "07:11"
            },
            {
              "Dst": "蘆洲",
              "Time": "07:20"
            },
            {
              "Dst": "蘆洲",
              "Time": "07:30"
            },
            {
              "Dst": "蘆洲",
              "Time": "07:39"
            },
            {
              "Dst": "蘆洲",
              "Time": "07:49"
            },
            {
              "Dst": "蘆洲",
              "Time": "07:58"
            },
            {
              "Dst": "蘆洲",
              "Time": "08:08"
            },
            {
              "Dst": "蘆洲",
              "Time": "08:17"
            },
            {
              "Dst": "蘆洲",
              "Time": "08:27"
            },
            {
              "Dst": "蘆洲",
              "Time": "08:37"
            },
            {
              "Dst": "蘆洲",
              "Time": "08:46"
            },
            {
              "Dst": "蘆洲",
              "Time": "08:55"
            },
            {
              "Dst": "蘆洲",
              "Time": "09:05"
            },
            {
              "Dst": "蘆洲",
              "Time": "09:15"
            },
            {
              "Dst": "蘆洲",
              "Time": "09:24"
            },
            {
              "Dst": "蘆洲",
              "Time": "09:34"
            },
            {
              "Dst": "蘆洲",
              "Time": "09:44"
            },
            {
              "Dst": "蘆洲",
              "Time": "09:53"
            },
            {
              "Dst": "蘆洲",
              "Time": "10:02"
            },
            {
              "Dst": "蘆洲",
              "Time": "10:12"
            },
            {
              "Dst": "蘆洲",
              "Time": "10:22"
            },
            {
              "Dst": "蘆洲",
              "Time": "10:31"
            },
            {
              "Dst": "蘆洲",
              "Time": "10:40"
            },
            {
              "Dst": "蘆洲",
              "Time": "10:48"
            },
            {
              "Dst": "蘆洲",
              "Time": "10:57"
            },
            {
              "Dst": "蘆洲",
              "Time": "11:05"
            },
            {
              "Dst": "蘆洲",
              "Time": "11:14"
            },
            {
              "Dst": "蘆洲",
              "Time": "11:22"
            },
            {
              "Dst": "蘆洲",
              "Time": "11:31"
            },
            {
              "Dst": "蘆洲",
              "Time": "11:39"
            },
            {
              "Dst": "蘆洲",
              "Time": "11:48"
            },
            {
              "Dst": "蘆洲",
              "Time": "11:56"
            },
            {
              "Dst": "蘆洲",
              "Time": "12:05"
            },
            {
              "Dst": "蘆洲",
              "Time": "12:13"
            },
            {
              "Dst": "蘆洲",
              "Time": "12:22"
            },
            {
              "Dst": "蘆洲",
              "Time": "12:30"
            },
            {
              "Dst": "蘆洲",
              "Time": "12:39"
            },
            {
              "Dst": "蘆洲",
              "Time": "12:47"
            },
            {
              "Dst": "蘆洲",
              "Time": "12:56"
            },
            {
              "Dst": "蘆洲",
              "Time": "13:04"
            },
            {
              "Dst": "蘆洲",
              "Time": "13:13"
            },
            {
              "Dst": "蘆洲",
              "Time": "13:21"
            },
            {
              "Dst": "蘆洲",
              "Time": "13:30"
            },
            {
              "Dst": "蘆洲",
              "Time": "13:38"
            },
            {
              "Dst": "蘆洲",
              "Time": "13:47"
            },
            {
              "Dst": "蘆洲",
              "Time": "13:55"
            },
            {
              "Dst": "蘆洲",
              "Time": "14:04"
            },
            {
              "Dst": "蘆洲",
              "Time": "14:12"
            },
            {
              "Dst": "蘆洲",
              "Time": "14:21"
            },
            {
              "Dst": "蘆洲",
              "Time": "14:29"
            },
            {
              "Dst": "蘆洲",
              "Time": "14:38"
            },
            {
              "Dst": "蘆洲",
              "Time": "14:46"
            },
            {
              "Dst": "蘆洲",
              "Time": "14:55"
            },
            {
              "Dst": "蘆洲",
              "Time": "15:03"
            },
            {
              "Dst": "蘆洲",
              "Time": "15:12"
            },
            {
              "Dst": "蘆洲",
              "Time": "15:20"
            },
            {
              "Dst": "蘆洲",
              "Time": "15:29"
            },
            {
              "Dst": "蘆洲",
              "Time": "15:37"
            },
            {
              "Dst": "蘆洲",
              "Time": "15:46"
            },
            {
              "Dst": "蘆洲",
              "Time": "15:54"
            },
            {
              "Dst": "蘆洲",
              "Time": "16:03"
            },
            {
              "Dst": "蘆洲",
              "Time": "16:11"
            },
            {
              "Dst": "蘆洲",
              "Time": "16:20"
            },
            {
              "Dst": "蘆洲",
              "Time": "16:28"
            },
            {
              "Dst": "蘆洲",
              "Time": "16:37"
            },
            {
              "Dst": "蘆洲",
              "Time": "16:45"
            },
            {
              "Dst": "蘆洲",
              "Time": "16:54"
            },
            {
              "Dst": "蘆洲",
              "Time": "17:02"
            },
            {
              "Dst": "蘆洲",
              "Time": "17:11"
            },
            {
              "Dst": "蘆洲",
              "Time": "17:19"
            },
            {
              "Dst": "蘆洲",
              "Time": "17:28"
            },
            {
              "Dst": "蘆洲",
              "Time": "17:36"
            },
            {
              "Dst": "蘆洲",
              "Time": "17:45"
            },
            {
              "Dst": "蘆洲",
              "Time": "17:53"
            },
            {
              "Dst": "蘆洲",
              "Time": "18:02"
            },
            {
              "Dst": "蘆洲",
              "Time": "18:10"
            },
            {
              "Dst": "蘆洲",
              "Time": "18:19"
            },
            {
              "Dst": "蘆洲",
              "Time": "18:27"
            },
            {
              "Dst": "蘆洲",
              "Time": "18:36"
            },
            {
              "Dst": "蘆洲",
              "Time": "18:44"
            },
            {
              "Dst": "蘆洲",
              "Time": "18:53"
            },
            {
              "Dst": "蘆洲",
              "Time": "19:01"
            },
            {
              "Dst": "蘆洲",
              "Time": "19:10"
            },
            {
              "Dst": "蘆洲",
              "Time": "19:19"
            },
            {
              "Dst": "蘆洲",
              "Time": "19:26"
            },
            {
              "Dst": "蘆洲",
              "Time": "19:34"
            },
            {
              "Dst": "蘆洲",
              "Time": "19:44"
            },
            {
              "Dst": "蘆洲",
              "Time": "19:52"
            },
            {
              "Dst": "蘆洲",
              "Time": "20:01"
            },
            {
              "Dst": "蘆洲",
              "Time": "20:09"
            },
            {
              "Dst": "蘆洲",
              "Time": "20:18"
            },
            {
              "Dst": "蘆洲",
              "Time": "20:26"
            },
            {
              "Dst": "蘆洲",
              "Time": "20:35"
            },
            {
              "Dst": "蘆洲",
              "Time": "20:42"
            },
            {
              "Dst": "蘆洲",
              "Time": "20:51"
            },
            {
              "Dst": "蘆洲",
              "Time": "21:00"
            },
            {
              "Dst": "蘆洲",
              "Time": "21:09"
            },
            {
              "Dst": "蘆洲",
              "Time": "21:19"
            },
            {
              "Dst": "蘆洲",
              "Time": "21:28"
            },
            {
              "Dst": "蘆洲",
              "Time": "21:38"
            },
            {
              "Dst": "蘆洲",
              "Time": "21:48"
            },
            {
              "Dst": "蘆洲",
              "Time": "21:57"
            },
            {
              "Dst": "蘆洲",
              "Time": "22:07"
            },
            {
              "Dst": "蘆洲",
              "Time": "22:16"
            },
            {
              "Dst": "蘆洲",
              "Time": "22:26"
            },
            {
              "Dst": "蘆洲",
              "Time": "22:35"
            },
            {
              "Dst": "蘆洲",
              "Time": "22:45"
            },
            {
              "Dst": "蘆洲",
              "Time": "22:54"
            },
            {
              "Dst": "蘆洲",
              "Time": "23:03"
            },
            {
              "Dst": "蘆洲",
              "Time": "23:12"
            },
            {
              "Dst": "蘆洲",
              "Time": "23:24"
            },
            {
              "Dst": "蘆洲",
              "Time": "23:36"
            },
            {
              "Dst": "蘆洲",
              "Time": "23:48"
            },
            {
              "Dst": "蘆洲",
              "Time": "23:59"
            },
            {
              "Dst": "蘆洲",
              "Time": "00:11"
            },
            {
              "Dst": "蘆洲",
              "Time": "00:23"
            },
            {
              "Dst": "蘆洲",
              "Time": "00:32"
            },
            {
              "Dst": "蘆洲",
              "Time": "00:50"
            }
          ]
        },
        {
          "Days": "7",
          "Departures": [
            {
              "Dst": "蘆洲",
              "Time": "06:07"
            },
            {
              "Dst": "蘆洲",
              "Time": "06:14"
            },
            {
              "Dst": "蘆洲",
              "Time": "06:25"
            },
            {
              "Dst": "蘆洲",
              "Time": "06:33"
            },
            {
              "Dst": "蘆洲",
              "Time": "06:43"
            },
            {
              "Dst": "蘆洲",
              "Time": "06:52"
            },
            {
              "Dst": "蘆洲",
              "Time": "07:01"
            },
            {
              "Dst": "蘆洲",
              "Time": "07:11"
            },
            {
              "Dst": "蘆洲",
              "Time": "07:20"
            },
            {
              "Dst": "蘆洲",
              "Time": "07:30"
            },
            {
              "Dst": "蘆洲",
              "Time": "07:39"
            },
            {
              "Dst": "蘆洲",
              "Time": "07:49"
            },
            {
              "Dst": "蘆洲",
              "Time": "07:58"
            },
            {
              "Dst": "蘆洲",
              "Time": "08:08"
            },
            {
              "Dst": "蘆洲",
              "Time": "08:17"
            },
            {
              "Dst": "蘆洲",
              "Time": "08:27"
            },
            {
              "Dst": "蘆洲",
              "Time": "08:37"
            },
            {
              "Dst": "蘆洲",
              "Time": "08:46"
            },
            {
              "Dst": "蘆洲",
              "Time": "08:55"
            },
            {
              "Dst": "蘆洲",
              "Time": "09:05"
            },
            {
              "Dst": "蘆洲",
              "Time": "09:15"
            },
            {
              "Dst": "蘆洲",
              "Time": "09:24"
            },
            {
              "Dst": "蘆洲",
              "Time": "09:34"
            },
            {
              "Dst": "蘆洲",
              "Time": "09:44"
            },
            {
              "Dst": "蘆洲",
              "Time": "09:53"
            },
            {
              "Dst": "蘆洲",
              "Time": "10:02"
            },
            {
              "Dst": "蘆洲",
              "Time": "10:12"
            },
            {
              "Dst": "蘆洲",
              "Time": "10:22"
            },
            {
              "Dst": "蘆洲",
              "Time": "10:31"
            },
            {
              "Dst": "蘆洲",
              "Time": "10:40"
            },
            {
              "Dst": "蘆洲",
              "Time": "10:48"
            },
            {
              "Dst": "蘆洲",
              "Time": "10:57"
            },
            {
              "Dst": "蘆洲",
              "Time": "11:05"
            },
            {
              "Dst": "蘆洲",
              "Time": "11:14"
            },
            {
              "Dst": "蘆洲",
              "Time": "11:22"
            },
            {
              "Dst": "蘆洲",
              "Time": "11:31"
            },
            {
              "Dst": "蘆洲",
              "Time": "11:39"
            },
            {
              "Dst": "蘆洲",
              "Time": "11:48"
            },
            {
              "Dst": "蘆洲",
              "Time": "11:56"
            },
            {
              "Dst": "蘆洲",
              "Time": "12:05"
            },
            {
              "Dst": "蘆洲",
              "Time": "12:13"
            },
            {
              "Dst": "蘆洲",
              "Time": "12:22"
            },
            {
              "Dst": "蘆洲",
              "Time": "12:30"
            },
            {
              "Dst": "蘆洲",
              "Time": "12:39"
            },
            {
              "Dst": "蘆洲",
              "Time": "12:47"
            },
            {
              "Dst": "蘆洲",
              "Time": "12:56"
            },
            {
              "Dst": "蘆洲",
              "Time": "13:04"
            },
            {
              "Dst": "蘆洲",
              "Time": "13:13"
            },
            {
              "Dst": "蘆洲",
              "Time": "13:21"
            },
            {
              "Dst": "蘆洲",
              "Time": "13:30"
            },
            {
              "Dst": "蘆洲",
              "Time": "13:38"
            },
            {
              "Dst": "蘆洲",
              "Time": "13:47"
            },
            {
              "Dst": "蘆洲",
              "Time": "13:55"
            },
            {
              "Dst": "蘆洲",
              "Time": "14:04"
            },
            {
              "Dst": "蘆洲",
              "Time": "14:12"
            },
            {
              "Dst": "蘆洲",
              "Time": "14:21"
            },
            {
              "Dst": "蘆洲",
              "Time": "14:29"
            },
            {
              "Dst": "蘆洲",
              "Time": "14:38"
            },
            {
              "Dst": "蘆洲",
              "Time": "14:46"
            },
            {
              "Dst": "蘆洲",
              "Time": "14:55"
            },
            {
              "Dst": "蘆洲",
              "Time": "15:03"
            },
            {
              "Dst": "蘆洲",
              "Time": "15:12"
            },
            {
              "Dst": "蘆洲",
              "Time": "15:20"
            },
            {
              "Dst": "蘆洲",
              "Time": "15:29"
            },
            {
              "Dst": "蘆洲",
              "Time": "15:37"
            },
            {
              "Dst": "蘆洲",
              "Time": "15:46"
            },
            {
              "Dst": "蘆洲",
              "Time": "15:54"
            },
            {
              "Dst": "蘆洲",
              "Time": "16:03"
            },
            {
              "Dst": "蘆洲",
              "Time": "16:11"
            },
            {
              "Dst": "蘆洲",
              "Time": "16:20"
            },
            {
              "Dst": "蘆洲",
              "Time": "16:28"
            },
            {
              "Dst": "蘆洲",
              "Time": "16:37"
            },
            {
              "Dst": "蘆洲",
              "Time": "16:45"
            },
            {
              "Dst": "蘆洲",
              "Time": "16:54"
            },
            {
              "Dst": "蘆洲",
              "Time": "17:02"
            },
            {
              "Dst": "蘆洲",
              "Time": "17:11"
            },
            {
              "Dst": "蘆洲",
              "Time": "17:19"
            },
            {
              "Dst": "蘆洲",
              "Time": "17:28"
            },
            {
              "Dst": "蘆洲",
              "Time": "17:36"
            },
            {
              "Dst": "蘆洲",
              "Time": "17:45"
            },
            {
              "Dst": "蘆洲",
              "Time": "17:53"
            },
            {
              "Dst": "蘆洲",
              "Time": "18:02"
            },
            {
              "Dst": "蘆洲",
              "Time": "18:10"
            },
            {
              "Dst": "蘆洲",
              "Time": "18:19"
            },
            {
              "Dst": "蘆洲",
              "Time": "18:27"
            },
            {
              "Dst": "蘆洲",
              "Time": "18:36"
            },
            {
              "Dst": "蘆洲",
              "Time": "18:44"
            },
            {
              "Dst": "蘆洲",
              "Time": "18:53"
            },
            {
              "Dst": "蘆洲",
              "Time": "19:01"
            },
            {
              "Dst": "蘆洲",
              "Time": "19:10"
            },
            {
              "Dst": "蘆洲",
              "Time": "19:19"
            },
            {
              "Dst": "蘆洲",
              "Time": "19:26"
            },
            {
              "Dst": "蘆洲",
              "Time": "19:34"
            },
            {
              "Dst": "蘆洲",
              "Time": "19:44"
            },
            {
              "Dst": "蘆洲",
              "Time": "19:52"
            },
            {
              "Dst": "蘆洲",
              "Time": "20:01"
            },
            {
              "Dst": "蘆洲",
              "Time": "20:09"
            },
            {
              "Dst": "蘆洲",
              "Time": "20:18"
            },
            {
              "Dst": "蘆洲",
              "Time": "20:26"
            },
            {
              "Dst": "蘆洲",
              "Time": "20:35"
            },
            {
              "Dst": "蘆洲",
              "Time": "20:42"
            },
            {
              "Dst": "蘆洲",
              "Time": "20:51"
            },
            {
              "Dst": "蘆洲",
              "Time": "21:00"
            },
            {
              "Dst": "蘆洲",
              "Time": "21:09"
            },
            {
              "Dst": "蘆洲",
              "Time": "21:19"
            },
            {
              "Dst": "蘆洲",
              "Time": "21:28"
            },
            {
              "Dst": "蘆洲",
              "Time": "21:38"
            },
            {
              "Dst": "蘆洲",
              "Time": "21:48"
            },
            {
              "Dst": "蘆洲",
              "Time": "21:57"
            },
            {
              "Dst": "蘆洲",
              "Time": "22:07"
            },
            {
              "Dst": "蘆洲",
              "Time": "22:16"
            },
            {
              "Dst": "蘆洲",
              "Time": "22:26"
            },
            {
              "Dst": "蘆洲",
              "Time": "22:35"
            },
            {
              "Dst": "蘆洲",
              "Time": "22:45"
            },
            {
              "Dst": "蘆洲",
              "Time": "22:54"
            },
            {
              "Dst": "蘆洲",
              "Time": "23:03"
            },
            {
              "Dst": "蘆洲",
              "Time": "23:12"
            },
            {
              "Dst": "蘆洲",
              "Time": "23:24"
            },
            {
              "Dst": "蘆洲",
              "Time": "23:36"
            },
            {
              "Dst": "蘆洲",
              "Time": "23:48"
            },
            {
              "Dst": "蘆洲",
              "Time": "23:59"
            },
            {
              "Dst": "蘆洲",
              "Time": "00:11"
            },
            {
              "Dst": "蘆洲",
              "Time": "00:23"
            },
            {
              "Dst": "蘆洲",
              "Time": "00:32"
            },
            {
              "Dst": "蘆洲",
              "Time": "00:50"
            }
          ]
        }
      ]
    },
    {
      "Direction": "往O01南勢角站",
      "EffectiveFrom": "2017-08-01",
      "Schedule": [
        {
          "Days": "1,2,3,4,5",
          "Departures": [
            {
              "Dst": "南勢角",
              "Time": "06:00"
            },
            {
              "Dst": "南勢角",
              "Time": "06:06"
            },
            {
              "Dst": "南勢角",
              "Time": "06:14"
            },
            {
              "Dst": "南勢角",
              "Time": "06:22"
            },
            {
              "Dst": "南勢角",
              "Time": "06:30"
            },
            {
              "Dst": "南勢角",
              "Time": "06:38"
            },
            {
              "Dst": "南勢角",
              "Time": "06:45"
            },
            {
              "Dst": "南勢角",
              "Time": "06:53"
            },
            {
              "Dst": "南勢角",
              "Time": "07:00"
            },
            {
              "Dst": "南勢角",
              "Time": "07:06"
            },
            {
              "Dst": "南勢角",
              "Time": "07:12"
            },
            {
              "Dst": "南勢角",
              "Time": "07:18"
            },
            {
              "Dst": "南勢角",
              "Time": "07:24"
            },
            {
              "Dst": "南勢角",
              "Time": "07:30"
            },
            {
              "Dst": "南勢角",
              "Time": "07:36"
            },
            {
              "Dst": "南勢角",
              "Time": "07:42"
            },
            {
              "Dst": "南勢角",
              "Time": "07:48"
            },
            {
              "Dst": "南勢角",
              "Time": "07:53"
            },
            {
              "Dst": "南勢角",
              "Time": "07:58"
            },
            {
              "Dst": "南勢角",
              "Time": "08:03"
            },
            {
              "Dst": "南勢角",
              "Time": "08:08"
            },
            {
              "Dst": "南勢角",
              "Time": "08:13"
            },
            {
              "Dst": "南勢角",
              "Time": "08:18"
            },
            {
              "Dst": "南勢角",
              "Time": "08:23"
            },
            {
              "Dst": "南勢角",
              "Time": "08:28"
            },
            {
              "Dst": "南勢角",
              "Time": "08:34"
            },
            {
              "Dst": "南勢角",
              "Time": "08:40"
            },
            {
              "Dst": "南勢角",
              "Time": "08:46"
            },
            {
              "Dst": "南勢角",
              "Time": "08:52"
            },
            {
              "Dst": "南勢角",
              "Time": "08:58"
            },
            {
              "Dst": "南勢角",
              "Time": "09:04"
            },
            {
              "Dst": "南勢角",
              "Time": "09:11"
            },
            {
              "Dst": "南勢角",
              "Time": "09:19"
            },
            {
              "Dst": "南勢角",
              "Time": "09:28"
            },
            {
              "Dst": "南勢角",
              "Time": "09:36"
            },
            {
              "Dst": "南勢角",
              "Time": "09:45"
            },
            {
              "Dst": "南勢角",
              "Time": "09:53"
            },
            {
              "Dst": "南勢角",
              "Time": "10:02"
            },
            {
              "Dst": "南勢角",
              "Time": "10:10"
            },
            {
              "Dst": "南勢角",
              "Time": "10:19"
            },
            {
              "Dst": "南勢角",
              "Time": "10:27"
            },
            {
              "Dst": "南勢角",
              "Time": "10:36"
            },
            {
              "Dst": "南勢角",
              "Time": "10:44"
            },
            {
              "Dst": "南勢角",
              "Time": "10:53"
            },
            {
              "Dst": "南勢角",
              "Time": "11:01"
            },
            {
              "Dst": "南勢角",
              "Time": "11:10"
            },
            {
              "Dst": "南勢角",
              "Time": "11:18"
            },
            {
              "Dst": "南勢角",
              "Time": "11:27"
            },
            {
              "Dst": "南勢角",
              "Time": "11:35"
            },
            {
              "Dst": "南勢角",
              "Time": "11:44"
            },
            {
              "Dst": "南勢角",
              "Time": "11:52"
            },
            {
              "Dst": "南勢角",
              "Time": "12:01"
            },
            {
              "Dst": "南勢角",
              "Time": "12:09"
            },
            {
              "Dst": "南勢角",
              "Time": "12:18"
            },
            {
              "Dst": "南勢角",
              "Time": "12:26"
            },
            {
              "Dst": "南勢角",
              "Time": "12:35"
            },
            {
              "Dst": "南勢角",
              "Time": "12:43"
            },
            {
              "Dst": "南勢角",
              "Time": "12:52"
            },
            {
              "Dst": "南勢角",
              "Time": "13:00"
            },
            {
              "Dst": "南勢角",
              "Time": "13:09"
            },
            {
              "Dst": "南勢角",
              "Time": "13:17"
            },
            {
              "Dst": "南勢角",
              "Time": "13:26"
            },
            {
              "Dst": "南勢角",
              "Time": "13:34"
            },
            {
              "Dst": "南勢角",
              "Time": "13:43"
            },
            {
              "Dst": "南勢角",
              "Time": "13:51"
            },
            {
              "Dst": "南勢角",
              "Time": "14:00"
            },
            {
              "Dst": "南勢角",
              "Time": "14:08"
            },
            {
              "Dst": "南勢角",
              "Time": "14:17"
            },
            {
              "Dst": "南勢角",
              "Time": "14:25"
            },
            {
              "Dst": "南勢角",
              "Time": "14:34"
            },
            {
              "Dst": "南勢角",
              "Time": "14:42"
            },
            {
              "Dst": "南勢角",
              "Time": "14:51"
            },
            {
              "Dst": "南勢角",
              "Time": "14:59"
            },
            {
              "Dst": "南勢角",
              "Time": "15:08"
            },
            {
              "Dst": "南勢角",
              "Time": "15:16"
            },
            {
              "Dst": "南勢角",
              "Time": "15:25"
            },
            {
              "Dst": "南勢角",
              "Time": "15:33"
            },
            {
              "Dst": "南勢角",
              "Time": "15:42"
            },
            {
              "Dst": "南勢角",
              "Time": "15:50"
            },
            {
              "Dst": "南勢角",
              "Time": "15:59"
            },
            {
              "Dst": "南勢角",
              "Time": "16:07"
            },
            {
              "Dst": "南勢角",
              "Time": "16:16"
            },
            {
              "Dst": "南勢角",
              "Time": "16:24"
            },
            {
              "Dst": "南勢角",
              "Time": "16:32"
            },
            {
              "Dst": "南勢角",
              "Time": "16:38"
            },
            {
              "Dst": "南勢角",
              "Time": "16:45"
            },
            {
              "Dst": "南勢角",
              "Time": "16:51"
            },
            {
              "Dst": "南勢角",
              "Time": "16:57"
            },
            {
              "Dst": "南勢角",
              "Time": "17:04"
            },
            {
              "Dst": "南勢角",
              "Time": "17:10"
            },
            {
              "Dst": "南勢角",
              "Time": "17:16"
            },
            {
              "Dst": "南勢角",
              "Time": "17:23"
            },
            {
              "Dst": "南勢角",
              "Time": "17:29"
            },
            {
              "Dst": "南勢角",
              "Time": "17:35"
            },
            {
              "Dst": "南勢角",
              "Time": "17:42"
            },
            {
              "Dst": "南勢角",
              "Time": "17:48"
            },
            {
              "Dst": "南勢角",
              "Time": "17:54"
            },
            {
              "Dst": "南勢角",
              "Time": "18:01"
            },
            {
              "Dst": "南勢角",
              "Time": "18:07"
            },
            {
              "Dst": "南勢角",
              "Time": "18:13"
            },
            {
              "Dst": "南勢角",
              "Time": "18:20"
            },
            {
              "Dst": "南勢角",
              "Time": "18:26"
            },
            {
              "Dst": "南勢角",
              "Time": "18:32"
            },
            {
              "Dst": "南勢角",
              "Time": "18:39"
            },
            {
              "Dst": "南勢角",
              "Time": "18:45"
            },
            {
              "Dst": "南勢角",
              "Time": "18:51"
            },
            {
              "Dst": "南勢角",
              "Time": "18:58"
            },
            {
              "Dst": "南勢角",
              "Time": "19:04"
            },
            {
              "Dst": "南勢角",
              "Time": "19:10"
            },
            {
              "Dst": "南勢角",
              "Time": "19:17"
            },
            {
              "Dst": "南勢角",
              "Time": "19:24"
            },
            {
              "Dst": "南勢角",
              "Time": "19:32"
            },
            {
              "Dst": "南勢角",
              "Time": "19:40"
            },
            {
              "Dst": "南勢角",
              "Time": "19:48"
            },
            {
              "Dst": "南勢角",
              "Time": "19:56"
            },
            {
              "Dst": "南勢角",
              "Time": "20:04"
            },
            {
              "Dst": "南勢角",
              "Time": "20:12"
            },
            {
              "Dst": "南勢角",
              "Time": "20:20"
            },
            {
              "Dst": "南勢角",
              "Time": "20:28"
            },
            {
              "Dst": "南勢角",
              "Time": "20:36"
            },
            {
              "Dst": "南勢角",
              "Time": "20:44"
            },
            {
              "Dst": "南勢角",
              "Time": "20:52"
            },
            {
              "Dst": "南勢角",
              "Time": "21:00"
            },
            {
              "Dst": "南勢角",
              "Time": "21:08"
            },
            {
              "Dst": "南勢角",
              "Time": "21:16"
            },
            {
              "Dst": "南勢角",
              "Time": "21:24"
            },
            {
              "Dst": "南勢角",
              "Time": "21:32"
            },
            {
              "Dst": "南勢角",
              "Time": "21:40"
            },
            {
              "Dst": "南勢角",
              "Time": "21:48"
            },
            {
              "Dst": "南勢角",
              "Time": "21:56"
            },
            {
              "Dst": "南勢角",
              "Time": "22:04"
            },
            {
              "Dst": "南勢角",
              "Time": "22:12"
            },
            {
              "Dst": "南勢角",
              "Time": "22:20"
            },
            {
              "Dst": "南勢角",
              "Time": "22:28"
            },
            {
              "Dst": "南勢角",
              "Time": "22:37"
            },
            {
              "Dst": "南勢角",
              "Time": "22:46"
            },
            {
              "Dst": "南勢角",
              "Time": "22:57"
            },
            {
              "Dst": "南勢角",
              "Time": "23:09"
            },
            {
              "Dst": "南勢角",
              "Time": "23:21"
            },
            {
              "Dst": "南勢角",
              "Time": "23:33"
            },
            {
              "Dst": "南勢角",
              "Time": "23:45"
            },
            {
              "Dst": "南勢角",
              "Time": "23:57"
            },
            {
              "Dst": "南勢角",
              "Time": "00:07"
            }
          ]
        },
        {
          "Days": "6",
          "Departures": [
            {
              "Dst": "南勢角",
              "Time": "06:00"
            },
            {
              "Dst": "南勢角",
              "Time": "06:06"
            },
            {
              "Dst": "南勢角",
              "Time": "06:14"
            },
            {
              "Dst": "南勢角",
              "Time": "06:21"
            },
            {
              "Dst": "南勢角",
              "Time": "06:29"
            },
            {
              "Dst": "南勢角",
              "Time": "06:37"
            },
            {
              "Dst": "南勢角",
              "Time": "06:46"
            },
            {
              "Dst": "南勢角",
              "Time": "06:55"
            },
            {
              "Dst": "南勢角",
              "Time": "07:05"
            },
            {
              "Dst": "南勢角",
              "Time": "07:15"
            },
            {
              "Dst": "南勢角",
              "Time": "07:24"
            },
            {
              "Dst": "南勢角",
              "Time": "07:34"
            },
            {
              "Dst": "南勢角",
              "Time": "07:43"
            },
            {
              "Dst": "南勢角",
              "Time": "07:53"
            },
            {
              "Dst": "南勢角",
              "Time": "08:02"
            },
            {
              "Dst": "南勢角",
              "Time": "08:12"
            },
            {
              "Dst": "南勢角",
              "Time": "08:22"
            },
            {
              "Dst": "南勢角",
              "Time": "08:31"
            },
            {
              "Dst": "南勢角",
              "Time": "08:41"
            },
            {
              "Dst": "南勢角",
              "Time": "08:50"
            },
            {
              "Dst": "南勢角",
              "Time": "08:58"
            },
            {
              "Dst": "南勢角",
              "Time": "09:07"
            },
            {
              "Dst": "南勢角",
              "Time": "09:15"
            },
            {
              "Dst": "南勢角",
              "Time": "09:24"
            },
            {
              "Dst": "南勢角",
              "Time": "09:32"
            },
            {
              "Dst": "南勢角",
              "Time": "09:40"
            },
            {
              "Dst": "南勢角",
              "Time": "09:48"
            },
            {
              "Dst": "南勢角",
              "Time": "09:57"
            },
            {
              "Dst": "南勢角",
              "Time": "10:06"
            },
            {
              "Dst": "南勢角",
              "Time": "10:14"
            },
            {
              "Dst": "南勢角",
              "Time": "10:22"
            },
            {
              "Dst": "南勢角",
              "Time": "10:31"
            },
            {
              "Dst": "南勢角",
              "Time": "10:39"
            },
            {
              "Dst": "南勢角",
              "Time": "10:48"
            },
            {
              "Dst": "南勢角",
              "Time": "10:56"
            },
            {
              "Dst": "南勢角",
              "Time": "11:05"
            },
            {
              "Dst": "南勢角",
              "Time": "11:13"
            },
            {
              "Dst": "南勢角",
              "Time": "11:22"
            },
            {
              "Dst": "南勢角",
              "Time": "11:30"
            },
            {
              "Dst": "南勢角",
              "Time": "11:39"
            },
            {
              "Dst": "南勢角",
              "Time": "11:47"
            },
            {
              "Dst": "南勢角",
              "Time": "11:56"
            },
            {
              "Dst": "南勢角",
              "Time": "12:04"
            },
            {
              "Dst": "南勢角",
              "Time": "12:13"
            },
            {
              "Dst": "南勢角",
              "Time": "12:21"
            },
            {
              "Dst": "南勢角",
              "Time": "12:30"
            },
            {
              "Dst": "南勢角",
              "Time": "12:38"
            },
            {
              "Dst": "南勢角",
              "Time": "12:47"
            },
            {
              "Dst": "南勢角",
              "Time": "12:55"
            },
            {
              "Dst": "南勢角",
              "Time": "13:04"
            },
            {
              "Dst": "南勢角",
              "Time": "13:12"
            },
            {
              "Dst": "南勢角",
              "Time": "13:21"
            },
            {
              "Dst": "南勢角",
              "Time": "13:29"
            },
            {
              "Dst": "南勢角",
              "Time": "13:38"
            },
            {
              "Dst": "南勢角",
              "Time": "13:46"
            },
            {
              "Dst": "南勢角",
              "Time": "13:55"
            },
            {
              "Dst": "南勢角",
              "Time": "14:03"
            },
            {
              "Dst": "南勢角",
              "Time": "14:12"
            },
            {
              "Dst": "南勢角",
              "Time": "14:20"
            },
            {
              "Dst": "南勢角",
              "Time": "14:29"
            },
            {
              "Dst": "南勢角",
              "Time": "14:37"
            },
            {
              "Dst": "南勢角",
              "Time": "14:46"
            },
            {
              "Dst": "南勢角",
              "Time": "14:54"
            },
            {
              "Dst": "南勢角",
              "Time": "15:03"
            },
            {
              "Dst": "南勢角",
              "Time": "15:11"
            },
            {
              "Dst": "南勢角",
              "Time": "15:20"
            },
            {
              "Dst": "南勢角",
              "Time": "15:28"
            },
            {
              "Dst": "南勢角",
              "Time": "15:37"
            },
            {
              "Dst": "南勢角",
              "Time": "15:45"
            },
            {
              "Dst": "南勢角",
              "Time": "15:54"
            },
            {
              "Dst": "南勢角",
              "Time": "16:02"
            },
            {
              "Dst": "南勢角",
              "Time": "16:11"
            },
            {
              "Dst": "南勢角",
              "Time": "16:19"
            },
            {
              "Dst": "南勢角",
              "Time": "16:28"
            },
            {
              "Dst": "南勢角",
              "Time": "16:36"
            },
            {
              "Dst": "南勢角",
              "Time": "16:45"
            },
            {
              "Dst": "南勢角",
              "Time": "16:53"
            },
            {
              "Dst": "南勢角",
              "Time": "17:02"
            },
            {
              "Dst": "南勢角",
              "Time": "17:10"
            },
            {
              "Dst": "南勢角",
              "Time": "17:19"
            },
            {
              "Dst": "南勢角",
              "Time": "17:27"
            },
            {
              "Dst": "南勢角",
              "Time": "17:36"
            },
            {
              "Dst": "南勢角",
              "Time": "17:44"
            },
            {
              "Dst": "南勢角",
              "Time": "17:53"
            },
            {
              "Dst": "南勢角",
              "Time": "18:01"
            },
            {
              "Dst": "南勢角",
              "Time": "18:10"
            },
            {
              "Dst": "南勢角",
              "Time": "18:18"
            },
            {
              "Dst": "南勢角",
              "Time": "18:27"
            },
            {
              "Dst": "南勢角",
              "Time": "18:35"
            },
            {
              "Dst": "南勢角",
              "Time": "18:44"
            },
            {
              "Dst": "南勢角",
              "Time": "18:52"
            },
            {
              "Dst": "南勢角",
              "Time": "19:01"
            },
            {
              "Dst": "南勢角",
              "Time": "19:10"
            },
            {
              "Dst": "南勢角",
              "Time": "19:19"
            },
            {
              "Dst": "南勢角",
              "Time": "19:28"
            },
            {
              "Dst": "南勢角",
              "Time": "19:38"
            },
            {
              "Dst": "南勢角",
              "Time": "19:47"
            },
            {
              "Dst": "南勢角",
              "Time": "19:57"
            },
            {
              "Dst": "南勢角",
              "Time": "20:06"
            },
            {
              "Dst": "南勢角",
              "Time": "20:16"
            },
            {
              "Dst": "南勢角",
              "Time": "20:26"
            },
            {
              "Dst": "南勢角",
              "Time": "20:35"
            },
            {
              "Dst": "南勢角",
              "Time": "20:45"
            },
            {
              "Dst": "南勢角",
              "Time": "20:54"
            },
            {
              "Dst": "南勢角",
              "Time": "21:04"
            },
            {
              "Dst": "南勢角",
              "Time": "21:13"
            },
            {
              "Dst": "南勢角",
              "Time": "21:23"
            },
            {
              "Dst": "南勢角",
              "Time": "21:33"
            },
            {
              "Dst": "南勢角",
              "Time": "21:42"
            },
            {
              "Dst": "南勢角",
              "Time": "21:52"
            },
            {
              "Dst": "南勢角",
              "Time": "22:01"
            },
            {
              "Dst": "南勢角",
              "Time": "22:11"
            },
            {
              "Dst": "南勢角",
              "Time": "22:20"
            },
            {
              "Dst": "南勢角",
              "Time": "22:30"
            },
            {
              "Dst": "南勢角",
              "Time": "22:39"
            },
            {
              "Dst": "南勢角",
              "Time": "22:49"
            },
            {
              "Dst": "南勢角",
              "Time": "22:59"
            },
            {
              "Dst": "南勢角",
              "Time": "23:09"
            },
            {
              "Dst": "南勢角",
              "Time": "23:21"
            },
            {
              "Dst": "南勢角",
              "Time": "23:33"
            },
            {
              "Dst": "南勢角",
              "Time": "23:45"
            },
            {
              "Dst": "南勢角",
              "Time": "23:57"
            },
            {
              "Dst": "南勢角",
              "Time": "00:07"
            }
          ]
        },
        {
          "Days": "7",
          "Departures": [
            {
              "Dst": "南勢角",
              "Time": "06:00"
            },
            {
              "Dst": "南勢角",
              "Time": "06:06"
            },
            {
              "Dst": "南勢角",
              "Time": "06:14"
            },
            {
              "Dst": "南勢角",
              "Time": "06:21"
            },
            {
              "Dst": "南勢角",
              "Time": "06:29"
            },
            {
              "Dst": "南勢角",
              "Time": "06:37"
            },
            {
              "Dst": "南勢角",
              "Time": "06:46"
            },
            {
              "Dst": "南勢角",
              "Time": "06:55"
            },
            {
              "Dst": "南勢角",
              "Time": "07:05"
            },
            {
              "Dst": "南勢角",
              "Time": "07:15"
            },
            {
              "Dst": "南勢角",
              "Time": "07:24"
            },
            {
              "Dst": "南勢角",
              "Time": "07:34"
            },
            {
              "Dst": "南勢角",
              "Time": "07:43"
            },
            {
              "Dst": "南勢角",
              "Time": "07:53"
            },
            {
              "Dst": "南勢角",
              "Time": "08:02"
            },
            {
              "Dst": "南勢角",
              "Time": "08:12"
            },
            {
              "Dst": "南勢角",
              "Time": "08:22"
            },
            {
              "Dst": "南勢角",
              "Time": "08:31"
            },
            {
              "Dst": "南勢角",
              "Time": "08:41"
            },
            {
              "Dst": "南勢角",
              "Time": "08:50"
            },
            {
              "Dst": "南勢角",
              "Time": "08:58"
            },
            {
              "Dst": "南勢角",
              "Time": "09:07"
            },
            {
              "Dst": "南勢角",
              "Time": "09:15"
            },
            {
              "Dst": "南勢角",
              "Time": "09:24"
            },
            {
              "Dst": "南勢角",
              "Time": "09:32"
            },
            {
              "Dst": "南勢角",
              "Time": "09:40"
            },
            {
              "Dst": "南勢角",
              "Time": "09:48"
            },
            {
              "Dst": "南勢角",
              "Time": "09:57"
            },
            {
              "Dst": "南勢角",
              "Time": "10:06"
            },
            {
              "Dst": "南勢角",
              "Time": "10:14"
            },
            {
              "Dst": "南勢角",
              "Time": "10:22"
            },
            {
              "Dst": "南勢角",
              "Time": "10:31"
            },
            {
              "Dst": "南勢角",
              "Time": "10:39"
            },
            {
              "Dst": "南勢角",
              "Time": "10:48"
            },
            {
              "Dst": "南勢角",
              "Time": "10:56"
            },
            {
              "Dst": "南勢角",
              "Time": "11:05"
            },
            {
              "Dst": "南勢角",
              "Time": "11:13"
            },
            {
              "Dst": "南勢角",
              "Time": "11:22"
            },
            {
              "Dst": "南勢角",
              "Time": "11:30"
            },
            {
              "Dst": "南勢角",
              "Time": "11:39"
            },
            {
              "Dst": "南勢角",
              "Time": "11:47"
            },
            {
              "Dst": "南勢角",
              "Time": "11:56"
            },
            {
              "Dst": "南勢角",
              "Time": "12:04"
            },
            {
              "Dst": "南勢角",
              "Time": "12:13"
            },
            {
              "Dst": "南勢角",
              "Time": "12:21"
            },
            {
              "Dst": "南勢角",
              "Time": "12:30"
            },
            {
              "Dst": "南勢角",
              "Time": "12:38"
            },
            {
              "Dst": "南勢角",
              "Time": "12:47"
            },
            {
              "Dst": "南勢角",
              "Time": "12:55"
            },
            {
              "Dst": "南勢角",
              "Time": "13:04"
            },
            {
              "Dst": "南勢角",
              "Time": "13:12"
            },
            {
              "Dst": "南勢角",
              "Time": "13:21"
            },
            {
              "Dst": "南勢角",
              "Time": "13:29"
            },
            {
              "Dst": "南勢角",
              "Time": "13:38"
            },
            {
              "Dst": "南勢角",
              "Time": "13:46"
            },
            {
              "Dst": "南勢角",
              "Time": "13:55"
            },
            {
              "Dst": "南勢角",
              "Time": "14:03"
            },
            {
              "Dst": "南勢角",
              "Time": "14:12"
            },
            {
              "Dst": "南勢角",
              "Time": "14:20"
            },
            {
              "Dst": "南勢角",
              "Time": "14:29"
            },
            {
              "Dst": "南勢角",
              "Time": "14:37"
            },
            {
              "Dst": "南勢角",
              "Time": "14:46"
            },
            {
              "Dst": "南勢角",
              "Time": "14:54"
            },
            {
              "Dst": "南勢角",
              "Time": "15:03"
            },
            {
              "Dst": "南勢角",
              "Time": "15:11"
            },
            {
              "Dst": "南勢角",
              "Time": "15:20"
            },
            {
              "Dst": "南勢角",
              "Time": "15:28"
            },
            {
              "Dst": "南勢角",
              "Time": "15:37"
            },
            {
              "Dst": "南勢角",
              "Time": "15:45"
            },
            {
              "Dst": "南勢角",
              "Time": "15:54"
            },
            {
              "Dst": "南勢角",
              "Time": "16:02"
            },
            {
              "Dst": "南勢角",
              "Time": "16:11"
            },
            {
              "Dst": "南勢角",
              "Time": "16:19"
            },
            {
              "Dst": "南勢角",
              "Time": "16:28"
            },
            {
              "Dst": "南勢角",
              "Time": "16:36"
            },
            {
              "Dst": "南勢角",
              "Time": "16:45"
            },
            {
              "Dst": "南勢角",
              "Time": "16:53"
            },
            {
              "Dst": "南勢角",
              "Time": "17:02"
            },
            {
              "Dst": "南勢角",
              "Time": "17:10"
            },
            {
              "Dst": "南勢角",
              "Time": "17:19"
            },
            {
              "Dst": "南勢角",
              "Time": "17:27"
            },
            {
              "Dst": "南勢角",
              "Time": "17:36"
            },
            {
              "Dst": "南勢角",
              "Time": "17:44"
            },
            {
              "Dst": "南勢角",
              "Time": "17:53"
            },
            {
              "Dst": "南勢角",
              "Time": "18:01"
            },
            {
              "Dst": "南勢角",
              "Time": "18:10"
            },
            {
              "Dst": "南勢角",
              "Time": "18:18"
            },
            {
              "Dst": "南勢角",
              "Time": "18:27"
            },
            {
              "Dst": "南勢角",
              "Time": "18:35"
            },
            {
              "Dst": "南勢角",
              "Time": "18:44"
            },
            {
              "Dst": "南勢角",
              "Time": "18:52"
            },
            {
              "Dst": "南勢角",
              "Time": "19:01"
            },
            {
              "Dst": "南勢角",
              "Time": "19:10"
            },
            {
              "Dst": "南勢角",
              "Time": "19:19"
            },
            {
              "Dst": "南勢角",
              "Time": "19:28"
            },
            {
              "Dst": "南勢角",
              "Time": "19:38"
            },
            {
              "Dst": "南勢角",
              "Time": "19:47"
            },
            {
              "Dst": "南勢角",
              "Time": "19:57"
            },
            {
              "Dst": "南勢角",
              "Time": "20:06"
            },
            {
              "Dst": "南勢角",
              "Time": "20:16"
            },
            {
              "Dst": "南勢角",
              "Time": "20:26"
            },
            {
              "Dst": "南勢角",
              "Time": "20:35"
            },
            {
              "Dst": "南勢角",
              "Time": "20:45"
            },
            {
              "Dst": "南勢角",
              "Time": "20:54"
            },
            {
              "Dst": "南勢角",
              "Time": "21:04"
            },
            {
              "Dst": "南勢角",
              "Time": "21:13"
            },
            {
              "Dst": "南勢角",
              "Time": "21:23"
            },
            {
              "Dst": "南勢角",
              "Time": "21:33"
            },
            {
              "Dst": "南勢角",
              "Time": "21:42"
            },
            {
              "Dst": "南勢角",
              "Time": "21:52"
            },
            {
              "Dst": "南勢角",
              "Time": "22:01"
            },
            {
              "Dst": "南勢角",
              "Time": "22:11"
            },
            {
              "Dst": "南勢角",
              "Time": "22:20"
            },
            {
              "Dst": "南勢角",
              "Time": "22:30"
            },
            {
              "Dst": "南勢角",
              "Time": "22:39"
            },
            {
              "Dst": "南勢角",
              "Time": "22:49"
            },
            {
              "Dst": "南勢角",
              "Time": "22:59"
            },
            {
              "Dst": "南勢角",
              "Time": "23:09"
            },
            {
              "Dst": "南勢角",
              "Time": "23:21"
            },
            {
              "Dst": "南勢角",
              "Time": "23:33"
            },
            {
              "Dst": "南勢角",
              "Time": "23:45"
            },
            {
              "Dst": "南勢角",
              "Time": "23:57"
            },
            {
              "Dst": "南勢角",
              "Time": "00:07"
            }
          ]
        }
      ]
    }
  ]
}