{
  "StationCode": "O52",
  "StationName": "徐匯中學",
  "Timetables": [
    {
      "Direction": "往O54蘆洲站",
      "EffectiveFrom": "2017-08-01",
      "Schedule": [
        {
          "Days": "1,2,3,4,5",
          "Departures": [
            {
              "Dst": "蘆洲",
              "Time": "06:00"
            },
            {
              "Dst": "蘆洲",
              "Time": "06:08"
            },
            {
              "Dst": "蘆洲",
              "Time": "06:16"
            },
            {
              "Dst": "蘆洲",
              "Time": "06:27"
            },
            {
              "Dst": "蘆洲",
              "Time": "06:34"
            },
            {
              "Dst": "蘆洲",
              "Time": "06:42"
            },
            {
              "Dst": "蘆洲",
              "Time": "06:50"
            },
            {
              "Dst": "蘆洲",
              "Time": "06:58"
            },
            {
              "Dst": "蘆洲",
              "Time": "07:05"
            },
            {
              "Dst": "蘆洲",
              "Time": "07:13"
            },
            {
              "Dst": "蘆洲",
              "Time": "07:21"
            },
            {
              "Dst": "蘆洲",
              "Time": "07:29"
            },
            {
              "Dst": "蘆洲",
              "Time": "07:37"
            },
            {
              "Dst": "蘆洲",
              "Time": "07:45"
            },
            {
              "Dst": "蘆洲",
              "Time": "07:52"
            },
            {
              "Dst": "蘆洲",
              "Time": "07:58"
            },
            {
              "Dst": "蘆洲",
              "Time": "08:05"
            },
            {
              "Dst": "蘆洲",
              "Time": "08:11"
            },
            {
              "Dst": "蘆洲",
              "Time": "08:16"
            },
            {
              "Dst": "蘆洲",
              "Time": "08:22"
            },
            {
              "Dst": "蘆洲",
              "Time": "08:28"
            },
            {
              "Dst": "蘆洲",
              "Time": "08:34"
            },
            {
              "Dst": "蘆洲",
              "Time": "08:40"
            },
            {
              "Dst": "蘆洲",
              "Time": "08:46"
            },
            {
              "Dst": "蘆洲",
              "Time": "08:52"
            },
            {
              "Dst": "蘆洲",
              "Time": "08:58"
            },
            {
              "Dst": "蘆洲",
              "Time": "09:02"
            },
            {
              "Dst": "蘆洲",
              "Time": "09:08"
            },
            {
              "Dst": "蘆洲",
              "Time": "09:13"
            },
            {
              "Dst": "蘆洲",
              "Time": "09:18"
            },
            {
              "Dst": "蘆洲",
              "Time": "09:23"
            },
            {
              "Dst": "蘆洲",
              "Time": "09:28"
            },
            {
              "Dst": "蘆洲",
              "Time": "09:33"
            },
            {
              "Dst": "蘆洲",
              "Time": "09:39"
            },
            {
              "Dst": "蘆洲",
              "Time": "09:45"
            },
            {
              "Dst": "蘆洲",
              "Time": "09:51"
            },
            {
              "Dst": "蘆洲",
              "Time": "09:58"
            },
            {
              "Dst": "蘆洲",
              "Time": "10:05"
            },
            {
              "Dst": "蘆洲",
              "Time": "10:13"
            },
            {
              "Dst": "蘆洲",
              "Time": "10:21"
            },
            {
              "Dst": "蘆洲",
              "Time": "10:29"
            },
            {
              "Dst": "蘆洲",
              "Time": "10:38"
            },
            {
              "Dst": "蘆洲",
              "Time": "10:46"
            },
            {
              "Dst": "蘆洲",
              "Time": "10:55"
            },
            {
              "Dst": "蘆洲",
              "Time": "11:03"
            },
            {
              "Dst": "蘆洲",
              "Time": "11:12"
            },
            {
              "Dst": "蘆洲",
              "Time": "11:20"
            },
            {
              "Dst": "蘆洲",
              "Time": "11:29"
            },
            {
              "Dst": "蘆洲",
              "Time": "11:37"
            },
            {
              "Dst": "蘆洲",
              "Time": "11:46"
            },
            {
              "Dst": "蘆洲",
              "Time": "11:54"
            },
            {
              "Dst": "蘆洲",
              "Time": "12:03"
            },
            {
              "Dst": "蘆洲",
              "Time": "12:11"
            },
            {
              "Dst": "蘆洲",
              "Time": "12:20"
            },
            {
              "Dst": "蘆洲",
              "Time": "12:28"
            },
            {
              "Dst": "蘆洲",
              "Time": "12:37"
            },
            {
              "Dst": "蘆洲",
              "Time": "12:45"
            },
            {
              "Dst": "蘆洲",
              "Time": "12:54"
            },
            {
              "Dst": "蘆洲",
              "Time": "13:02"
            },
            {
              "Dst": "蘆洲",
              "Time": "13:11"
            },
            {
              "Dst": "蘆洲",
              "Time": "13:19"
            },
            {
              "Dst": "蘆洲",
              "Time": "13:28"
            },
            {
              "Dst": "蘆洲",
              "Time": "13:36"
            },
            {
              "Dst": "蘆洲",
              "Time": "13:45"
            },
            {
              "Dst": "蘆洲",
              "Time": "13:53"
            },
            {
              "Dst": "蘆洲",
              "Time": "14:02"
            },
            {
              "Dst": "蘆洲",
              "Time": "14:10"
            },
            {
              "Dst": "蘆洲",
              "Time": "14:19"
            },
            {
              "Dst": "蘆洲",
              "Time": "14:27"
            },
            {
              "Dst": "蘆洲",
              "Time": "14:36"
            },
            {
              "Dst": "蘆洲",
              "Time": "14:44"
            },
            {
              "Dst": "蘆洲",
              "Time": "14:53"
            },
            {
              "Dst": "蘆洲",
              "Time": "15:01"
            },
            {
              "Dst": "蘆洲",
              "Time": "15:10"
            },
            {
              "Dst": "蘆洲",
              "Time": "15:18"
            },
            {
              "Dst": "蘆洲",
              "Time": "15:27"
            },
            {
              "Dst": "蘆洲",
              "Time": "15:35"
            },
            {
              "Dst": "蘆洲",
              "Time": "15:44"
            },
            {
              "Dst": "蘆洲",
              "Time": "15:52"
            },
            {
              "Dst": "蘆洲",
              "Time": "16:00"
            },
            {
              "Dst": "蘆洲",
              "Time": "16:08"
            },
            {
              "Dst": "蘆洲",
              "Time": "16:16"
            },
            {
              "Dst": "蘆洲",
              "Time": "16:25"
            },
            {
              "Dst": "蘆洲",
              "Time": "16:33"
            },
            {
              "Dst": "蘆洲",
              "Time": "16:42"
            },
            {
              "Dst": "蘆洲",
              "Time": "16:50"
            },
            {
              "Dst": "蘆洲",
              "Time": "16:59"
            },
            {
              "Dst": "蘆洲",
              "Time": "17:07"
            },
            {
              "Dst": "蘆洲",
              "Time": "17:16"
            },
            {
              "Dst": "蘆洲",
              "Time": "17:24"
            },
            {
              "Dst": "蘆洲",
              "Time": "17:33"
            },
            {
              "Dst": "蘆洲",
              "Time": "17:40"
            },
            {
              "Dst": "蘆洲",
              "Time": "17:47"
            },
            {
              "Dst": "蘆洲",
              "Time": "17:53"
            },
            {
              "Dst": "蘆洲",
              "Time": "17:59"
            },
            {
              "Dst": "蘆洲",
              "Time": "18:06"
            },
            {
              "Dst": "蘆洲",
              "Time": "18:12"
            },
            {
              "Dst": "蘆洲",
              "Time": "18:18"
            },
            {
              "Dst": "蘆洲",
              "Time": "18:25"
            },
            {
              "Dst": "蘆洲",
              "Time": "18:31"
            },
            {
              "Dst": "蘆洲",
              "Time": "18:37"
            },
            {
              "Dst": "蘆洲",
              "Time": "18:44"
            },
            {
              "Dst": "蘆洲",
              "Time": "18:50"
            },
            {
              "Dst": "蘆洲",
              "Time": "18:56"
            },
            {
              "Dst": "蘆洲",
              "Time": "19:03"
            },
            {
              "Dst": "蘆洲",
              "Time": "19:09"
            },
            {
              "Dst": "蘆洲",
              "Time": "19:14"
            },
            {
              "Dst": "蘆洲",
              "Time": "19:20"
            },
            {
              "Dst": "蘆洲",
              "Time": "19:28"
            },
            {
              "Dst": "蘆洲",
              "Time": "19:34"
            },
            {
              "Dst": "蘆洲",
              "Time": "19:41"
            },
            {
              "Dst": "蘆洲",
              "Time": "19:48"
            },
            {
              "Dst": "蘆洲",
              "Time": "19:53"
            },
            {
              "Dst": "蘆洲",
              "Time": "20:00"
            },
            {
              "Dst": "蘆洲",
              "Time": "20:06"
            },
            {
              "Dst": "蘆洲",
              "Time": "20:12"
            },
            {
              "Dst": "蘆洲",
              "Time": "20:17"
            },
            {
              "Dst": "蘆洲",
              "Time": "20:24"
            },
            {
              "Dst": "蘆洲",
              "Time": "20:32"
            },
            {
              "Dst": "蘆洲",
              "Time": "20:40"
            },
            {
              "Dst": "蘆洲",
              "Time": "20:48"
            },
            {
              "Dst": "蘆洲",
              "Time": "20:56"
            },
            {
              "Dst": "蘆洲",
              "Time": "21:04"
            },
            {
              "Dst": "蘆洲",
              "Time": "21:12"
            },
            {
              "Dst": "蘆洲",
              "Time": "21:20"
            },
            {
              "Dst": "蘆洲",
              "Time": "21:28"
            },
            {
              "Dst": "蘆洲",
              "Time": "21:36"
            },
            {
              "Dst": "蘆洲",
              "Time": "21:44"
            },
            {
              "Dst": "蘆洲",
              "Time": "21:52"
            },
            {
              "Dst": "蘆洲",
              "Time": "22:00"
            },
            {
              "Dst": "蘆洲",
              "Time": "22:08"
            },
            {
              "Dst": "蘆洲",
              "Time": "22:16"
            },
            {
              "Dst": "蘆洲",
              "Time": "22:24"
            },
            {
              "Dst": "蘆洲",
              "Time": "22:32"
            },
            {
              "Dst": "蘆洲",
              "Time": "22:40"
            },
            {
              "Dst": "蘆洲",
              "Time": "22:49"
            },
            {
              "Dst": "蘆洲",
              "Time": "22:56"
            },
            {
              "Dst": "蘆洲",
              "Time": "23:04"
            },
            {
              "Dst": "蘆洲",
              "Time": "23:11"
            },
            {
              "Dst": "蘆洲",
              "Time": "23:19"
            },
            {
              "Dst": "蘆洲",
              "Time": "23:27"
            },
            {
              "Dst": "蘆洲",
              "Time": "23:37"
            },
            {
              "Dst": "蘆洲",
              "Time": "23:49"
            },
            {
              "Dst": "蘆洲",
              "Time": "00:01"
            },
            {
              "Dst": "蘆洲",
              "Time": "00:13"
            },
            {
              "Dst": "蘆洲",
              "Time": "00:25"
            },
            {
              "Dst": "蘆洲",
              "Time": "00:34"
            },
            {
              "Dst": "蘆洲",
              "Time": "00:52"
            }
          ]
        },
        {
          "Days": "6",
          "Departures": [
            {
              "Dst": "蘆洲",
              "Time": "06:00"
            },
            {
              "Dst": "蘆洲",
              "Time": "06:08"
            },
            {
              "Dst": "蘆洲",
              "Time": "06:16"
            },
            {
              "Dst": "蘆洲",
              "Time": "06:27"
            },
            {
              "Dst": "蘆洲",
              "Time": "06:34"
            },
            {
              "Dst": "蘆洲",
              "Time": "06:45"
            },
            {
              "Dst": "蘆洲",
              "Time": "06:53"
            },
            {
              "Dst": "蘆洲",
              "Time": "07:03"
            },
            {
              "Dst": "蘆洲",
              "Time": "07:12"
            },
            {
              "Dst": "蘆洲",
              "Time": "07:22"
            },
            {
              "Dst": "蘆洲",
              "Time": "07:31"
            },
            {
              "Dst": "蘆洲",
              "Time": "07:41"
            },
            {
              "Dst": "蘆洲",
              "Time": "07:50"
            },
            {
              "Dst": "蘆洲",
              "Time": "08:00"
            },
            {
              "Dst": "蘆洲",
              "Time": "08:10"
            },
            {
              "Dst": "蘆洲",
              "Time": "08:19"
            },
            {
              "Dst": "蘆洲",
              "Time": "08:29"
            },
            {
              "Dst": "蘆洲",
              "Time": "08:38"
            },
            {
              "Dst": "蘆洲",
              "Time": "08:48"
            },
            {
              "Dst": "蘆洲",
              "Time": "08:57"
            },
            {
              "Dst": "蘆洲",
              "Time": "09:07"
            },
            {
              "Dst": "蘆洲",
              "Time": "09:17"
            },
            {
              "Dst": "蘆洲",
              "Time": "09:26"
            },
            {
              "Dst": "蘆洲",
              "Time": "09:36"
            },
            {
              "Dst": "蘆洲",
              "Time": "09:45"
            },
            {
              "Dst": "蘆洲",
              "Time": "09:54"
            },
            {
              "Dst": "蘆洲",
              "Time": "10:04"
            },
            {
              "Dst": "蘆洲",
              "Time": "10:14"
            },
            {
              "Dst": "蘆洲",
              "Time": "10:24"
            },
            {
              "Dst": "蘆洲",
              "Time": "10:33"
            },
            {
              "Dst": "蘆洲",
              "Time": "10:42"
            },
            {
              "Dst": "蘆洲",
              "Time": "10:50"
            },
            {
              "Dst": "蘆洲",
              "Time": "10:59"
            },
            {
              "Dst": "蘆洲",
              "Time": "11:07"
            },
            {
              "Dst": "蘆洲",
              "Time": "11:16"
            },
            {
              "Dst": "蘆洲",
              "Time": "11:24"
            },
            {
              "Dst": "蘆洲",
              "Time": "11:33"
            },
            {
              "Dst": "蘆洲",
              "Time": "11:41"
            },
            {
              "Dst": "蘆洲",
              "Time": "11:50"
            },
            {
              "Dst": "蘆洲",
              "Time": "11:58"
            },
            {
              "Dst": "蘆洲",
              "Time": "12:07"
            },
            {
              "Dst": "蘆洲",
              "Time": "12:15"
            },
            {
              "Dst": "蘆洲",
              "Time": "12:24"
            },
            {
              "Dst": "蘆洲",
              "Time": "12:32"
            },
            {
              "Dst": "蘆洲",
              "Time": "12:41"
            },
            {
              "Dst": "蘆洲",
              "Time": "12:49"
            },
            {
              "Dst": "蘆洲",
              "Time": "12:58"
            },
            {
              "Dst": "蘆洲",
              "Time": "13:06"
            },
            {
              "Dst": "蘆洲",
              "Time": "13:15"
            },
            {
              "Dst": "蘆洲",
              "Time": "13:23"
            },
            {
              "Dst": "蘆洲",
              "Time": "13:32"
            },
            {
              "Dst": "蘆洲",
              "Time": "13:40"
            },
            {
              "Dst": "蘆洲",
              "Time": "13:49"
            },
            {
              "Dst": "蘆洲",
              "Time": "13:57"
            },
            {
              "Dst": "蘆洲",
              "Time": "14:06"
            },
            {
              "Dst": "蘆洲",
              "Time": "14:14"
            },
            {
              "Dst": "蘆洲",
              "Time": "14:23"
            },
            {
              "Dst": "蘆洲",
              "Time": "14:31"
            },
            {
              "Dst": "蘆洲",
              "Time": "14:40"
            },
            {
              "Dst": "蘆洲",
              "Time": "14:48"
            },
            {
              "Dst": "蘆洲",
              "Time": "14:57"
            },
            {
              "Dst": "蘆洲",
              "Time": "15:05"
            },
            {
              "Dst": "蘆洲",
              "Time": "15:14"
            },
            {
              "Dst": "蘆洲",
              "Time": "15:22"
            },
            {
              "Dst": "蘆洲",
              "Time": "15:31"
            },
            {
              "Dst": "蘆洲",
              "Time": "15:39"
            },
            {
              "Dst": "蘆洲",
              "Time": "15:48"
            },
            {
              "Dst": "蘆洲",
              "Time": "15:56"
            },
            {
              "Dst": "蘆洲",
              "Time": "16:05"
            },
            {
              "Dst": "蘆洲",
              "Time": "16:13"
            },
            {
              "Dst": "蘆洲",
              "Time": "16:22"
            },
            {
              "Dst": "蘆洲",
              "Time": "16:30"
            },
            {
              "Dst": "蘆洲",
              "Time": "16:39"
            },
            {
              "Dst": "蘆洲",
              "Time": "16:47"
            },
            {
              "Dst": "蘆洲",
              "Time": "16:56"
            },
            {
              "Dst": "蘆洲",
              "Time": "17:04"
            },
            {
              "Dst": "蘆洲",
              "Time": "17:13"
            },
            {
              "Dst": "蘆洲",
              "Time": "17:21"
            },
            {
              "Dst": "蘆洲",
              "Time": "17:30"
            },
            {
              "Dst": "蘆洲",
              "Time": "17:38"
            },
            {
              "Dst": "蘆洲",
              "Time": "17:47"
            },
            {
              "Dst": "蘆洲",
              "Time": "17:55"
            },
            {
              "Dst": "蘆洲",
              "Time": "18:04"
            },
            {
              "Dst": "蘆洲",
              "Time": "18:12"
            },
            {
              "Dst": "蘆洲",
              "Time": "18:21"
            },
            {
              "Dst": "蘆洲",
              "Time": "18:29"
            },
            {
              "Dst": "蘆洲",
              "Time": "18:38"
            },
            {
              "Dst": "蘆洲",
              "Time": "18:46"
            },
            {
              "Dst": "蘆洲",
              "Time": "18:55"
            },
            {
              "Dst": "蘆洲",
              "Time": "19:03"
            },
            {
              "Dst": "蘆洲",
              "Time": "19:12"
            },
            {
              "Dst": "蘆洲",
              "Time": "19:21"
            },
            {
              "Dst": "蘆洲",
              "Time": "19:27"
            },
            {
              "Dst": "蘆洲",
              "Time": "19:36"
            },
            {
              "Dst": "蘆洲",
              "Time": "19:45"
            },
            {
              "Dst": "蘆洲",
              "Time": "19:54"
            },
            {
              "Dst": "蘆洲",
              "Time": "20:03"
            },
            {
              "Dst": "蘆洲",
              "Time": "20:11"
            },
            {
              "Dst": "蘆洲",
              "Time": "20:20"
            },
            {
              "Dst": "蘆洲",
              "Time": "20:28"
            },
            {
              "Dst": "蘆洲",
              "Time": "20:37"
            },
            {
              "Dst": "蘆洲",
              "Time": "20:44"
            },
            {
              "Dst": "蘆洲",
              "Time": "20:52"
            },
            {
              "Dst": "蘆洲",
              "Time": "21:01"
            },
            {
              "Dst": "蘆洲",
              "Time": "21:11"
            },
            {
              "Dst": "蘆洲",
              "Time": "21:20"
            },
            {
              "Dst": "蘆洲",
              "Time": "21:30"
            },
            {
              "Dst": "蘆洲",
              "Time": "21:40"
            },
            {
              "Dst": "蘆洲",
              "Time": "21:49"
            },
            {
              "Dst": "蘆洲",
              "Time": "21:59"
            },
            {
              "Dst": "蘆洲",
              "Time": "22:08"
            },
            {
              "Dst": "蘆洲",
              "Time": "22:18"
            },
            {
              "Dst": "蘆洲",
              "Time": "22:27"
            },
            {
              "Dst": "蘆洲",
              "Time": "22:37"
            },
            {
              "Dst": "蘆洲",
              "Time": "22:47"
            },
            {
              "Dst": "蘆洲",
              "Time": "22:56"
            },
            {
              "Dst": "蘆洲",
              "Time": "23:05"
            },
            {
              "Dst": "蘆洲",
              "Time": "23:14"
            },
            {
              "Dst": "蘆洲",
              "Time": "23:25"
            },
            {
              "Dst": "蘆洲",
              "Time": "23:37"
            },
            {
              "Dst": "蘆洲",
              "Time": "23:49"
            },
            {
              "Dst": "蘆洲",
              "Time": "00:01"
            },
            {
              "Dst": "蘆洲",
              "Time": "00:13"
            },
            {
              "Dst": "蘆洲",
              "Time": "00:25"
            },
            {
              "Dst": "蘆洲",
              "Time": "00:34"
            },
            {
              "Dst": "蘆洲",
              "Time": "00:52"
            }
          ]
        },
        {
          "Days": "7",
          "Departures": [
            {
              "Dst": "蘆洲",
              "Time": "06:00"
            },
            {
              "Dst": "蘆洲",
              "Time": "06:08"
            },
            {
              "Dst": "蘆洲",
              "Time": "06:16"
            },
            {
              "Dst": "蘆洲",
              "Time": "06:27"
            },
            {
              "Dst": "蘆洲",
              "Time": "06:34"
            },
            {
              "Dst": "蘆洲",
              "Time": "06:45"
            },
            {
              "Dst": "蘆洲",
              "Time": "06:53"
            },
            {
              "Dst": "蘆洲",
              "Time": "07:03"
            },
            {
              "Dst": "蘆洲",
              "Time": "07:12"
            },
            {
              "Dst": "蘆洲",
              "Time": "07:22"
            },
            {
              "Dst": "蘆洲",
              "Time": "07:31"
            },
            {
              "Dst": "蘆洲",
              "Time": "07:41"
            },
            {
              "Dst": "蘆洲",
              "Time": "07:50"
            },
            {
              "Dst": "蘆洲",
              "Time": "08:00"
            },
            {
              "Dst": "蘆洲",
              "Time": "08:10"
            },
            {
              "Dst": "蘆洲",
              "Time": "08:19"
            },
            {
              "Dst": "蘆洲",
              "Time": "08:29"
            },
            {
              "Dst": "蘆洲",
              "Time": "08:38"
            },
            {
              "Dst": "蘆洲",
              "Time": "08:48"
            },
            {
              "Dst": "蘆洲",
              "Time": "08:57"
            },
            {
              "Dst": "蘆洲",
              "Time": "09:07"
            },
            {
              "Dst": "蘆洲",
              "Time": "09:17"
            },
            {
              "Dst": "蘆洲",
              "Time": "09:26"
            },
            {
              "Dst": "蘆洲",
              "Time": "09:36"
            },
            {
              "Dst": "蘆洲",
              "Time": "09:45"
            },
            {
              "Dst": "蘆洲",
              "Time": "09:54"
            },
            {
              "Dst": "蘆洲",
              "Time": "10:04"
            },
            {
              "Dst": "蘆洲",
              "Time": "10:14"
            },
            {
              "Dst": "蘆洲",
              "Time": "10:24"
            },
            {
              "Dst": "蘆洲",
              "Time": "10:33"
            },
            {
              "Dst": "蘆洲",
              "Time": "10:42"
            },
            {
              "Dst": "蘆洲",
              "Time": "10:50"
            },
            {
              "Dst": "蘆洲",
              "Time": "10:59"
            },
            {
              "Dst": "蘆洲",
              "Time": "11:07"
            },
            {
              "Dst": "蘆洲",
              "Time": "11:16"
            },
            {
              "Dst": "蘆洲",
              "Time": "11:24"
            },
            {
              "Dst": "蘆洲",
              "Time": "11:33"
            },
            {
              "Dst": "蘆洲",
              "Time": "11:41"
            },
            {
              "Dst": "蘆洲",
              "Time": "11:50"
            },
            {
              "Dst": "蘆洲",
              "Time": "11:58"
            },
            {
              "Dst": "蘆洲",
              "Time": "12:07"
            },
            {
              "Dst": "蘆洲",
              "Time": "12:15"
            },
            {
              "Dst": "蘆洲",
              "Time": "12:24"
            },
            {
              "Dst": "蘆洲",
              "Time": "12:32"
            },
            {
              "Dst": "蘆洲",
              "Time": "12:41"
            },
            {
              "Dst": "蘆洲",
              "Time": "12:49"
            },
            {
              "Dst": "蘆洲",
              "Time": "12:58"
            },
            {
              "Dst": "蘆洲",
              "Time": "13:06"
            },
            {
              "Dst": "蘆洲",
              "Time": "13:15"
            },
            {
              "Dst": "蘆洲",
              "Time": "13:23"
            },
            {
              "Dst": "蘆洲",
              "Time": "13:32"
            },
            {
              "Dst": "蘆洲",
              "Time": "13:40"
            },
            {
              "Dst": "蘆洲",
              "Time": "13:49"
            },
            {
              "Dst": "蘆洲",
              "Time": "13:57"
            },
            {
              "Dst": "蘆洲",
              "Time": "14:06"
            },
            {
              "Dst": "蘆洲",
              "Time": "14:14"
            },
            {
              "Dst": "蘆洲",
              "Time": "14:23"
            },
            {
              "Dst": "蘆洲",
              "Time": "14:31"
            },
            {
              "Dst": "蘆洲",
              "Time": "14:40"
            },
            {
              "Dst": "蘆洲",
              "Time": "14:48"
            },
            {
              "Dst": "蘆洲",
              "Time": "14:57"
            },
            {
              "Dst": "蘆洲",
              "Time": "15:05"
            },
            {
              "Dst": "蘆洲",
              "Time": "15:14"
            },
            {
              "Dst": "蘆洲",
              "Time": "15:22"
            },
            {
              "Dst": "蘆洲",
              "Time": "15:31"
            },
            {
              "Dst": "蘆洲",
              "Time": "15:39"
            },
            {
              "Dst": "蘆洲",
              "Time": "15:48"
            },
            {
              "Dst": "蘆洲",
              "Time": "15:56"
            },
            {
              "Dst": "蘆洲",
              "Time": "16:05"
            },
            {
              "Dst": "蘆洲",
              "Time": "16:13"
            },
            {
              "Dst": "蘆洲",
              "Time": "16:22"
            },
            {
              "Dst": "蘆洲",
              "Time": "16:30"
            },
            {
              "Dst": "蘆洲",
              "Time": "16:39"
            },
            {
              "Dst": "蘆洲",
              "Time": "16:47"
            },
            {
              "Dst": "蘆洲",
              "Time": "16:56"
            },
            {
              "Dst": "蘆洲",
              "Time": "17:04"
            },
            {
              "Dst": "蘆洲",
              "Time": "17:13"
            },
            {
              "Dst": "蘆洲",
              "Time": "17:21"
            },
            {
              "Dst": "蘆洲",
              "Time": "17:30"
            },
            {
              "Dst": "蘆洲",
              "Time": "17:38"
            },
            {
              "Dst": "蘆洲",
              "Time": "17:47"
            },
            {
              "Dst": "蘆洲",
              "Time": "17:55"
            },
            {
              "Dst": "蘆洲",
              "Time": "18:04"
            },
            {
              "Dst": "蘆洲",
              "Time": "18:12"
            },
            {
              "Dst": "蘆洲",
              "Time": "18:21"
            },
            {
              "Dst": "蘆洲",
              "Time": "18:29"
            },
            {
              "Dst": "蘆洲",
              "Time": "18:38"
            },
            {
              "Dst": "蘆洲",
              "Time": "18:46"
            },
            {
              "Dst": "蘆洲",
              "Time": "18:55"
            },
            {
              "Dst": "蘆洲",
              "Time": "19:03"
            },
            {
              "Dst": "蘆洲",
              "Time": "19:12"
            },
            {
              "Dst": "蘆洲",
              "Time": "19:21"
            },
            {
              "Dst": "蘆洲",
              "Time": "19:27"
            },
            {
              "Dst": "蘆洲",
              "Time": "19:36"
            },
            {
              "Dst": "蘆洲",
              "Time": "19:45"
            },
            {
              "Dst": "蘆洲",
              "Time": "19:54"
            },
            {
              "Dst": "蘆洲",
              "Time": "20:03"
            },
            {
              "Dst": "蘆洲",
              "Time": "20:11"
            },
            {
              "Dst": "蘆洲",
              "Time": "20:20"
            },
            {
              "Dst": "蘆洲",
              "Time": "20:28"
            },
            {
              "Dst": "蘆洲",
              "Time": "20:37"
            },
            {
              "Dst": "蘆洲",
              "Time": "20:44"
            },
            {
              "Dst": "蘆洲",
              "Time": "20:52"
            },
            {
              "Dst": "蘆洲",
              "Time": "21:01"
            },
            {
              "Dst": "蘆洲",
              "Time": "21:11"
            },
            {
              "Dst": "蘆洲",
              "Time": "21:20"
            },
            {
              "Dst": "蘆洲",
              "Time": "21:30"
            },
            {
              "Dst": "蘆洲",
              "Time": "21:40"
            },
            {
              "Dst": "蘆洲",
              "Time": "21:49"
            },
            {
              "Dst": "蘆洲",
              "Time": "21:59"
            },
            {
              "Dst": "蘆洲",
              "Time": "22:08"
            },
            {
              "Dst": "蘆洲",
              "Time": "22:18"
            },
            {
              "Dst": "蘆洲",
              "Time": "22:27"
            },
            {
              "Dst": "蘆洲",
              "Time": "22:37"
            },
            {
              "Dst": "蘆洲",
              "Time": "22:47"
            },
            {
              "Dst": "蘆洲",
              "Time": "22:56"
            },
            {
              "Dst": "蘆洲",
              "Time": "23:05"
            },
            {
              "Dst": "蘆洲",
              "Time": "23:14"
            },
            {
              "Dst": "蘆洲",
              "Time": "23:25"
            },
            {
              "Dst": "蘆洲",
              "Time": "23:37"
            },
            {
              "Dst": "蘆洲",
              "Time": "23:49"
            },
            {
              "Dst": "蘆洲",
              "Time": "00:01"
            },
            {
              "Dst": "蘆洲",
              "Time": "00:13"
            },
            {
              "Dst": "蘆洲",
              "Time": "00:25"
            },
            {
              "Dst": "蘆洲",
              "Time": "00:34"
            },
            {
              "Dst": "蘆洲",
              "Time": "00:52"
            }
          ]
        }
      ]
    },
    {
      "Direction": "往O01南勢角站",
      "EffectiveFrom": "2017-08-01",
      "Schedule": [
        {
          "Days": "1,2,3,4,5",
          "Departures": [
            {
              "Dst": "南勢角",
              "Time": "06:04"
            },
            {
              "Dst": "南勢角",
              "Time": "06:12"
            },
            {
              "Dst": "南勢角",
              "Time": "06:20"
            },
            {
              "Dst": "南勢角",
              "Time": "06:28"
            },
            {
              "Dst": "南勢角",
              "Time": "06:36"
            },
            {
              "Dst": "南勢角",
              "Time": "06:43"
            },
            {
              "Dst": "南勢角",
              "Time": "06:51"
            },
            {
              "Dst": "南勢角",
              "Time": "06:58"
            },
            {
              "Dst": "南勢角",
              "Time": "07:05"
            },
            {
              "Dst": "南勢角",
              "Time": "07:11"
            },
            {
              "Dst": "南勢角",
              "Time": "07:17"
            },
            {
              "Dst": "南勢角",
              "Time": "07:23"
            },
            {
              "Dst": "南勢角",
              "Time": "07:28"
            },
            {
              "Dst": "南勢角",
              "Time": "07:35"
            },
            {
              "Dst": "南勢角",
              "Time": "07:40"
            },
            {
              "Dst": "南勢角",
              "Time": "07:46"
            },
            {
              "Dst": "南勢角",
              "Time": "07:51"
            },
            {
              "Dst": "南勢角",
              "Time": "07:56"
            },
            {
              "Dst": "南勢角",
              "Time": "08:01"
            },
            {
              "Dst": "南勢角",
              "Time": "08:06"
            },
            {
              "Dst": "南勢角",
              "Time": "08:11"
            },
            {
              "Dst": "南勢角",
              "Time": "08:16"
            },
            {
              "Dst": "南勢角",
              "Time": "08:21"
            },
            {
              "Dst": "南勢角",
              "Time": "08:26"
            },
            {
              "Dst": "南勢角",
              "Time": "08:32"
            },
            {
              "Dst": "南勢角",
              "Time": "08:38"
            },
            {
              "Dst": "南勢角",
              "Time": "08:44"
            },
            {
              "Dst": "南勢角",
              "Time": "08:50"
            },
            {
              "Dst": "南勢角",
              "Time": "08:56"
            },
            {
              "Dst": "南勢角",
              "Time": "09:02"
            },
            {
              "Dst": "南勢角",
              "Time": "09:10"
            },
            {
              "Dst": "南勢角",
              "Time": "09:17"
            },
            {
              "Dst": "南勢角",
              "Time": "09:26"
            },
            {
              "Dst": "南勢角",
              "Time": "09:34"
            },
            {
              "Dst": "南勢角",
              "Time": "09:43"
            },
            {
              "Dst": "南勢角",
              "Time": "09:51"
            },
            {
              "Dst": "南勢角",
              "Time": "10:00"
            },
            {
              "Dst": "南勢角",
              "Time": "10:08"
            },
            {
              "Dst": "南勢角",
              "Time": "10:17"
            },
            {
              "Dst": "南勢角",
              "Time": "10:25"
            },
            {
              "Dst": "南勢角",
              "Time": "10:34"
            },
            {
              "Dst": "南勢角",
              "Time": "10:42"
            },
            {
              "Dst": "南勢角",
              "Time": "10:51"
            },
            {
              "Dst": "南勢角",
              "Time": "10:59"
            },
            {
              "Dst": "南勢角",
              "Time": "11:08"
            },
            {
              "Dst": "南勢角",
              "Time": "11:16"
            },
            {
              "Dst": "南勢角",
              "Time": "11:25"
            },
            {
              "Dst": "南勢角",
              "Time": "11:33"
            },
            {
              "Dst": "南勢角",
              "Time": "11:42"
            },
            {
              "Dst": "南勢角",
              "Time": "11:50"
            },
            {
              "Dst": "南勢角",
              "Time": "11:59"
            },
            {
              "Dst": "南勢角",
              "Time": "12:07"
            },
            {
              "Dst": "南勢角",
              "Time": "12:16"
            },
            {
              "Dst": "南勢角",
              "Time": "12:24"
            },
            {
              "Dst": "南勢角",
              "Time": "12:33"
            },
            {
              "Dst": "南勢角",
              "Time": "12:41"
            },
            {
              "Dst": "南勢角",
              "Time": "12:50"
            },
            {
              "Dst": "南勢角",
              "Time": "12:58"
            },
            {
              "Dst": "南勢角",
              "Time": "13:07"
            },
            {
              "Dst": "南勢角",
              "Time": "13:15"
            },
            {
              "Dst": "南勢角",
              "Time": "13:24"
            },
            {
              "Dst": "南勢角",
              "Time": "13:32"
            },
            {
              "Dst": "南勢角",
              "Time": "13:41"
            },
            {
              "Dst": "南勢角",
              "Time": "13:49"
            },
            {
              "Dst": "南勢角",
              "Time": "13:58"
            },
            {
              "Dst": "南勢角",
              "Time": "14:06"
            },
            {
              "Dst": "南勢角",
              "Time": "14:15"
            },
            {
              "Dst": "南勢角",
              "Time": "14:23"
            },
            {
              "Dst": "南勢角",
              "Time": "14:32"
            },
            {
              "Dst": "南勢角",
              "Time": "14:40"
            },
            {
              "Dst": "南勢角",
              "Time": "14:49"
            },
            {
              "Dst": "南勢角",
              "Time": "14:57"
            },
            {
              "Dst": "南勢角",
              "Time": "15:06"
            },
            {
              "Dst": "南勢角",
              "Time": "15:14"
            },
            {
              "Dst": "南勢角",
              "Time": "15:23"
            },
            {
              "Dst": "南勢角",
              "Time": "15:31"
            },
            {
              "Dst": "南勢角",
              "Time": "15:40"
            },
            {
              "Dst": "南勢角",
              "Time": "15:48"
            },
            {
              "Dst": "南勢角",
              "Time": "15:57"
            },
            {
              "Dst": "南勢角",
              "Time": "16:05"
            },
            {
              "Dst": "南勢角",
              "Time": "16:14"
            },
            {
              "Dst": "南勢角",
              "Time": "16:22"
            },
            {
              "Dst": "南勢角",
              "Time": "16:30"
            },
            {
              "Dst": "南勢角",
              "Time": "16:37"
            },
            {
              "Dst": "南勢角",
              "Time": "16:43"
            },
            {
              "Dst": "南勢角",
              "Time": "16:49"
            },
            {
              "Dst": "南勢角",
              "Time": "16:56"
            },
            {
              "Dst": "南勢角",
              "Time": "17:02"
            },
            {
              "Dst": "南勢角",
              "Time": "17:08"
            },
            {
              "Dst": "南勢角",
              "Time": "17:15"
            },
            {
              "Dst": "南勢角",
              "Time": "17:21"
            },
            {
              "Dst": "南勢角",
              "Time": "17:27"
            },
            {
              "Dst": "南勢角",
              "Time": "17:34"
            },
            {
              "Dst": "南勢角",
              "Time": "17:40"
            },
            {
              "Dst": "南勢角",
              "Time": "17:46"
            },
            {
              "Dst": "南勢角",
              "Time": "17:53"
            },
            {
              "Dst": "南勢角",
              "Time": "17:59"
            },
            {
              "Dst": "南勢角",
              "Time": "18:05"
            },
            {
              "Dst": "南勢角",
              "Time": "18:12"
            },
            {
              "Dst": "南勢角",
              "Time": "18:18"
            },
            {
              "Dst": "南勢角",
              "Time": "18:24"
            },
            {
              "Dst": "南勢角",
              "Time": "18:31"
            },
            {
              "Dst": "南勢角",
              "Time": "18:37"
            },
            {
              "Dst": "南勢角",
              "Time": "18:43"
            },
            {
              "Dst": "南勢角",
              "Time": "18:50"
            },
            {
              "Dst": "南勢角",
              "Time": "18:56"
            },
            {
              "Dst": "南勢角",
              "Time": "19:02"
            },
            {
              "Dst": "南勢角",
              "Time": "19:09"
            },
            {
              "Dst": "南勢角",
              "Time": "19:15"
            },
            {
              "Dst": "南勢角",
              "Time": "19:22"
            },
            {
              "Dst": "南勢角",
              "Time": "19:30"
            },
            {
              "Dst": "南勢角",
              "Time": "19:38"
            },
            {
              "Dst": "南勢角",
              "Time": "19:46"
            },
            {
              "Dst": "南勢角",
              "Time": "19:54"
            },
            {
              "Dst": "南勢角",
              "Time": "20:02"
            },
            {
              "Dst": "南勢角",
              "Time": "20:10"
            },
            {
              "Dst": "南勢角",
              "Time": "20:18"
            },
            {
              "Dst": "南勢角",
              "Time": "20:26"
            },
            {
              "Dst": "南勢角",
              "Time": "20:34"
            },
            {
              "Dst": "南勢角",
              "Time": "20:43"
            },
            {
              "Dst": "南勢角",
              "Time": "20:51"
            },
            {
              "Dst": "南勢角",
              "Time": "20:59"
            },
            {
              "Dst": "南勢角",
              "Time": "21:07"
            },
            {
              "Dst": "南勢角",
              "Time": "21:15"
            },
            {
              "Dst": "南勢角",
              "Time": "21:23"
            },
            {
              "Dst": "南勢角",
              "Time": "21:31"
            },
            {
              "Dst": "南勢角",
              "Time": "21:39"
            },
            {
              "Dst": "南勢角",
              "Time": "21:47"
            },
            {
              "Dst": "南勢角",
              "Time": "21:55"
            },
            {
              "Dst": "南勢角",
              "Time": "22:03"
            },
            {
              "Dst": "南勢角",
              "Time": "22:11"
            },
            {
              "Dst": "南勢角",
              "Time": "22:19"
            },
            {
              "Dst": "南勢角",
              "Time": "22:27"
            },
            {
              "Dst": "南勢角",
              "Time": "22:35"
            },
            {
              "Dst": "南勢角",
              "Time": "22:44"
            },
            {
              "Dst": "南勢角",
              "Time": "22:55"
            },
            {
              "Dst": "南勢角",
              "Time": "23:07"
            },
            {
              "Dst": "南勢角",
              "Time": "23:19"
            },
            {
              "Dst": "南勢角",
              "Time": "23:31"
            },
            {
              "Dst": "南勢角",
              "Time": "23:43"
            },
            {
              "Dst": "南勢角",
              "Time": "23:55"
            },
            {
              "Dst": "南勢角",
              "Time": "00:05"
            }
          ]
        },
        {
          "Days": "6",
          "Departures": [
            {
              "Dst": "南勢角",
              "Time": "06:04"
            },
            {
              "Dst": "南勢角",
              "Time": "06:12"
            },
            {
              "Dst": "南勢角",
              "Time": "06:20"
            },
            {
              "Dst": "南勢角",
              "Time": "06:28"
            },
            {
              "Dst": "南勢角",
              "Time": "06:36"
            },
            {
              "Dst": "南勢角",
              "Time": "06:44"
            },
            {
              "Dst": "南勢角",
              "Time": "06:54"
            },
            {
              "Dst": "南勢角",
              "Time": "07:03"
            },
            {
              "Dst": "南勢角",
              "Time": "07:13"
            },
            {
              "Dst": "南勢角",
              "Time": "07:22"
            },
            {
              "Dst": "南勢角",
              "Time": "07:32"
            },
            {
              "Dst": "南勢角",
              "Time": "07:42"
            },
            {
              "Dst": "南勢角",
              "Time": "07:51"
            },
            {
              "Dst": "南勢角",
              "Time": "08:01"
            },
            {
              "Dst": "南勢角",
              "Time": "08:10"
            },
            {
              "Dst": "南勢角",
              "Time": "08:20"
            },
            {
              "Dst": "南勢角",
              "Time": "08:29"
            },
            {
              "Dst": "南勢角",
              "Time": "08:39"
            },
            {
              "Dst": "南勢角",
              "Time": "08:48"
            },
            {
              "Dst": "南勢角",
              "Time": "08:57"
            },
            {
              "Dst": "南勢角",
              "Time": "09:05"
            },
            {
              "Dst": "南勢角",
              "Time": "09:14"
            },
            {
              "Dst": "南勢角",
              "Time": "09:22"
            },
            {
              "Dst": "南勢角",
              "Time": "09:30"
            },
            {
              "Dst": "南勢角",
              "Time": "09:38"
            },
            {
              "Dst": "南勢角",
              "Time": "09:46"
            },
            {
              "Dst": "南勢角",
              "Time": "09:55"
            },
            {
              "Dst": "南勢角",
              "Time": "10:04"
            },
            {
              "Dst": "南勢角",
              "Time": "10:13"
            },
            {
              "Dst": "南勢角",
              "Time": "10:20"
            },
            {
              "Dst": "南勢角",
              "Time": "10:29"
            },
            {
              "Dst": "南勢角",
              "Time": "10:37"
            },
            {
              "Dst": "南勢角",
              "Time": "10:46"
            },
            {
              "Dst": "南勢角",
              "Time": "10:54"
            },
            {
              "Dst": "南勢角",
              "Time": "11:03"
            },
            {
              "Dst": "南勢角",
              "Time": "11:11"
            },
            {
              "Dst": "南勢角",
              "Time": "11:20"
            },
            {
              "Dst": "南勢角",
              "Time": "11:28"
            },
            {
              "Dst": "南勢角",
              "Time": "11:37"
            },
            {
              "Dst": "南勢角",
              "Time": "11:45"
            },
            {
              "Dst": "南勢角",
              "Time": "11:54"
            },
            {
              "Dst": "南勢角",
              "Time": "12:02"
            },
            {
              "Dst": "南勢角",
              "Time": "12:11"
            },
            {
              "Dst": "南勢角",
              "Time": "12:19"
            },
            {
              "Dst": "南勢角",
              "Time": "12:28"
            },
            {
              "Dst": "南勢角",
              "Time": "12:36"
            },
            {
              "Dst": "南勢角",
              "Time": "12:45"
            },
            {
              "Dst": "南勢角",
              "Time": "12:53"
            },
            {
              "Dst": "南勢角",
              "Time": "13:02"
            },
            {
              "Dst": "南勢角",
              "Time": "13:10"
            },
            {
              "Dst": "南勢角",
              "Time": "13:19"
            },
            {
              "Dst": "南勢角",
              "Time": "13:27"
            },
            {
              "Dst": "南勢角",
              "Time": "13:36"
            },
            {
              "Dst": "南勢角",
              "Time": "13:44"
            },
            {
              "Dst": "南勢角",
              "Time": "13:53"
            },
            {
              "Dst": "南勢角",
              "Time": "14:01"
            },
            {
              "Dst": "南勢角",
              "Time": "14:10"
            },
            {
              "Dst": "南勢角",
              "Time": "14:18"
            },
            {
              "Dst": "南勢角",
              "Time": "14:27"
            },
            {
              "Dst": "南勢角",
              "Time": "14:35"
            },
            {
              "Dst": "南勢角",
              "Time": "14:44"
            },
            {
              "Dst": "南勢角",
              "Time": "14:52"
            },
            {
              "Dst": "南勢角",
              "Time": "15:01"
            },
            {
              "Dst": "南勢角",
              "Time": "15:09"
            },
            {
              "Dst": "南勢角",
              "Time": "15:18"
            },
            {
              "Dst": "南勢角",
              "Time": "15:26"
            },
            {
              "Dst": "南勢角",
              "Time": "15:35"
            },
            {
              "Dst": "南勢角",
              "Time": "15:43"
            },
            {
              "Dst": "南勢角",
              "Time": "15:52"
            },
            {
              "Dst": "南勢角",
              "Time": "16:00"
            },
            {
              "Dst": "南勢角",
              "Time": "16:09"
            },
            {
              "Dst": "南勢角",
              "Time": "16:17"
            },
            {
              "Dst": "南勢角",
              "Time": "16:26"
            },
            {
              "Dst": "南勢角",
              "Time": "16:34"
            },
            {
              "Dst": "南勢角",
              "Time": "16:43"
            },
            {
              "Dst": "南勢角",
              "Time": "16:51"
            },
            {
              "Dst": "南勢角",
              "Time": "17:00"
            },
            {
              "Dst": "南勢角",
              "Time": "17:08"
            },
            {
              "Dst": "南勢角",
              "Time": "17:17"
            },
            {
              "Dst": "南勢角",
              "Time": "17:25"
            },
            {
              "Dst": "南勢角",
              "Time": "17:34"
            },
            {
              "Dst": "南勢角",
              "Time": "17:42"
            },
            {
              "Dst": "南勢角",
              "Time": "17:51"
            },
            {
              "Dst": "南勢角",
              "Time": "17:59"
            },
            {
              "Dst": "南勢角",
              "Time": "18:08"
            },
            {
              "Dst": "南勢角",
              "Time": "18:16"
            },
            {
              "Dst": "南勢角",
              "Time": "18:25"
            },
            {
              "Dst": "南勢角",
              "Time": "18:33"
            },
            {
              "Dst": "南勢角",
              "Time": "18:42"
            },
            {
              "Dst": "南勢角",
              "Time": "18:50"
            },
            {
              "Dst": "南勢角",
              "Time": "18:59"
            },
            {
              "Dst": "南勢角",
              "Time": "19:08"
            },
            {
              "Dst": "南勢角",
              "Time": "19:17"
            },
            {
              "Dst": "南勢角",
              "Time": "19:27"
            },
            {
              "Dst": "南勢角",
              "Time": "19:36"
            },
            {
              "Dst": "南勢角",
              "Time": "19:46"
            },
            {
              "Dst": "南勢角",
              "Time": "19:55"
            },
            {
              "Dst": "南勢角",
              "Time": "20:05"
            },
            {
              "Dst": "南勢角",
              "Time": "20:14"
            },
            {
              "Dst": "南勢角",
              "Time": "20:24"
            },
            {
              "Dst": "南勢角",
              "Time": "20:33"
            },
            {
              "Dst": "南勢角",
              "Time": "20:43"
            },
            {
              "Dst": "南勢角",
              "Time": "20:52"
            },
            {
              "Dst": "南勢角",
              "Time": "21:02"
            },
            {
              "Dst": "南勢角",
              "Time": "21:12"
            },
            {
              "Dst": "南勢角",
              "Time": "21:21"
            },
            {
              "Dst": "南勢角",
              "Time": "21:31"
            },
            {
              "Dst": "南勢角",
              "Time": "21:40"
            },
            {
              "Dst": "南勢角",
              "Time": "21:50"
            },
            {
              "Dst": "南勢角",
              "Time": "21:59"
            },
            {
              "Dst": "南勢角",
              "Time": "22:09"
            },
            {
              "Dst": "南勢角",
              "Time": "22:18"
            },
            {
              "Dst": "南勢角",
              "Time": "22:28"
            },
            {
              "Dst": "南勢角",
              "Time": "22:37"
            },
            {
              "Dst": "南勢角",
              "Time": "22:47"
            },
            {
              "Dst": "南勢角",
              "Time": "22:57"
            },
            {
              "Dst": "南勢角",
              "Time": "23:07"
            },
            {
              "Dst": "南勢角",
              "Time": "23:19"
            },
            {
              "Dst": "南勢角",
              "Time": "23:31"
            },
            {
              "Dst": "南勢角",
              "Time": "23:43"
            },
            {
              "Dst": "南勢角",
              "Time": "23:55"
            },
            {
              "Dst": "南勢角",
              "Time": "00:05"
            }
          ]
        },
        {
          "Days": "7",
          "Departures": [
            {
              "Dst": "南勢角",
              "Time": "06:04"
            },
            {
              "Dst": "南勢角",
              "Time": "06:12"
            },
            {
              "Dst": "南勢角",
              "Time": "06:20"
            },
            {
              "Dst": "南勢角",
              "Time": "06:28"
            },
            {
              "Dst": "南勢角",
              "Time": "06:36"
            },
            {
              "Dst": "南勢角",
              "Time": "06:44"
            },
            {
              "Dst": "南勢角",
              "Time": "06:54"
            },
            {
              "Dst": "南勢角",
              "Time": "07:03"
            },
            {
              "Dst": "南勢角",
              "Time": "07:13"
            },
            {
              "Dst": "南勢角",
              "Time": "07:22"
            },
            {
              "Dst": "南勢角",
              "Time": "07:32"
            },
            {
              "Dst": "南勢角",
              "Time": "07:42"
            },
            {
              "Dst": "南勢角",
              "Time": "07:51"
            },
            {
              "Dst": "南勢角",
              "Time": "08:01"
            },
            {
              "Dst": "南勢角",
              "Time": "08:10"
            },
            {
              "Dst": "南勢角",
              "Time": "08:20"
            },
            {
              "Dst": "南勢角",
              "Time": "08:29"
            },
            {
              "Dst": "南勢角",
              "Time": "08:39"
            },
            {
              "Dst": "南勢角",
              "Time": "08:48"
            },
            {
              "Dst": "南勢角",
              "Time": "08:57"
            },
            {
              "Dst": "南勢角",
              "Time": "09:05"
            },
            {
              "Dst": "南勢角",
              "Time": "09:14"
            },
            {
              "Dst": "南勢角",
              "Time": "09:22"
            },
            {
              "Dst": "南勢角",
              "Time": "09:30"
            },
            {
              "Dst": "南勢角",
              "Time": "09:38"
            },
            {
              "Dst": "南勢角",
              "Time": "09:46"
            },
            {
              "Dst": "南勢角",
              "Time": "09:55"
            },
            {
              "Dst": "南勢角",
              "Time": "10:04"
            },
            {
              "Dst": "南勢角",
              "Time": "10:13"
            },
            {
              "Dst": "南勢角",
              "Time": "10:20"
            },
            {
              "Dst": "南勢角",
              "Time": "10:29"
            },
            {
              "Dst": "南勢角",
              "Time": "10:37"
            },
            {
              "Dst": "南勢角",
              "Time": "10:46"
            },
            {
              "Dst": "南勢角",
              "Time": "10:54"
            },
            {
              "Dst": "南勢角",
              "Time": "11:03"
            },
            {
              "Dst": "南勢角",
              "Time": "11:11"
            },
            {
              "Dst": "南勢角",
              "Time": "11:20"
            },
            {
              "Dst": "南勢角",
              "Time": "11:28"
            },
            {
              "Dst": "南勢角",
              "Time": "11:37"
            },
            {
              "Dst": "南勢角",
              "Time": "11:45"
            },
            {
              "Dst": "南勢角",
              "Time": "11:54"
            },
            {
              "Dst": "南勢角",
              "Time": "12:02"
            },
            {
              "Dst": "南勢角",
              "Time": "12:11"
            },
            {
              "Dst": "南勢角",
              "Time": "12:19"
            },
            {
              "Dst": "南勢角",
              "Time": "12:28"
            },
            {
              "Dst": "南勢角",
              "Time": "12:36"
            },
            {
              "Dst": "南勢角",
              "Time": "12:45"
            },
            {
              "Dst": "南勢角",
              "Time": "12:53"
            },
            {
              "Dst": "南勢角",
              "Time": "13:02"
            },
            {
              "Dst": "南勢角",
              "Time": "13:10"
            },
            {
              "Dst": "南勢角",
              "Time": "13:19"
            },
            {
              "Dst": "南勢角",
              "Time": "13:27"
            },
            {
              "Dst": "南勢角",
              "Time": "13:36"
            },
            {
              "Dst": "南勢角",
              "Time": "13:44"
            },
            {
              "Dst": "南勢角",
              "Time": "13:53"
            },
            {
              "Dst": "南勢角",
              "Time": "14:01"
            },
            {
              "Dst": "南勢角",
              "Time": "14:10"
            },
            {
              "Dst": "南勢角",
              "Time": "14:18"
            },
            {
              "Dst": "南勢角",
              "Time": "14:27"
            },
            {
              "Dst": "南勢角",
              "Time": "14:35"
            },
            {
              "Dst": "南勢角",
              "Time": "14:44"
            },
            {
              "Dst": "南勢角",
              "Time": "14:52"
            },
            {
              "Dst": "南勢角",
              "Time": "15:01"
            },
            {
              "Dst": "南勢角",
              "Time": "15:09"
            },
            {
              "Dst": "南勢角",
              "Time": "15:18"
            },
            {
              "Dst": "南勢角",
              "Time": "15:26"
            },
            {
              "Dst": "南勢角",
              "Time": "15:35"
            },
            {
              "Dst": "南勢角",
              "Time": "15:43"
            },
            {
              "Dst": "南勢角",
              "Time": "15:52"
            },
            {
              "Dst": "南勢角",
              "Time": "16:00"
            },
            {
              "Dst": "南勢角",
              "Time": "16:09"
            },
            {
              "Dst": "南勢角",
              "Time": "16:17"
            },
            {
              "Dst": "南勢角",
              "Time": "16:26"
            },
            {
              "Dst": "南勢角",
              "Time": "16:34"
            },
            {
              "Dst": "南勢角",
              "Time": "16:43"
            },
            {
              "Dst": "南勢角",
              "Time": "16:51"
            },
            {
              "Dst": "南勢角",
              "Time": "17:00"
            },
            {
              "Dst": "南勢角",
              "Time": "17:08"
            },
            {
              "Dst": "南勢角",
              "Time": "17:17"
            },
            {
              "Dst": "南勢角",
              "Time": "17:25"
            },
            {
              "Dst": "南勢角",
              "Time": "17:34"
            },
            {
              "Dst": "南勢角",
              "Time": "17:42"
            },
            {
              "Dst": "南勢角",
              "Time": "17:51"
            },
            {
              "Dst": "南勢角",
              "Time": "17:59"
            },
            {
              "Dst": "南勢角",
              "Time": "18:08"
            },
            {
              "Dst": "南勢角",
              "Time": "18:16"
            },
            {
              "Dst": "南勢角",
              "Time": "18:25"
            },
            {
              "Dst": "南勢角",
              "Time": "18:33"
            },
            {
              "Dst": "南勢角",
              "Time": "18:42"
            },
            {
              "Dst": "南勢角",
              "Time": "18:50"
            },
            {
              "Dst": "南勢角",
              "Time": "18:59"
            },
            {
              "Dst": "南勢角",
              "Time": "19:08"
            },
            {
              "Dst": "南勢角",
              "Time": "19:17"
            },
            {
              "Dst": "南勢角",
              "Time": "19:27"
            },
            {
              "Dst": "南勢角",
              "Time": "19:36"
            },
            {
              "Dst": "南勢角",
              "Time": "19:46"
            },
            {
              "Dst": "南勢角",
              "Time": "19:55"
            },
            {
              "Dst": "南勢角",
              "Time": "20:05"
            },
            {
              "Dst": "南勢角",
              "Time": "20:14"
            },
            {
              "Dst": "南勢角",
              "Time": "20:24"
            },
            {
              "Dst": "南勢角",
              "Time": "20:33"
            },
            {
              "Dst": "南勢角",
              "Time": "20:43"
            },
            {
              "Dst": "南勢角",
              "Time": "20:52"
            },
            {
              "Dst": "南勢角",
              "Time": "21:02"
            },
            {
              "Dst": "南勢角",
              "Time": "21:12"
            },
            {
              "Dst": "南勢角",
              "Time": "21:21"
            },
            {
              "Dst": "南勢角",
              "Time": "21:31"
            },
            {
              "Dst": "南勢角",
              "Time": "21:40"
            },
            {
              "Dst": "南勢角",
              "Time": "21:50"
            },
            {
              "Dst": "南勢角",
              "Time": "21:59"
            },
            {
              "Dst": "南勢角",
              "Time": "22:09"
            },
            {
              "Dst": "南勢角",
              "Time": "22:18"
            },
            {
              "Dst": "南勢角",
              "Time": "22:28"
            },
            {
              "Dst": "南勢角",
              "Time": "22:37"
            },
            {
              "Dst": "南勢角",
              "Time": "22:47"
            },
            {
              "Dst": "南勢角",
              "Time": "22:57"
            },
            {
              "Dst": "南勢角",
              "Time": "23:07"
            },
            {
              "Dst": "南勢角",
              "Time": "23:19"
            },
            {
              "Dst": "南勢角",
              "Time": "23:31"
            },
            {
              "Dst": "南勢角",
              "Time": "23:43"
            },
            {
              "Dst": "南勢角",
              "Time": "23:55"
            },
            {
              "Dst": "南勢角",
              "Time": "00:05"
            }
          ]
        }
      ]
    }
  ]
}