{
  "StationCode": "O53",
  "StationName": "三民高中",
  "Timetables": [
    {
      "Direction": "往O54蘆洲站",
      "EffectiveFrom": "2017-08-01",
      "Schedule": [
        {
          "Days": "1,2,3,4,5",
          "Departures": [
            {
              "Dst": "蘆洲",
              "Time": "06:02"
            },
            {
              "Dst": "蘆洲",
              "Time": "06:10"
            },
            {
              "Dst": "蘆洲",
              "Time": "06:18"
            },
            {
              "Dst": "蘆洲",
              "Time": "06:29"
            },
            {
              "Dst": "蘆洲",
              "Time": "06:36"
            },
            {
              "Dst": "蘆洲",
              "Time": "06:44"
            },
            {
              "Dst": "蘆洲",
              "Time": "06:51"
            },
            {
              "Dst": "蘆洲",
              "Time": "07:00"
            },
            {
              "Dst": "蘆洲",
              "Time": "07:07"
            },
            {
              "Dst": "蘆洲",
              "Time": "07:15"
            },
            {
              "Dst": "蘆洲",
              "Time": "07:23"
            },
            {
              "Dst": "蘆洲",
              "Time": "07:31"
            },
            {
              "Dst": "蘆洲",
              "Time": "07:39"
            },
            {
              "Dst": "蘆洲",
              "Time": "07:47"
            },
            {
              "Dst": "蘆洲",
              "Time": "07:54"
            },
            {
              "Dst": "蘆洲",
              "Time": "08:00"
            },
            {
              "Dst": "蘆洲",
              "Time": "08:07"
            },
            {
              "Dst": "蘆洲",
              "Time": "08:13"
            },
            {
              "Dst": "蘆洲",
              "Time": "08:18"
            },
            {
              "Dst": "蘆洲",
              "Time": "08:24"
            },
            {
              "Dst": "蘆洲",
              "Time": "08:30"
            },
            {
              "Dst": "蘆洲",
              "Time": "08:36"
            },
            {
              "Dst": "蘆洲",
              "Time": "08:42"
            },
            {
              "Dst": "蘆洲",
              "Time": "08:48"
            },
            {
              "Dst": "蘆洲",
              "Time": "08:54"
            },
            {
              "Dst": "蘆洲",
              "Time": "09:00"
            },
            {
              "Dst": "蘆洲",
              "Time": "09:04"
            },
            {
              "Dst": "蘆洲",
              "Time": "09:09"
            },
            {
              "Dst": "蘆洲",
              "Time": "09:15"
            },
            {
              "Dst": "蘆洲",
              "Time": "09:20"
            },
            {
              "Dst": "蘆洲",
              "Time": "09:25"
            },
            {
              "Dst": "蘆洲",
              "Time": "09:30"
            },
            {
              "Dst": "蘆洲",
              "Time": "09:35"
            },
            {
              "Dst": "蘆洲",
              "Time": "09:41"
            },
            {
              "Dst": "蘆洲",
              "Time": "09:47"
            },
            {
              "Dst": "蘆洲",
              "Time": "09:53"
            },
            {
              "Dst": "蘆洲",
              "Time": "10:00"
            },
            {
              "Dst": "蘆洲",
              "Time": "10:07"
            },
            {
              "Dst": "蘆洲",
              "Time": "10:15"
            },
            {
              "Dst": "蘆洲",
              "Time": "10:23"
            },
            {
              "Dst": "蘆洲",
              "Time": "10:31"
            },
            {
              "Dst": "蘆洲",
              "Time": "10:40"
            },
            {
              "Dst": "蘆洲",
              "Time": "10:48"
            },
            {
              "Dst": "蘆洲",
              "Time": "10:57"
            },
            {
              "Dst": "蘆洲",
              "Time": "11:05"
            },
            {
              "Dst": "蘆洲",
              "Time": "11:14"
            },
            {
              "Dst": "蘆洲",
              "Time": "11:22"
            },
            {
              "Dst": "蘆洲",
              "Time": "11:31"
            },
            {
              "Dst": "蘆洲",
              "Time": "11:39"
            },
            {
              "Dst": "蘆洲",
              "Time": "11:48"
            },
            {
              "Dst": "蘆洲",
              "Time": "11:56"
            },
            {
              "Dst": "蘆洲",
              "Time": "12:05"
            },
            {
              "Dst": "蘆洲",
              "Time": "12:13"
            },
            {
              "Dst": "蘆洲",
              "Time": "12:22"
            },
            {
              "Dst": "蘆洲",
              "Time": "12:30"
            },
            {
              "Dst": "蘆洲",
              "Time": "12:39"
            },
            {
              "Dst": "蘆洲",
              "Time": "12:47"
            },
            {
              "Dst": "蘆洲",
              "Time": "12:56"
            },
            {
              "Dst": "蘆洲",
              "Time": "13:04"
            },
            {
              "Dst": "蘆洲",
              "Time": "13:13"
            },
            {
              "Dst": "蘆洲",
              "Time": "13:21"
            },
            {
              "Dst": "蘆洲",
              "Time": "13:30"
            },
            {
              "Dst": "蘆洲",
              "Time": "13:38"
            },
            {
              "Dst": "蘆洲",
              "Time": "13:47"
            },
            {
              "Dst": "蘆洲",
              "Time": "13:55"
            },
            {
              "Dst": "蘆洲",
              "Time": "14:04"
            },
            {
              "Dst": "蘆洲",
              "Time": "14:12"
            },
            {
              "Dst": "蘆洲",
              "Time": "14:21"
            },
            {
              "Dst": "蘆洲",
              "Time": "14:29"
            },
            {
              "Dst": "蘆洲",
              "Time": "14:38"
            },
            {
              "Dst": "蘆洲",
              "Time": "14:46"
            },
            {
              "Dst": "蘆洲",
              "Time": "14:55"
            },
            {
              "Dst": "蘆洲",
              "Time": "15:03"
            },
            {
              "Dst": "蘆洲",
              "Time": "15:12"
            },
            {
              "Dst": "蘆洲",
              "Time": "15:20"
            },
            {
              "Dst": "蘆洲",
              "Time": "15:29"
            },
            {
              "Dst": "蘆洲",
              "Time": "15:37"
            },
            {
              "Dst": "蘆洲",
              "Time": "15:46"
            },
            {
              "Dst": "蘆洲",
              "Time": "15:54"
            },
            {
              "Dst": "蘆洲",
              "Time": "16:02"
            },
            {
              "Dst": "蘆洲",
              "Time": "16:09"
            },
            {
              "Dst": "蘆洲",
              "Time": "16:18"
            },
            {
              "Dst": "蘆洲",
              "Time": "16:26"
            },
            {
              "Dst": "蘆洲",
              "Time": "16:35"
            },
            {
              "Dst": "蘆洲",
              "Time": "16:43"
            },
            {
              "Dst": "蘆洲",
              "Time": "16:52"
            },
            {
              "Dst": "蘆洲",
              "Time": "17:00"
            },
            {
              "Dst": "蘆洲",
              "Time": "17:09"
            },
            {
              "Dst": "蘆洲",
              "Time": "17:17"
            },
            {
              "Dst": "蘆洲",
              "Time": "17:26"
            },
            {
              "Dst": "蘆洲",
              "Time": "17:35"
            },
            {
              "Dst": "蘆洲",
              "Time": "17:42"
            },
            {
              "Dst": "蘆洲",
              "Time": "17:49"
            },
            {
              "Dst": "蘆洲",
              "Time": "17:55"
            },
            {
              "Dst": "蘆洲",
              "Time": "18:01"
            },
            {
              "Dst": "蘆洲",
              "Time": "18:08"
            },
            {
              "Dst": "蘆洲",
              "Time": "18:14"
            },
            {
              "Dst": "蘆洲",
              "Time": "18:20"
            },
            {
              "Dst": "蘆洲",
              "Time": "18:27"
            },
            {
              "Dst": "蘆洲",
              "Time": "18:33"
            },
            {
              "Dst": "蘆洲",
              "Time": "18:39"
            },
            {
              "Dst": "蘆洲",
              "Time": "18:46"
            },
            {
              "Dst": "蘆洲",
              "Time": "18:52"
            },
            {
              "Dst": "蘆洲",
              "Time": "18:58"
            },
            {
              "Dst": "蘆洲",
              "Time": "19:05"
            },
            {
              "Dst": "蘆洲",
              "Time": "19:11"
            },
            {
              "Dst": "蘆洲",
              "Time": "19:15"
            },
            {
              "Dst": "蘆洲",
              "Time": "19:22"
            },
            {
              "Dst": "蘆洲",
              "Time": "19:30"
            },
            {
              "Dst": "蘆洲",
              "Time": "19:36"
            },
            {
              "Dst": "蘆洲",
              "Time": "19:43"
            },
            {
              "Dst": "蘆洲",
              "Time": "19:50"
            },
            {
              "Dst": "蘆洲",
              "Time": "19:55"
            },
            {
              "Dst": "蘆洲",
              "Time": "20:02"
            },
            {
              "Dst": "蘆洲",
              "Time": "20:08"
            },
            {
              "Dst": "蘆洲",
              "Time": "20:14"
            },
            {
              "Dst": "蘆洲",
              "Time": "20:19"
            },
            {
              "Dst": "蘆洲",
              "Time": "20:26"
            },
            {
              "Dst": "蘆洲",
              "Time": "20:34"
            },
            {
              "Dst": "蘆洲",
              "Time": "20:42"
            },
            {
              "Dst": "蘆洲",
              "Time": "20:50"
            },
            {
              "Dst": "蘆洲",
              "Time": "20:58"
            },
            {
              "Dst": "蘆洲",
              "Time": "21:06"
            },
            {
              "Dst": "蘆洲",
              "Time": "21:14"
            },
            {
              "Dst": "蘆洲",
              "Time": "21:22"
            },
            {
              "Dst": "蘆洲",
              "Time": "21:30"
            },
            {
              "Dst": "蘆洲",
              "Time": "21:38"
            },
            {
              "Dst": "蘆洲",
              "Time": "21:46"
            },
            {
              "Dst": "蘆洲",
              "Time": "21:54"
            },
            {
              "Dst": "蘆洲",
              "Time": "22:02"
            },
            {
              "Dst": "蘆洲",
              "Time": "22:10"
            },
            {
              "Dst": "蘆洲",
              "Time": "22:18"
            },
            {
              "Dst": "蘆洲",
              "Time": "22:26"
            },
            {
              "Dst": "蘆洲",
              "Time": "22:34"
            },
            {
              "Dst": "蘆洲",
              "Time": "22:42"
            },
            {
              "Dst": "蘆洲",
              "Time": "22:52"
            },
            {
              "Dst": "蘆洲",
              "Time": "22:58"
            },
            {
              "Dst": "蘆洲",
              "Time": "23:06"
            },
            {
              "Dst": "蘆洲",
              "Time": "23:13"
            },
            {
              "Dst": "蘆洲",
              "Time": "23:21"
            },
            {
              "Dst": "蘆洲",
              "Time": "23:29"
            },
            {
              "Dst": "蘆洲",
              "Time": "23:39"
            },
            {
              "Dst": "蘆洲",
              "Time": "23:51"
            },
            {
              "Dst": "蘆洲",
              "Time": "00:03"
            },
            {
              "Dst": "蘆洲",
              "Time": "00:15"
            },
            {
              "Dst": "蘆洲",
              "Time": "00:27"
            },
            {
              "Dst": "蘆洲",
              "Time": "00:36"
            },
            {
              "Dst": "蘆洲",
              "Time": "00:54"
            }
          ]
        },
        {
          "Days": "6",
          "Departures": [
            {
              "Dst": "蘆洲",
              "Time": "06:02"
            },
            {
              "Dst": "蘆洲",
              "Time": "06:10"
            },
            {
              "Dst": "蘆洲",
              "Time": "06:18"
            },
            {
              "Dst": "蘆洲",
              "Time": "06:29"
            },
            {
              "Dst": "蘆洲",
              "Time": "06:36"
            },
            {
              "Dst": "蘆洲",
              "Time": "06:47"
            },
            {
              "Dst": "蘆洲",
              "Time": "06:55"
            },
            {
              "Dst": "蘆洲",
              "Time": "07:05"
            },
            {
              "Dst": "蘆洲",
              "Time": "07:14"
            },
            {
              "Dst": "蘆洲",
              "Time": "07:24"
            },
            {
              "Dst": "蘆洲",
              "Time": "07:33"
            },
            {
              "Dst": "蘆洲",
              "Time": "07:43"
            },
            {
              "Dst": "蘆洲",
              "Time": "07:52"
            },
            {
              "Dst": "蘆洲",
              "Time": "08:02"
            },
            {
              "Dst": "蘆洲",
              "Time": "08:11"
            },
            {
              "Dst": "蘆洲",
              "Time": "08:21"
            },
            {
              "Dst": "蘆洲",
              "Time": "08:31"
            },
            {
              "Dst": "蘆洲",
              "Time": "08:40"
            },
            {
              "Dst": "蘆洲",
              "Time": "08:49"
            },
            {
              "Dst": "蘆洲",
              "Time": "08:58"
            },
            {
              "Dst": "蘆洲",
              "Time": "09:09"
            },
            {
              "Dst": "蘆洲",
              "Time": "09:18"
            },
            {
              "Dst": "蘆洲",
              "Time": "09:28"
            },
            {
              "Dst": "蘆洲",
              "Time": "09:37"
            },
            {
              "Dst": "蘆洲",
              "Time": "09:47"
            },
            {
              "Dst": "蘆洲",
              "Time": "09:56"
            },
            {
              "Dst": "蘆洲",
              "Time": "10:06"
            },
            {
              "Dst": "蘆洲",
              "Time": "10:16"
            },
            {
              "Dst": "蘆洲",
              "Time": "10:26"
            },
            {
              "Dst": "蘆洲",
              "Time": "10:35"
            },
            {
              "Dst": "蘆洲",
              "Time": "10:44"
            },
            {
              "Dst": "蘆洲",
              "Time": "10:52"
            },
            {
              "Dst": "蘆洲",
              "Time": "11:01"
            },
            {
              "Dst": "蘆洲",
              "Time": "11:09"
            },
            {
              "Dst": "蘆洲",
              "Time": "11:18"
            },
            {
              "Dst": "蘆洲",
              "Time": "11:26"
            },
            {
              "Dst": "蘆洲",
              "Time": "11:35"
            },
            {
              "Dst": "蘆洲",
              "Time": "11:43"
            },
            {
              "Dst": "蘆洲",
              "Time": "11:52"
            },
            {
              "Dst": "蘆洲",
              "Time": "12:00"
            },
            {
              "Dst": "蘆洲",
              "Time": "12:09"
            },
            {
              "Dst": "蘆洲",
              "Time": "12:17"
            },
            {
              "Dst": "蘆洲",
              "Time": "12:26"
            },
            {
              "Dst": "蘆洲",
              "Time": "12:34"
            },
            {
              "Dst": "蘆洲",
              "Time": "12:43"
            },
            {
              "Dst": "蘆洲",
              "Time": "12:51"
            },
            {
              "Dst": "蘆洲",
              "Time": "13:00"
            },
            {
              "Dst": "蘆洲",
              "Time": "13:08"
            },
            {
              "Dst": "蘆洲",
              "Time": "13:17"
            },
            {
              "Dst": "蘆洲",
              "Time": "13:25"
            },
            {
              "Dst": "蘆洲",
              "Time": "13:34"
            },
            {
              "Dst": "蘆洲",
              "Time": "13:42"
            },
            {
              "Dst": "蘆洲",
              "Time": "13:51"
            },
            {
              "Dst": "蘆洲",
              "Time": "13:59"
            },
            {
              "Dst": "蘆洲",
              "Time": "14:08"
            },
            {
              "Dst": "蘆洲",
              "Time": "14:16"
            },
            {
              "Dst": "蘆洲",
              "Time": "14:25"
            },
            {
              "Dst": "蘆洲",
              "Time": "14:33"
            },
            {
              "Dst": "蘆洲",
              "Time": "14:42"
            },
            {
              "Dst": "蘆洲",
              "Time": "14:50"
            },
            {
              "Dst": "蘆洲",
              "Time": "14:59"
            },
            {
              "Dst": "蘆洲",
              "Time": "15:07"
            },
            {
              "Dst": "蘆洲",
              "Time": "15:16"
            },
            {
              "Dst": "蘆洲",
              "Time": "15:24"
            },
            {
              "Dst": "蘆洲",
              "Time": "15:33"
            },
            {
              "Dst": "蘆洲",
              "Time": "15:41"
            },
            {
              "Dst": "蘆洲",
              "Time": "15:50"
            },
            {
              "Dst": "蘆洲",
              "Time": "15:58"
            },
            {
              "Dst": "蘆洲",
              "Time": "16:07"
            },
            {
              "Dst": "蘆洲",
              "Time": "16:15"
            },
            {
              "Dst": "蘆洲",
              "Time": "16:24"
            },
            {
              "Dst": "蘆洲",
              "Time": "16:32"
            },
            {
              "Dst": "蘆洲",
              "Time": "16:41"
            },
            {
              "Dst": "蘆洲",
              "Time": "16:49"
            },
            {
              "Dst": "蘆洲",
              "Time": "16:58"
            },
            {
              "Dst": "蘆洲",
              "Time": "17:06"
            },
            {
              "Dst": "蘆洲",
              "Time": "17:15"
            },
            {
              "Dst": "蘆洲",
              "Time": "17:23"
            },
            {
              "Dst": "蘆洲",
              "Time": "17:32"
            },
            {
              "Dst": "蘆洲",
              "Time": "17:40"
            },
            {
              "Dst": "蘆洲",
              "Time": "17:49"
            },
            {
              "Dst": "蘆洲",
              "Time": "17:57"
            },
            {
              "Dst": "蘆洲",
              "Time": "18:06"
            },
            {
              "Dst": "蘆洲",
              "Time": "18:14"
            },
            {
              "Dst": "蘆洲",
              "Time": "18:23"
            },
            {
              "Dst": "蘆洲",
              "Time": "18:31"
            },
            {
              "Dst": "蘆洲",
              "Time": "18:40"
            },
            {
              "Dst": "蘆洲",
              "Time": "18:48"
            },
            {
              "Dst": "蘆洲",
              "Time": "18:57"
            },
            {
              "Dst": "蘆洲",
              "Time": "19:05"
            },
            {
              "Dst": "蘆洲",
              "Time": "19:14"
            },
            {
              "Dst": "蘆洲",
              "Time": "19:23"
            },
            {
              "Dst": "蘆洲",
              "Time": "19:29"
            },
            {
              "Dst": "蘆洲",
              "Time": "19:38"
            },
            {
              "Dst": "蘆洲",
              "Time": "19:47"
            },
            {
              "Dst": "蘆洲",
              "Time": "19:56"
            },
            {
              "Dst": "蘆洲",
              "Time": "20:05"
            },
            {
              "Dst": "蘆洲",
              "Time": "20:13"
            },
            {
              "Dst": "蘆洲",
              "Time": "20:22"
            },
            {
              "Dst": "蘆洲",
              "Time": "20:30"
            },
            {
              "Dst": "蘆洲",
              "Time": "20:39"
            },
            {
              "Dst": "蘆洲",
              "Time": "20:45"
            },
            {
              "Dst": "蘆洲",
              "Time": "20:54"
            },
            {
              "Dst": "蘆洲",
              "Time": "21:03"
            },
            {
              "Dst": "蘆洲",
              "Time": "21:13"
            },
            {
              "Dst": "蘆洲",
              "Time": "21:22"
            },
            {
              "Dst": "蘆洲",
              "Time": "21:32"
            },
            {
              "Dst": "蘆洲",
              "Time": "21:41"
            },
            {
              "Dst": "蘆洲",
              "Time": "21:51"
            },
            {
              "Dst": "蘆洲",
              "Time": "22:01"
            },
            {
              "Dst": "蘆洲",
              "Time": "22:10"
            },
            {
              "Dst": "蘆洲",
              "Time": "22:20"
            },
            {
              "Dst": "蘆洲",
              "Time": "22:29"
            },
            {
              "Dst": "蘆洲",
              "Time": "22:39"
            },
            {
              "Dst": "蘆洲",
              "Time": "22:48"
            },
            {
              "Dst": "蘆洲",
              "Time": "22:58"
            },
            {
              "Dst": "蘆洲",
              "Time": "23:07"
            },
            {
              "Dst": "蘆洲",
              "Time": "23:16"
            },
            {
              "Dst": "蘆洲",
              "Time": "23:27"
            },
            {
              "Dst": "蘆洲",
              "Time": "23:39"
            },
            {
              "Dst": "蘆洲",
              "Time": "23:51"
            },
            {
              "Dst": "蘆洲",
              "Time": "00:03"
            },
            {
              "Dst": "蘆洲",
              "Time": "00:15"
            },
            {
              "Dst": "蘆洲",
              "Time": "00:27"
            },
            {
              "Dst": "蘆洲",
              "Time": "00:36"
            },
            {
              "Dst": "蘆洲",
              "Time": "00:54"
            }
          ]
        },
        {
          "Days": "7",
          "Departures": [
            {
              "Dst": "蘆洲",
              "Time": "06:02"
            },
            {
              "Dst": "蘆洲",
              "Time": "06:10"
            },
            {
              "Dst": "蘆洲",
              "Time": "06:18"
            },
            {
              "Dst": "蘆洲",
              "Time": "06:29"
            },
            {
              "Dst": "蘆洲",
              "Time": "06:36"
            },
            {
              "Dst": "蘆洲",
              "Time": "06:47"
            },
            {
              "Dst": "蘆洲",
              "Time": "06:55"
            },
            {
              "Dst": "蘆洲",
              "Time": "07:05"
            },
            {
              "Dst": "蘆洲",
              "Time": "07:14"
            },
            {
              "Dst": "蘆洲",
              "Time": "07:24"
            },
            {
              "Dst": "蘆洲",
              "Time": "07:33"
            },
            {
              "Dst": "蘆洲",
              "Time": "07:43"
            },
            {
              "Dst": "蘆洲",
              "Time": "07:52"
            },
            {
              "Dst": "蘆洲",
              "Time": "08:02"
            },
            {
              "Dst": "蘆洲",
              "Time": "08:11"
            },
            {
              "Dst": "蘆洲",
              "Time": "08:21"
            },
            {
              "Dst": "蘆洲",
              "Time": "08:31"
            },
            {
              "Dst": "蘆洲",
              "Time": "08:40"
            },
            {
              "Dst": "蘆洲",
              "Time": "08:49"
            },
            {
              "Dst": "蘆洲",
              "Time": "08:58"
            },
            {
              "Dst": "蘆洲",
              "Time": "09:09"
            },
            {
              "Dst": "蘆洲",
              "Time": "09:18"
            },
            {
              "Dst": "蘆洲",
              "Time": "09:28"
            },
            {
              "Dst": "蘆洲",
              "Time": "09:37"
            },
            {
              "Dst": "蘆洲",
              "Time": "09:47"
            },
            {
              "Dst": "蘆洲",
              "Time": "09:56"
            },
            {
              "Dst": "蘆洲",
              "Time": "10:06"
            },
            {
              "Dst": "蘆洲",
              "Time": "10:16"
            },
            {
              "Dst": "蘆洲",
              "Time": "10:26"
            },
            {
              "Dst": "蘆洲",
              "Time": "10:35"
            },
            {
              "Dst": "蘆洲",
              "Time": "10:44"
            },
            {
              "Dst": "蘆洲",
              "Time": "10:52"
            },
            {
              "Dst": "蘆洲",
              "Time": "11:01"
            },
            {
              "Dst": "蘆洲",
              "Time": "11:09"
            },
            {
              "Dst": "蘆洲",
              "Time": "11:18"
            },
            {
              "Dst": "蘆洲",
              "Time": "11:26"
            },
            {
              "Dst": "蘆洲",
              "Time": "11:35"
            },
            {
              "Dst": "蘆洲",
              "Time": "11:43"
            },
            {
              "Dst": "蘆洲",
              "Time": "11:52"
            },
            {
              "Dst": "蘆洲",
              "Time": "12:00"
            },
            {
              "Dst": "蘆洲",
              "Time": "12:09"
            },
            {
              "Dst": "蘆洲",
              "Time": "12:17"
            },
            {
              "Dst": "蘆洲",
              "Time": "12:26"
            },
            {
              "Dst": "蘆洲",
              "Time": "12:34"
            },
            {
              "Dst": "蘆洲",
              "Time": "12:43"
            },
            {
              "Dst": "蘆洲",
              "Time": "12:51"
            },
            {
              "Dst": "蘆洲",
              "Time": "13:00"
            },
            {
              "Dst": "蘆洲",
              "Time": "13:08"
            },
            {
              "Dst": "蘆洲",
              "Time": "13:17"
            },
            {
              "Dst": "蘆洲",
              "Time": "13:25"
            },
            {
              "Dst": "蘆洲",
              "Time": "13:34"
            },
            {
              "Dst": "蘆洲",
              "Time": "13:42"
            },
            {
              "Dst": "蘆洲",
              "Time": "13:51"
            },
            {
              "Dst": "蘆洲",
              "Time": "13:59"
            },
            {
              "Dst": "蘆洲",
              "Time": "14:08"
            },
            {
              "Dst": "蘆洲",
              "Time": "14:16"
            },
            {
              "Dst": "蘆洲",
              "Time": "14:25"
            },
            {
              "Dst": "蘆洲",
              "Time": "14:33"
            },
            {
              "Dst": "蘆洲",
              "Time": "14:42"
            },
            {
              "Dst": "蘆洲",
              "Time": "14:50"
            },
            {
              "Dst": "蘆洲",
              "Time": "14:59"
            },
            {
              "Dst": "蘆洲",
              "Time": "15:07"
            },
            {
              "Dst": "蘆洲",
              "Time": "15:16"
            },
            {
              "Dst": "蘆洲",
              "Time": "15:24"
            },
            {
              "Dst": "蘆洲",
              "Time": "15:33"
            },
            {
              "Dst": "蘆洲",
              "Time": "15:41"
            },
            {
              "Dst": "蘆洲",
              "Time": "15:50"
            },
            {
              "Dst": "蘆洲",
              "Time": "15:58"
            },
            {
              "Dst": "蘆洲",
              "Time": "16:07"
            },
            {
              "Dst": "蘆洲",
              "Time": "16:15"
            },
            {
              "Dst": "蘆洲",
              "Time": "16:24"
            },
            {
              "Dst": "蘆洲",
              "Time": "16:32"
            },
            {
              "Dst": "蘆洲",
              "Time": "16:41"
            },
            {
              "Dst": "蘆洲",
              "Time": "16:49"
            },
            {
              "Dst": "蘆洲",
              "Time": "16:58"
            },
            {
              "Dst": "蘆洲",
              "Time": "17:06"
            },
            {
              "Dst": "蘆洲",
              "Time": "17:15"
            },
            {
              "Dst": "蘆洲",
              "Time": "17:23"
            },
            {
              "Dst": "蘆洲",
              "Time": "17:32"
            },
            {
              "Dst": "蘆洲",
              "Time": "17:40"
            },
            {
              "Dst": "蘆洲",
              "Time": "17:49"
            },
            {
              "Dst": "蘆洲",
              "Time": "17:57"
            },
            {
              "Dst": "蘆洲",
              "Time": "18:06"
            },
            {
              "Dst": "蘆洲",
              "Time": "18:14"
            },
            {
              "Dst": "蘆洲",
              "Time": "18:23"
            },
            {
              "Dst": "蘆洲",
              "Time": "18:31"
            },
            {
              "Dst": "蘆洲",
              "Time": "18:40"
            },
            {
              "Dst": "蘆洲",
              "Time": "18:48"
            },
            {
              "Dst": "蘆洲",
              "Time": "18:57"
            },
            {
              "Dst": "蘆洲",
              "Time": "19:05"
            },
            {
              "Dst": "蘆洲",
              "Time": "19:14"
            },
            {
              "Dst": "蘆洲",
              "Time": "19:23"
            },
            {
              "Dst": "蘆洲",
              "Time": "19:29"
            },
            {
              "Dst": "蘆洲",
              "Time": "19:38"
            },
            {
              "Dst": "蘆洲",
              "Time": "19:47"
            },
            {
              "Dst": "蘆洲",
              "Time": "19:56"
            },
            {
              "Dst": "蘆洲",
              "Time": "20:05"
            },
            {
              "Dst": "蘆洲",
              "Time": "20:13"
            },
            {
              "Dst": "蘆洲",
              "Time": "20:22"
            },
            {
              "Dst": "蘆洲",
              "Time": "20:30"
            },
            {
              "Dst": "蘆洲",
              "Time": "20:39"
            },
            {
              "Dst": "蘆洲",
              "Time": "20:45"
            },
            {
              "Dst": "蘆洲",
              "Time": "20:54"
            },
            {
              "Dst": "蘆洲",
              "Time": "21:03"
            },
            {
              "Dst": "蘆洲",
              "Time": "21:13"
            },
            {
              "Dst": "蘆洲",
              "Time": "21:22"
            },
            {
              "Dst": "蘆洲",
              "Time": "21:32"
            },
            {
              "Dst": "蘆洲",
              "Time": "21:41"
            },
            {
              "Dst": "蘆洲",
              "Time": "21:51"
            },
            {
              "Dst": "蘆洲",
              "Time": "22:01"
            },
            {
              "Dst": "蘆洲",
              "Time": "22:10"
            },
            {
              "Dst": "蘆洲",
              "Time": "22:20"
            },
            {
              "Dst": "蘆洲",
              "Time": "22:29"
            },
            {
              "Dst": "蘆洲",
              "Time": "22:39"
            },
            {
              "Dst": "蘆洲",
              "Time": "22:48"
            },
            {
              "Dst": "蘆洲",
              "Time": "22:58"
            },
            {
              "Dst": "蘆洲",
              "Time": "23:07"
            },
            {
              "Dst": "蘆洲",
              "Time": "23:16"
            },
            {
              "Dst": "蘆洲",
              "Time": "23:27"
            },
            {
              "Dst": "蘆洲",
              "Time": "23:39"
            },
            {
              "Dst": "蘆洲",
              "Time": "23:51"
            },
            {
              "Dst": "蘆洲",
              "Time": "00:03"
            },
            {
              "Dst": "蘆洲",
              "Time": "00:15"
            },
            {
              "Dst": "蘆洲",
              "Time": "00:27"
            },
            {
              "Dst": "蘆洲",
              "Time": "00:36"
            },
            {
              "Dst": "蘆洲",
              "Time": "00:54"
            }
          ]
        }
      ]
    },
    {
      "Direction": "往O01南勢角站",
      "EffectiveFrom": "2017-08-01",
      "Schedule": [
        {
          "Days": "1,2,3,4,5",
          "Departures": [
            {
              "Dst": "南勢角",
              "Time": "06:02"
            },
            {
              "Dst": "南勢角",
              "Time": "06:10"
            },
            {
              "Dst": "南勢角",
              "Time": "06:18"
            },
            {
              "Dst": "南勢角",
              "Time": "06:26"
            },
            {
              "Dst": "南勢角",
              "Time": "06:34"
            },
            {
              "Dst": "南勢角",
              "Time": "06:41"
            },
            {
              "Dst": "南勢角",
              "Time": "06:49"
            },
            {
              "Dst": "南勢角",
              "Time": "06:56"
            },
            {
              "Dst": "南勢角",
              "Time": "07:03"
            },
            {
              "Dst": "南勢角",
              "Time": "07:09"
            },
            {
              "Dst": "南勢角",
              "Time": "07:15"
            },
            {
              "Dst": "南勢角",
              "Time": "07:21"
            },
            {
              "Dst": "南勢角",
              "Time": "07:27"
            },
            {
              "Dst": "南勢角",
              "Time": "07:33"
            },
            {
              "Dst": "南勢角",
              "Time": "07:38"
            },
            {
              "Dst": "南勢角",
              "Time": "07:44"
            },
            {
              "Dst": "南勢角",
              "Time": "07:49"
            },
            {
              "Dst": "南勢角",
              "Time": "07:54"
            },
            {
              "Dst": "南勢角",
              "Time": "07:59"
            },
            {
              "Dst": "南勢角",
              "Time": "08:04"
            },
            {
              "Dst": "南勢角",
              "Time": "08:09"
            },
            {
              "Dst": "南勢角",
              "Time": "08:14"
            },
            {
              "Dst": "南勢角",
              "Time": "08:19"
            },
            {
              "Dst": "南勢角",
              "Time": "08:25"
            },
            {
              "Dst": "南勢角",
              "Time": "08:30"
            },
            {
              "Dst": "南勢角",
              "Time": "08:36"
            },
            {
              "Dst": "南勢角",
              "Time": "08:42"
            },
            {
              "Dst": "南勢角",
              "Time": "08:48"
            },
            {
              "Dst": "南勢角",
              "Time": "08:54"
            },
            {
              "Dst": "南勢角",
              "Time": "09:00"
            },
            {
              "Dst": "南勢角",
              "Time": "09:08"
            },
            {
              "Dst": "南勢角",
              "Time": "09:15"
            },
            {
              "Dst": "南勢角",
              "Time": "09:24"
            },
            {
              "Dst": "南勢角",
              "Time": "09:32"
            },
            {
              "Dst": "南勢角",
              "Time": "09:41"
            },
            {
              "Dst": "南勢角",
              "Time": "09:49"
            },
            {
              "Dst": "南勢角",
              "Time": "09:58"
            },
            {
              "Dst": "南勢角",
              "Time": "10:06"
            },
            {
              "Dst": "南勢角",
              "Time": "10:15"
            },
            {
              "Dst": "南勢角",
              "Time": "10:23"
            },
            {
              "Dst": "南勢角",
              "Time": "10:32"
            },
            {
              "Dst": "南勢角",
              "Time": "10:40"
            },
            {
              "Dst": "南勢角",
              "Time": "10:49"
            },
            {
              "Dst": "南勢角",
              "Time": "10:57"
            },
            {
              "Dst": "南勢角",
              "Time": "11:06"
            },
            {
              "Dst": "南勢角",
              "Time": "11:14"
            },
            {
              "Dst": "南勢角",
              "Time": "11:23"
            },
            {
              "Dst": "南勢角",
              "Time": "11:31"
            },
            {
              "Dst": "南勢角",
              "Time": "11:40"
            },
            {
              "Dst": "南勢角",
              "Time": "11:48"
            },
            {
              "Dst": "南勢角",
              "Time": "11:57"
            },
            {
              "Dst": "南勢角",
              "Time": "12:05"
            },
            {
              "Dst": "南勢角",
              "Time": "12:14"
            },
            {
              "Dst": "南勢角",
              "Time": "12:22"
            },
            {
              "Dst": "南勢角",
              "Time": "12:31"
            },
            {
              "Dst": "南勢角",
              "Time": "12:39"
            },
            {
              "Dst": "南勢角",
              "Time": "12:48"
            },
            {
              "Dst": "南勢角",
              "Time": "12:56"
            },
            {
              "Dst": "南勢角",
              "Time": "13:05"
            },
            {
              "Dst": "南勢角",
              "Time": "13:13"
            },
            {
              "Dst": "南勢角",
              "Time": "13:22"
            },
            {
              "Dst": "南勢角",
              "Time": "13:30"
            },
            {
              "Dst": "南勢角",
              "Time": "13:39"
            },
            {
              "Dst": "南勢角",
              "Time": "13:47"
            },
            {
              "Dst": "南勢角",
              "Time": "13:56"
            },
            {
              "Dst": "南勢角",
              "Time": "14:04"
            },
            {
              "Dst": "南勢角",
              "Time": "14:13"
            },
            {
              "Dst": "南勢角",
              "Time": "14:21"
            },
            {
              "Dst": "南勢角",
              "Time": "14:30"
            },
            {
              "Dst": "南勢角",
              "Time": "14:38"
            },
            {
              "Dst": "南勢角",
              "Time": "14:47"
            },
            {
              "Dst": "南勢角",
              "Time": "14:55"
            },
            {
              "Dst": "南勢角",
              "Time": "15:04"
            },
            {
              "Dst": "南勢角",
              "Time": "15:12"
            },
            {
              "Dst": "南勢角",
              "Time": "15:21"
            },
            {
              "Dst": "南勢角",
              "Time": "15:29"
            },
            {
              "Dst": "南勢角",
              "Time": "15:38"
            },
            {
              "Dst": "南勢角",
              "Time": "15:46"
            },
            {
              "Dst": "南勢角",
              "Time": "15:55"
            },
            {
              "Dst": "南勢角",
              "Time": "16:03"
            },
            {
              "Dst": "南勢角",
              "Time": "16:12"
            },
            {
              "Dst": "南勢角",
              "Time": "16:20"
            },
            {
              "Dst": "南勢角",
              "Time": "16:28"
            },
            {
              "Dst": "南勢角",
              "Time": "16:35"
            },
            {
              "Dst": "南勢角",
              "Time": "16:41"
            },
            {
              "Dst": "南勢角",
              "Time": "16:47"
            },
            {
              "Dst": "南勢角",
              "Time": "16:54"
            },
            {
              "Dst": "南勢角",
              "Time": "17:00"
            },
            {
              "Dst": "南勢角",
              "Time": "17:06"
            },
            {
              "Dst": "南勢角",
              "Time": "17:13"
            },
            {
              "Dst": "南勢角",
              "Time": "17:19"
            },
            {
              "Dst": "南勢角",
              "Time": "17:25"
            },
            {
              "Dst": "南勢角",
              "Time": "17:32"
            },
            {
              "Dst": "南勢角",
              "Time": "17:38"
            },
            {
              "Dst": "南勢角",
              "Time": "17:44"
            },
            {
              "Dst": "南勢角",
              "Time": "17:51"
            },
            {
              "Dst": "南勢角",
              "Time": "17:57"
            },
            {
              "Dst": "南勢角",
              "Time": "18:03"
            },
            {
              "Dst": "南勢角",
              "Time": "18:10"
            },
            {
              "Dst": "南勢角",
              "Time": "18:16"
            },
            {
              "Dst": "南勢角",
              "Time": "18:22"
            },
            {
              "Dst": "南勢角",
              "Time": "18:29"
            },
            {
              "Dst": "南勢角",
              "Time": "18:35"
            },
            {
              "Dst": "南勢角",
              "Time": "18:41"
            },
            {
              "Dst": "南勢角",
              "Time": "18:48"
            },
            {
              "Dst": "南勢角",
              "Time": "18:54"
            },
            {
              "Dst": "南勢角",
              "Time": "19:00"
            },
            {
              "Dst": "南勢角",
              "Time": "19:07"
            },
            {
              "Dst": "南勢角",
              "Time": "19:13"
            },
            {
              "Dst": "南勢角",
              "Time": "19:21"
            },
            {
              "Dst": "南勢角",
              "Time": "19:28"
            },
            {
              "Dst": "南勢角",
              "Time": "19:36"
            },
            {
              "Dst": "南勢角",
              "Time": "19:44"
            },
            {
              "Dst": "南勢角",
              "Time": "19:52"
            },
            {
              "Dst": "南勢角",
              "Time": "20:00"
            },
            {
              "Dst": "南勢角",
              "Time": "20:08"
            },
            {
              "Dst": "南勢角",
              "Time": "20:16"
            },
            {
              "Dst": "南勢角",
              "Time": "20:24"
            },
            {
              "Dst": "南勢角",
              "Time": "20:32"
            },
            {
              "Dst": "南勢角",
              "Time": "20:41"
            },
            {
              "Dst": "南勢角",
              "Time": "20:49"
            },
            {
              "Dst": "南勢角",
              "Time": "20:57"
            },
            {
              "Dst": "南勢角",
              "Time": "21:05"
            },
            {
              "Dst": "南勢角",
              "Time": "21:13"
            },
            {
              "Dst": "南勢角",
              "Time": "21:21"
            },
            {
              "Dst": "南勢角",
              "Time": "21:29"
            },
            {
              "Dst": "南勢角",
              "Time": "21:37"
            },
            {
              "Dst": "南勢角",
              "Time": "21:45"
            },
            {
              "Dst": "南勢角",
              "Time": "21:53"
            },
            {
              "Dst": "南勢角",
              "Time": "22:01"
            },
            {
              "Dst": "南勢角",
              "Time": "22:09"
            },
            {
              "Dst": "南勢角",
              "Time": "22:17"
            },
            {
              "Dst": "南勢角",
              "Time": "22:25"
            },
            {
              "Dst": "南勢角",
              "Time": "22:34"
            },
            {
              "Dst": "南勢角",
              "Time": "22:43"
            },
            {
              "Dst": "南勢角",
              "Time": "22:53"
            },
            {
              "Dst": "南勢角",
              "Time": "23:05"
            },
            {
              "Dst": "南勢角",
              "Time": "23:17"
            },
            {
              "Dst": "南勢角",
              "Time": "23:29"
            },
            {
              "Dst": "南勢角",
              "Time": "23:41"
            },
            {
              "Dst": "南勢角",
              "Time": "23:53"
            },
            {
              "Dst": "南勢角",
              "Time": "00:03"
            }
          ]
        },
        {
          "Days": "6",
          "Departures": [
            {
              "Dst": "南勢角",
              "Time": "06:02"
            },
            {
              "Dst": "南勢角",
              "Time": "06:10"
            },
            {
              "Dst": "南勢角",
              "Time": "06:18"
            },
            {
              "Dst": "南勢角",
              "Time": "06:26"
            },
            {
              "Dst": "南勢角",
              "Time": "06:34"
            },
            {
              "Dst": "南勢角",
              "Time": "06:42"
            },
            {
              "Dst": "南勢角",
              "Time": "06:52"
            },
            {
              "Dst": "南勢角",
              "Time": "07:01"
            },
            {
              "Dst": "南勢角",
              "Time": "07:11"
            },
            {
              "Dst": "南勢角",
              "Time": "07:21"
            },
            {
              "Dst": "南勢角",
              "Time": "07:30"
            },
            {
              "Dst": "南勢角",
              "Time": "07:40"
            },
            {
              "Dst": "南勢角",
              "Time": "07:49"
            },
            {
              "Dst": "南勢角",
              "Time": "07:59"
            },
            {
              "Dst": "南勢角",
              "Time": "08:08"
            },
            {
              "Dst": "南勢角",
              "Time": "08:18"
            },
            {
              "Dst": "南勢角",
              "Time": "08:28"
            },
            {
              "Dst": "南勢角",
              "Time": "08:37"
            },
            {
              "Dst": "南勢角",
              "Time": "08:46"
            },
            {
              "Dst": "南勢角",
              "Time": "08:55"
            },
            {
              "Dst": "南勢角",
              "Time": "09:03"
            },
            {
              "Dst": "南勢角",
              "Time": "09:12"
            },
            {
              "Dst": "南勢角",
              "Time": "09:20"
            },
            {
              "Dst": "南勢角",
              "Time": "09:28"
            },
            {
              "Dst": "南勢角",
              "Time": "09:36"
            },
            {
              "Dst": "南勢角",
              "Time": "09:44"
            },
            {
              "Dst": "南勢角",
              "Time": "09:53"
            },
            {
              "Dst": "南勢角",
              "Time": "10:02"
            },
            {
              "Dst": "南勢角",
              "Time": "10:11"
            },
            {
              "Dst": "南勢角",
              "Time": "10:18"
            },
            {
              "Dst": "南勢角",
              "Time": "10:27"
            },
            {
              "Dst": "南勢角",
              "Time": "10:35"
            },
            {
              "Dst": "南勢角",
              "Time": "10:44"
            },
            {
              "Dst": "南勢角",
              "Time": "10:52"
            },
            {
              "Dst": "南勢角",
              "Time": "11:01"
            },
            {
              "Dst": "南勢角",
              "Time": "11:09"
            },
            {
              "Dst": "南勢角",
              "Time": "11:18"
            },
            {
              "Dst": "南勢角",
              "Time": "11:26"
            },
            {
              "Dst": "南勢角",
              "Time": "11:35"
            },
            {
              "Dst": "南勢角",
              "Time": "11:43"
            },
            {
              "Dst": "南勢角",
              "Time": "11:52"
            },
            {
              "Dst": "南勢角",
              "Time": "12:00"
            },
            {
              "Dst": "南勢角",
              "Time": "12:09"
            },
            {
              "Dst": "南勢角",
              "Time": "12:17"
            },
            {
              "Dst": "南勢角",
              "Time": "12:26"
            },
            {
              "Dst": "南勢角",
              "Time": "12:34"
            },
            {
              "Dst": "南勢角",
              "Time": "12:43"
            },
            {
              "Dst": "南勢角",
              "Time": "12:51"
            },
            {
              "Dst": "南勢角",
              "Time": "13:00"
            },
            {
              "Dst": "南勢角",
              "Time": "13:08"
            },
            {
              "Dst": "南勢角",
              "Time": "13:17"
            },
            {
              "Dst": "南勢角",
              "Time": "13:25"
            },
            {
              "Dst": "南勢角",
              "Time": "13:34"
            },
            {
              "Dst": "南勢角",
              "Time": "13:42"
            },
            {
              "Dst": "南勢角",
              "Time": "13:51"
            },
            {
              "Dst": "南勢角",
              "Time": "13:59"
            },
            {
              "Dst": "南勢角",
              "Time": "14:08"
            },
            {
              "Dst": "南勢角",
              "Time": "14:16"
            },
            {
              "Dst": "南勢角",
              "Time": "14:25"
            },
            {
              "Dst": "南勢角",
              "Time": "14:33"
            },
            {
              "Dst": "南勢角",
              "Time": "14:42"
            },
            {
              "Dst": "南勢角",
              "Time": "14:50"
            },
            {
              "Dst": "南勢角",
              "Time": "14:59"
            },
            {
              "Dst": "南勢角",
              "Time": "15:07"
            },
            {
              "Dst": "南勢角",
              "Time": "15:16"
            },
            {
              "Dst": "南勢角",
              "Time": "15:24"
            },
            {
              "Dst": "南勢角",
              "Time": "15:33"
            },
            {
              "Dst": "南勢角",
              "Time": "15:41"
            },
            {
              "Dst": "南勢角",
              "Time": "15:50"
            },
            {
              "Dst": "南勢角",
              "Time": "15:58"
            },
            {
              "Dst": "南勢角",
              "Time": "16:07"
            },
            {
              "Dst": "南勢角",
              "Time": "16:15"
            },
            {
              "Dst": "南勢角",
              "Time": "16:24"
            },
            {
              "Dst": "南勢角",
              "Time": "16:32"
            },
            {
              "Dst": "南勢角",
              "Time": "16:41"
            },
            {
              "Dst": "南勢角",
              "Time": "16:49"
            },
            {
              "Dst": "南勢角",
              "Time": "16:58"
            },
            {
              "Dst": "南勢角",
              "Time": "17:06"
            },
            {
              "Dst": "南勢角",
              "Time": "17:15"
            },
            {
              "Dst": "南勢角",
              "Time": "17:23"
            },
            {
              "Dst": "南勢角",
              "Time": "17:32"
            },
            {
              "Dst": "南勢角",
              "Time": "17:40"
            },
            {
              "Dst": "南勢角",
              "Time": "17:49"
            },
            {
              "Dst": "南勢角",
              "Time": "17:57"
            },
            {
              "Dst": "南勢角",
              "Time": "18:06"
            },
            {
              "Dst": "南勢角",
              "Time": "18:14"
            },
            {
              "Dst": "南勢角",
              "Time": "18:23"
            },
            {
              "Dst": "南勢角",
              "Time": "18:31"
            },
            {
              "Dst": "南勢角",
              "Time": "18:40"
            },
            {
              "Dst": "南勢角",
              "Time": "18:48"
            },
            {
              "Dst": "南勢角",
              "Time": "18:57"
            },
            {
              "Dst": "南勢角",
              "Time": "19:06"
            },
            {
              "Dst": "南勢角",
              "Time": "19:15"
            },
            {
              "Dst": "南勢角",
              "Time": "19:25"
            },
            {
              "Dst": "南勢角",
              "Time": "19:34"
            },
            {
              "Dst": "南勢角",
              "Time": "19:44"
            },
            {
              "Dst": "南勢角",
              "Time": "19:53"
            },
            {
              "Dst": "南勢角",
              "Time": "20:03"
            },
            {
              "Dst": "南勢角",
              "Time": "20:12"
            },
            {
              "Dst": "南勢角",
              "Time": "20:22"
            },
            {
              "Dst": "南勢角",
              "Time": "20:31"
            },
            {
              "Dst": "南勢角",
              "Time": "20:41"
            },
            {
              "Dst": "南勢角",
              "Time": "20:51"
            },
            {
              "Dst": "南勢角",
              "Time": "21:00"
            },
            {
              "Dst": "南勢角",
              "Time": "21:10"
            },
            {
              "Dst": "南勢角",
              "Time": "21:19"
            },
            {
              "Dst": "南勢角",
              "Time": "21:29"
            },
            {
              "Dst": "南勢角",
              "Time": "21:38"
            },
            {
              "Dst": "南勢角",
              "Time": "21:48"
            },
            {
              "Dst": "南勢角",
              "Time": "21:58"
            },
            {
              "Dst": "南勢角",
              "Time": "22:07"
            },
            {
              "Dst": "南勢角",
              "Time": "22:17"
            },
            {
              "Dst": "南勢角",
              "Time": "22:26"
            },
            {
              "Dst": "南勢角",
              "Time": "22:36"
            },
            {
              "Dst": "南勢角",
              "Time": "22:45"
            },
            {
              "Dst": "南勢角",
              "Time": "22:55"
            },
            {
              "Dst": "南勢角",
              "Time": "23:05"
            },
            {
              "Dst": "南勢角",
              "Time": "23:17"
            },
            {
              "Dst": "南勢角",
              "Time": "23:29"
            },
            {
              "Dst": "南勢角",
              "Time": "23:41"
            },
            {
              "Dst": "南勢角",
              "Time": "23:53"
            },
            {
              "Dst": "南勢角",
              "Time": "00:03"
            }
          ]
        },
        {
          "Days": "7",
          "Departures": [
            {
              "Dst": "南勢角",
              "Time": "06:02"
            },
            {
              "Dst": "南勢角",
              "Time": "06:10"
            },
            {
              "Dst": "南勢角",
              "Time": "06:18"
            },
            {
              "Dst": "南勢角",
              "Time": "06:26"
            },
            {
              "Dst": "南勢角",
              "Time": "06:34"
            },
            {
              "Dst": "南勢角",
              "Time": "06:42"
            },
            {
              "Dst": "南勢角",
              "Time": "06:52"
            },
            {
              "Dst": "南勢角",
              "Time": "07:01"
            },
            {
              "Dst": "南勢角",
              "Time": "07:11"
            },
            {
              "Dst": "南勢角",
              "Time": "07:21"
            },
            {
              "Dst": "南勢角",
              "Time": "07:30"
            },
            {
              "Dst": "南勢角",
              "Time": "07:40"
            },
            {
              "Dst": "南勢角",
              "Time": "07:49"
            },
            {
              "Dst": "南勢角",
              "Time": "07:59"
            },
            {
              "Dst": "南勢角",
              "Time": "08:08"
            },
            {
              "Dst": "南勢角",
              "Time": "08:18"
            },
            {
              "Dst": "南勢角",
              "Time": "08:28"
            },
            {
              "Dst": "南勢角",
              "Time": "08:37"
            },
            {
              "Dst": "南勢角",
              "Time": "08:46"
            },
            {
              "Dst": "南勢角",
              "Time": "08:55"
            },
            {
              "Dst": "南勢角",
              "Time": "09:03"
            },
            {
              "Dst": "南勢角",
              "Time": "09:12"
            },
            {
              "Dst": "南勢角",
              "Time": "09:20"
            },
            {
              "Dst": "南勢角",
              "Time": "09:28"
            },
            {
              "Dst": "南勢角",
              "Time": "09:36"
            },
            {
              "Dst": "南勢角",
              "Time": "09:44"
            },
            {
              "Dst": "南勢角",
              "Time": "09:53"
            },
            {
              "Dst": "南勢角",
              "Time": "10:02"
            },
            {
              "Dst": "南勢角",
              "Time": "10:11"
            },
            {
              "Dst": "南勢角",
              "Time": "10:18"
            },
            {
              "Dst": "南勢角",
              "Time": "10:27"
            },
            {
              "Dst": "南勢角",
              "Time": "10:35"
            },
            {
              "Dst": "南勢角",
              "Time": "10:44"
            },
            {
              "Dst": "南勢角",
              "Time": "10:52"
            },
            {
              "Dst": "南勢角",
              "Time": "11:01"
            },
            {
              "Dst": "南勢角",
              "Time": "11:09"
            },
            {
              "Dst": "南勢角",
              "Time": "11:18"
            },
            {
              "Dst": "南勢角",
              "Time": "11:26"
            },
            {
              "Dst": "南勢角",
              "Time": "11:35"
            },
            {
              "Dst": "南勢角",
              "Time": "11:43"
            },
            {
              "Dst": "南勢角",
              "Time": "11:52"
            },
            {
              "Dst": "南勢角",
              "Time": "12:00"
            },
            {
              "Dst": "南勢角",
              "Time": "12:09"
            },
            {
              "Dst": "南勢角",
              "Time": "12:17"
            },
            {
              "Dst": "南勢角",
              "Time": "12:26"
            },
            {
              "Dst": "南勢角",
              "Time": "12:34"
            },
            {
              "Dst": "南勢角",
              "Time": "12:43"
            },
            {
              "Dst": "南勢角",
              "Time": "12:51"
            },
            {
              "Dst": "南勢角",
              "Time": "13:00"
            },
            {
              "Dst": "南勢角",
              "Time": "13:08"
            },
            {
              "Dst": "南勢角",
              "Time": "13:17"
            },
            {
              "Dst": "南勢角",
              "Time": "13:25"
            },
            {
              "Dst": "南勢角",
              "Time": "13:34"
            },
            {
              "Dst": "南勢角",
              "Time": "13:42"
            },
            {
              "Dst": "南勢角",
              "Time": "13:51"
            },
            {
              "Dst": "南勢角",
              "Time": "13:59"
            },
            {
              "Dst": "南勢角",
              "Time": "14:08"
            },
            {
              "Dst": "南勢角",
              "Time": "14:16"
            },
            {
              "Dst": "南勢角",
              "Time": "14:25"
            },
            {
              "Dst": "南勢角",
              "Time": "14:33"
            },
            {
              "Dst": "南勢角",
              "Time": "14:42"
            },
            {
              "Dst": "南勢角",
              "Time": "14:50"
            },
            {
              "Dst": "南勢角",
              "Time": "14:59"
            },
            {
              "Dst": "南勢角",
              "Time": "15:07"
            },
            {
              "Dst": "南勢角",
              "Time": "15:16"
            },
            {
              "Dst": "南勢角",
              "Time": "15:24"
            },
            {
              "Dst": "南勢角",
              "Time": "15:33"
            },
            {
              "Dst": "南勢角",
              "Time": "15:41"
            },
            {
              "Dst": "南勢角",
              "Time": "15:50"
            },
            {
              "Dst": "南勢角",
              "Time": "15:58"
            },
            {
              "Dst": "南勢角",
              "Time": "16:07"
            },
            {
              "Dst": "南勢角",
              "Time": "16:15"
            },
            {
              "Dst": "南勢角",
              "Time": "16:24"
            },
            {
              "Dst": "南勢角",
              "Time": "16:32"
            },
            {
              "Dst": "南勢角",
              "Time": "16:41"
            },
            {
              "Dst": "南勢角",
              "Time": "16:49"
            },
            {
              "Dst": "南勢角",
              "Time": "16:58"
            },
            {
              "Dst": "南勢角",
              "Time": "17:06"
            },
            {
              "Dst": "南勢角",
              "Time": "17:15"
            },
            {
              "Dst": "南勢角",
              "Time": "17:23"
            },
            {
              "Dst": "南勢角",
              "Time": "17:32"
            },
            {
              "Dst": "南勢角",
              "Time": "17:40"
            },
            {
              "Dst": "南勢角",
              "Time": "17:49"
            },
            {
              "Dst": "南勢角",
              "Time": "17:57"
            },
            {
              "Dst": "南勢角",
              "Time": "18:06"
            },
            {
              "Dst": "南勢角",
              "Time": "18:14"
            },
            {
              "Dst": "南勢角",
              "Time": "18:23"
            },
            {
              "Dst": "南勢角",
              "Time": "18:31"
            },
            {
              "Dst": "南勢角",
              "Time": "18:40"
            },
            {
              "Dst": "南勢角",
              "Time": "18:48"
            },
            {
              "Dst": "南勢角",
              "Time": "18:57"
            },
            {
              "Dst": "南勢角",
              "Time": "19:06"
            },
            {
              "Dst": "南勢角",
              "Time": "19:15"
            },
            {
              "Dst": "南勢角",
              "Time": "19:25"
            },
            {
              "Dst": "南勢角",
              "Time": "19:34"
            },
            {
              "Dst": "南勢角",
              "Time": "19:44"
            },
            {
              "Dst": "南勢角",
              "Time": "19:53"
            },
            {
              "Dst": "南勢角",
              "Time": "20:03"
            },
            {
              "Dst": "南勢角",
              "Time": "20:12"
            },
            {
              "Dst": "南勢角",
              "Time": "20:22"
            },
            {
              "Dst": "南勢角",
              "Time": "20:31"
            },
            {
              "Dst": "南勢角",
              "Time": "20:41"
            },
            {
              "Dst": "南勢角",
              "Time": "20:51"
            },
            {
              "Dst": "南勢角",
              "Time": "21:00"
            },
            {
              "Dst": "南勢角",
              "Time": "21:10"
            },
            {
              "Dst": "南勢角",
              "Time": "21:19"
            },
            {
              "Dst": "南勢角",
              "Time": "21:29"
            },
            {
              "Dst": "南勢角",
              "Time": "21:38"
            },
            {
              "Dst": "南勢角",
              "Time": "21:48"
            },
            {
              "Dst": "南勢角",
              "Time": "21:58"
            },
            {
              "Dst": "南勢角",
              "Time": "22:07"
            },
            {
              "Dst": "南勢角",
              "Time": "22:17"
            },
            {
              "Dst": "南勢角",
              "Time": "22:26"
            },
            {
              "Dst": "南勢角",
              "Time": "22:36"
            },
            {
              "Dst": "南勢角",
              "Time": "22:45"
            },
            {
              "Dst": "南勢角",
              "Time": "22:55"
            },
            {
              "Dst": "南勢角",
              "Time": "23:05"
            },
            {
              "Dst": "南勢角",
              "Time": "23:17"
            },
            {
              "Dst": "南勢角",
              "Time": "23:29"
            },
            {
              "Dst": "南勢角",
              "Time": "23:41"
            },
            {
              "Dst": "南勢角",
              "Time": "23:53"
            },
            {
              "Dst": "南勢角",
              "Time": "00:03"
            }
          ]
        }
      ]
    }
  ]
}