{
  "StationCode": "O54",
  "StationName": "蘆洲",
  "Timetables": [
    {
      "Direction": "往O01南勢角站",
      "EffectiveFrom": "2017-08-01",
      "Schedule": [
        {
          "Days": "1,2,3,4,5",
          "Departures": [
            {
              "Dst": "南勢角",
              "Time": "06:00"
            },
            {
              "Dst": "南勢角",
              "Time": "06:08"
            },
            {
              "Dst": "南勢角",
              "Time": "06:16"
            },
            {
              "Dst": "南勢角",
              "Time": "06:24"
            },
            {
              "Dst": "南勢角",
              "Time": "06:32"
            },
            {
              "Dst": "南勢角",
              "Time": "06:39"
            },
            {
              "Dst": "南勢角",
              "Time": "06:47"
            },
            {
              "Dst": "南勢角",
              "Time": "06:54"
            },
            {
              "Dst": "南勢角",
              "Time": "07:01"
            },
            {
              "Dst": "南勢角",
              "Time": "07:07"
            },
            {
              "Dst": "南勢角",
              "Time": "07:13"
            },
            {
              "Dst": "南勢角",
              "Time": "07:19"
            },
            {
              "Dst": "南勢角",
              "Time": "07:25"
            },
            {
              "Dst": "南勢角",
              "Time": "07:31"
            },
            {
              "Dst": "南勢角",
              "Time": "07:36"
            },
            {
              "Dst": "南勢角",
              "Time": "07:41"
            },
            {
              "Dst": "南勢角",
              "Time": "07:47"
            },
            {
              "Dst": "南勢角",
              "Time": "07:52"
            },
            {
              "Dst": "南勢角",
              "Time": "07:57"
            },
            {
              "Dst": "南勢角",
              "Time": "08:02"
            },
            {
              "Dst": "南勢角",
              "Time": "08:07"
            },
            {
              "Dst": "南勢角",
              "Time": "08:12"
            },
            {
              "Dst": "南勢角",
              "Time": "08:17"
            },
            {
              "Dst": "南勢角",
              "Time": "08:23"
            },
            {
              "Dst": "南勢角",
              "Time": "08:28"
            },
            {
              "Dst": "南勢角",
              "Time": "08:34"
            },
            {
              "Dst": "南勢角",
              "Time": "08:40"
            },
            {
              "Dst": "南勢角",
              "Time": "08:46"
            },
            {
              "Dst": "南勢角",
              "Time": "08:52"
            },
            {
              "Dst": "南勢角",
              "Time": "08:58"
            },
            {
              "Dst": "南勢角",
              "Time": "09:05"
            },
            {
              "Dst": "南勢角",
              "Time": "09:13"
            },
            {
              "Dst": "南勢角",
              "Time": "09:21"
            },
            {
              "Dst": "南勢角",
              "Time": "09:30"
            },
            {
              "Dst": "南勢角",
              "Time": "09:38"
            },
            {
              "Dst": "南勢角",
              "Time": "09:47"
            },
            {
              "Dst": "南勢角",
              "Time": "09:55"
            },
            {
              "Dst": "南勢角",
              "Time": "10:04"
            },
            {
              "Dst": "南勢角",
              "Time": "10:12"
            },
            {
              "Dst": "南勢角",
              "Time": "10:21"
            },
            {
              "Dst": "南勢角",
              "Time": "10:29"
            },
            {
              "Dst": "南勢角",
              "Time": "10:38"
            },
            {
              "Dst": "南勢角",
              "Time": "10:46"
            },
            {
              "Dst": "南勢角",
              "Time": "10:55"
            },
            {
              "Dst": "南勢角",
              "Time": "11:03"
            },
            {
              "Dst": "南勢角",
              "Time": "11:12"
            },
            {
              "Dst": "南勢角",
              "Time": "11:20"
            },
            {
              "Dst": "南勢角",
              "Time": "11:29"
            },
            {
              "Dst": "南勢角",
              "Time": "11:37"
            },
            {
              "Dst": "南勢角",
              "Time": "11:46"
            },
            {
              "Dst": "南勢角",
              "Time": "11:54"
            },
            {
              "Dst": "南勢角",
              "Time": "12:03"
            },
            {
              "Dst": "南勢角",
              "Time": "12:11"
            },
            {
              "Dst": "南勢角",
              "Time": "12:20"
            },
            {
              "Dst": "南勢角",
              "Time": "12:28"
            },
            {
              "Dst": "南勢角",
              "Time": "12:37"
            },
            {
              "Dst": "南勢角",
              "Time": "12:45"
            },
            {
              "Dst": "南勢角",
              "Time": "12:54"
            },
            {
              "Dst": "南勢角",
              "Time": "13:02"
            },
            {
              "Dst": "南勢角",
              "Time": "13:11"
            },
            {
              "Dst": "南勢角",
              "Time": "13:19"
            },
            {
              "Dst": "南勢角",
              "Time": "13:28"
            },
            {
              "Dst": "南勢角",
              "Time": "13:36"
            },
            {
              "Dst": "南勢角",
              "Time": "13:45"
            },
            {
              "Dst": "南勢角",
              "Time": "13:53"
            },
            {
              "Dst": "南勢角",
              "Time": "14:02"
            },
            {
              "Dst": "南勢角",
              "Time": "14:10"
            },
            {
              "Dst": "南勢角",
              "Time": "14:19"
            },
            {
              "Dst": "南勢角",
              "Time": "14:27"
            },
            {
              "Dst": "南勢角",
              "Time": "14:36"
            },
            {
              "Dst": "南勢角",
              "Time": "14:44"
            },
            {
              "Dst": "南勢角",
              "Time": "14:53"
            },
            {
              "Dst": "南勢角",
              "Time": "15:01"
            },
            {
              "Dst": "南勢角",
              "Time": "15:10"
            },
            {
              "Dst": "南勢角",
              "Time": "15:18"
            },
            {
              "Dst": "南勢角",
              "Time": "15:27"
            },
            {
              "Dst": "南勢角",
              "Time": "15:35"
            },
            {
              "Dst": "南勢角",
              "Time": "15:44"
            },
            {
              "Dst": "南勢角",
              "Time": "15:52"
            },
            {
              "Dst": "南勢角",
              "Time": "16:01"
            },
            {
              "Dst": "南勢角",
              "Time": "16:09"
            },
            {
              "Dst": "南勢角",
              "Time": "16:18"
            },
            {
              "Dst": "南勢角",
              "Time": "16:26"
            },
            {
              "Dst": "南勢角",
              "Time": "16:33"
            },
            {
              "Dst": "南勢角",
              "Time": "16:39"
            },
            {
              "Dst": "南勢角",
              "Time": "16:45"
            },
            {
              "Dst": "南勢角",
              "Time": "16:52"
            },
            {
              "Dst": "南勢角",
              "Time": "16:58"
            },
            {
              "Dst": "南勢角",
              "Time": "17:04"
            },
            {
              "Dst": "南勢角",
              "Time": "17:11"
            },
            {
              "Dst": "南勢角",
              "Time": "17:17"
            },
            {
              "Dst": "南勢角",
              "Time": "17:23"
            },
            {
              "Dst": "南勢角",
              "Time": "17:30"
            },
            {
              "Dst": "南勢角",
              "Time": "17:36"
            },
            {
              "Dst": "南勢角",
              "Time": "17:42"
            },
            {
              "Dst": "南勢角",
              "Time": "17:49"
            },
            {
              "Dst": "南勢角",
              "Time": "17:55"
            },
            {
              "Dst": "南勢角",
              "Time": "18:01"
            },
            {
              "Dst": "南勢角",
              "Time": "18:08"
            },
            {
              "Dst": "南勢角",
              "Time": "18:14"
            },
            {
              "Dst": "南勢角",
              "Time": "18:20"
            },
            {
              "Dst": "南勢角",
              "Time": "18:27"
            },
            {
              "Dst": "南勢角",
              "Time": "18:33"
            },
            {
              "Dst": "南勢角",
              "Time": "18:39"
            },
            {
              "Dst": "南勢角",
              "Time": "18:46"
            },
            {
              "Dst": "南勢角",
              "Time": "18:52"
            },
            {
              "Dst": "南勢角",
              "Time": "18:58"
            },
            {
              "Dst": "南勢角",
              "Time": "19:05"
            },
            {
              "Dst": "南勢角",
              "Time": "19:11"
            },
            {
              "Dst": "南勢角",
              "Time": "19:19"
            },
            {
              "Dst": "南勢角",
              "Time": "19:26"
            },
            {
              "Dst": "南勢角",
              "Time": "19:34"
            },
            {
              "Dst": "南勢角",
              "Time": "19:42"
            },
            {
              "Dst": "南勢角",
              "Time": "19:50"
            },
            {
              "Dst": "南勢角",
              "Time": "19:58"
            },
            {
              "Dst": "南勢角",
              "Time": "20:06"
            },
            {
              "Dst": "南勢角",
              "Time": "20:14"
            },
            {
              "Dst": "南勢角",
              "Time": "20:22"
            },
            {
              "Dst": "南勢角",
              "Time": "20:30"
            },
            {
              "Dst": "南勢角",
              "Time": "20:39"
            },
            {
              "Dst": "南勢角",
              "Time": "20:47"
            },
            {
              "Dst": "南勢角",
              "Time": "20:55"
            },
            {
              "Dst": "南勢角",
              "Time": "21:03"
            },
            {
              "Dst": "南勢角",
              "Time": "21:11"
            },
            {
              "Dst": "南勢角",
              "Time": "21:19"
            },
            {
              "Dst": "南勢角",
              "Time": "21:27"
            },
            {
              "Dst": "南勢角",
              "Time": "21:35"
            },
            {
              "Dst": "南勢角",
              "Time": "21:43"
            },
            {
              "Dst": "南勢角",
              "Time": "21:51"
            },
            {
              "Dst": "南勢角",
              "Time": "21:59"
            },
            {
              "Dst": "南勢角",
              "Time": "22:07"
            },
            {
              "Dst": "南勢角",
              "Time": "22:15"
            },
            {
              "Dst": "南勢角",
              "Time": "22:23"
            },
            {
              "Dst": "南勢角",
              "Time": "22:32"
            },
            {
              "Dst": "南勢角",
              "Time": "22:41"
            },
            {
              "Dst": "南勢角",
              "Time": "22:51"
            },
            {
              "Dst": "南勢角",
              "Time": "23:03"
            },
            {
              "Dst": "南勢角",
              "Time": "23:15"
            },
            {
              "Dst": "南勢角",
              "Time": "23:27"
            },
            {
              "Dst": "南勢角",
              "Time": "23:39"
            },
            {
              "Dst": "南勢角",
              "Time": "23:51"
            },
            {
              "Dst": "南勢角",
              "Time": "00:00"
            }
          ]
        },
        {
          "Days": "6",
          "Departures": [
            {
              "Dst": "南勢角",
              "Time": "06:00"
            },
            {
              "Dst": "南勢角",
              "Time": "06:08"
            },
            {
              "Dst": "南勢角",
              "Time": "06:16"
            },
            {
              "Dst": "南勢角",
              "Time": "06:24"
            },
            {
              "Dst": "南勢角",
              "Time": "06:32"
            },
            {
              "Dst": "南勢角",
              "Time": "06:40"
            },
            {
              "Dst": "南勢角",
              "Time": "06:50"
            },
            {
              "Dst": "南勢角",
              "Time": "06:59"
            },
            {
              "Dst": "南勢角",
              "Time": "07:09"
            },
            {
              "Dst": "南勢角",
              "Time": "07:19"
            },
            {
              "Dst": "南勢角",
              "Time": "07:28"
            },
            {
              "Dst": "南勢角",
              "Time": "07:38"
            },
            {
              "Dst": "南勢角",
              "Time": "07:47"
            },
            {
              "Dst": "南勢角",
              "Time": "07:57"
            },
            {
              "Dst": "南勢角",
              "Time": "08:06"
            },
            {
              "Dst": "南勢角",
              "Time": "08:16"
            },
            {
              "Dst": "南勢角",
              "Time": "08:25"
            },
            {
              "Dst": "南勢角",
              "Time": "08:35"
            },
            {
              "Dst": "南勢角",
              "Time": "08:44"
            },
            {
              "Dst": "南勢角",
              "Time": "08:53"
            },
            {
              "Dst": "南勢角",
              "Time": "09:01"
            },
            {
              "Dst": "南勢角",
              "Time": "09:10"
            },
            {
              "Dst": "南勢角",
              "Time": "09:18"
            },
            {
              "Dst": "南勢角",
              "Time": "09:26"
            },
            {
              "Dst": "南勢角",
              "Time": "09:34"
            },
            {
              "Dst": "南勢角",
              "Time": "09:42"
            },
            {
              "Dst": "南勢角",
              "Time": "09:51"
            },
            {
              "Dst": "南勢角",
              "Time": "10:00"
            },
            {
              "Dst": "南勢角",
              "Time": "10:09"
            },
            {
              "Dst": "南勢角",
              "Time": "10:16"
            },
            {
              "Dst": "南勢角",
              "Time": "10:25"
            },
            {
              "Dst": "南勢角",
              "Time": "10:33"
            },
            {
              "Dst": "南勢角",
              "Time": "10:42"
            },
            {
              "Dst": "南勢角",
              "Time": "10:50"
            },
            {
              "Dst": "南勢角",
              "Time": "10:59"
            },
            {
              "Dst": "南勢角",
              "Time": "11:07"
            },
            {
              "Dst": "南勢角",
              "Time": "11:16"
            },
            {
              "Dst": "南勢角",
              "Time": "11:24"
            },
            {
              "Dst": "南勢角",
              "Time": "11:33"
            },
            {
              "Dst": "南勢角",
              "Time": "11:41"
            },
            {
              "Dst": "南勢角",
              "Time": "11:50"
            },
            {
              "Dst": "南勢角",
              "Time": "11:58"
            },
            {
              "Dst": "南勢角",
              "Time": "12:07"
            },
            {
              "Dst": "南勢角",
              "Time": "12:15"
            },
            {
              "Dst": "南勢角",
              "Time": "12:24"
            },
            {
              "Dst": "南勢角",
              "Time": "12:32"
            },
            {
              "Dst": "南勢角",
              "Time": "12:41"
            },
            {
              "Dst": "南勢角",
              "Time": "12:49"
            },
            {
              "Dst": "南勢角",
              "Time": "12:58"
            },
            {
              "Dst": "南勢角",
              "Time": "13:06"
            },
            {
              "Dst": "南勢角",
              "Time": "13:15"
            },
            {
              "Dst": "南勢角",
              "Time": "13:23"
            },
            {
              "Dst": "南勢角",
              "Time": "13:32"
            },
            {
              "Dst": "南勢角",
              "Time": "13:40"
            },
            {
              "Dst": "南勢角",
              "Time": "13:49"
            },
            {
              "Dst": "南勢角",
              "Time": "13:57"
            },
            {
              "Dst": "南勢角",
              "Time": "14:06"
            },
            {
              "Dst": "南勢角",
              "Time": "14:14"
            },
            {
              "Dst": "南勢角",
              "Time": "14:23"
            },
            {
              "Dst": "南勢角",
              "Time": "14:31"
            },
            {
              "Dst": "南勢角",
              "Time": "14:40"
            },
            {
              "Dst": "南勢角",
              "Time": "14:48"
            },
            {
              "Dst": "南勢角",
              "Time": "14:57"
            },
            {
              "Dst": "南勢角",
              "Time": "15:05"
            },
            {
              "Dst": "南勢角",
              "Time": "15:14"
            },
            {
              "Dst": "南勢角",
              "Time": "15:22"
            },
            {
              "Dst": "南勢角",
              "Time": "15:31"
            },
            {
              "Dst": "南勢角",
              "Time": "15:39"
            },
            {
              "Dst": "南勢角",
              "Time": "15:48"
            },
            {
              "Dst": "南勢角",
              "Time": "15:56"
            },
            {
              "Dst": "南勢角",
              "Time": "16:05"
            },
            {
              "Dst": "南勢角",
              "Time": "16:13"
            },
            {
              "Dst": "南勢角",
              "Time": "16:22"
            },
            {
              "Dst": "南勢角",
              "Time": "16:30"
            },
            {
              "Dst": "南勢角",
              "Time": "16:39"
            },
            {
              "Dst": "南勢角",
              "Time": "16:47"
            },
            {
              "Dst": "南勢角",
              "Time": "16:56"
            },
            {
              "Dst": "南勢角",
              "Time": "17:04"
            },
            {
              "Dst": "南勢角",
              "Time": "17:13"
            },
            {
              "Dst": "南勢角",
              "Time": "17:21"
            },
            {
              "Dst": "南勢角",
              "Time": "17:30"
            },
            {
              "Dst": "南勢角",
              "Time": "17:38"
            },
            {
              "Dst": "南勢角",
              "Time": "17:47"
            },
            {
              "Dst": "南勢角",
              "Time": "17:55"
            },
            {
              "Dst": "南勢角",
              "Time": "18:04"
            },
            {
              "Dst": "南勢角",
              "Time": "18:12"
            },
            {
              "Dst": "南勢角",
              "Time": "18:21"
            },
            {
              "Dst": "南勢角",
              "Time": "18:29"
            },
            {
              "Dst": "南勢角",
              "Time": "18:38"
            },
            {
              "Dst": "南勢角",
              "Time": "18:46"
            },
            {
              "Dst": "南勢角",
              "Time": "18:55"
            },
            {
              "Dst": "南勢角",
              "Time": "19:04"
            },
            {
              "Dst": "南勢角",
              "Time": "19:13"
            },
            {
              "Dst": "南勢角",
              "Time": "19:23"
            },
            {
              "Dst": "南勢角",
              "Time": "19:32"
            },
            {
              "Dst": "南勢角",
              "Time": "19:42"
            },
            {
              "Dst": "南勢角",
              "Time": "19:51"
            },
            {
              "Dst": "南勢角",
              "Time": "20:01"
            },
            {
              "Dst": "南勢角",
              "Time": "20:10"
            },
            {
              "Dst": "南勢角",
              "Time": "20:20"
            },
            {
              "Dst": "南勢角",
              "Time": "20:29"
            },
            {
              "Dst": "南勢角",
              "Time": "20:39"
            },
            {
              "Dst": "南勢角",
              "Time": "20:49"
            },
            {
              "Dst": "南勢角",
              "Time": "20:58"
            },
            {
              "Dst": "南勢角",
              "Time": "21:08"
            },
            {
              "Dst": "南勢角",
              "Time": "21:17"
            },
            {
              "Dst": "南勢角",
              "Time": "21:27"
            },
            {
              "Dst": "南勢角",
              "Time": "21:36"
            },
            {
              "Dst": "南勢角",
              "Time": "21:46"
            },
            {
              "Dst": "南勢角",
              "Time": "21:56"
            },
            {
              "Dst": "南勢角",
              "Time": "22:05"
            },
            {
              "Dst": "南勢角",
              "Time": "22:15"
            },
            {
              "Dst": "南勢角",
              "Time": "22:24"
            },
            {
              "Dst": "南勢角",
              "Time": "22:34"
            },
            {
              "Dst": "南勢角",
              "Time": "22:43"
            },
            {
              "Dst": "南勢角",
              "Time": "22:53"
            },
            {
              "Dst": "南勢角",
              "Time": "23:03"
            },
            {
              "Dst": "南勢角",
              "Time": "23:15"
            },
            {
              "Dst": "南勢角",
              "Time": "23:27"
            },
            {
              "Dst": "南勢角",
              "Time": "23:39"
            },
            {
              "Dst": "南勢角",
              "Time": "23:51"
            },
            {
              "Dst": "南勢角",
              "Time": "00:00"
            }
          ]
        },
        {
          "Days": "7",
          "Departures": [
            {
              "Dst": "南勢角",
              "Time": "06:00"
            },
            {
              "Dst": "南勢角",
              "Time": "06:08"
            },
            {
              "Dst": "南勢角",
              "Time": "06:16"
            },
            {
              "Dst": "南勢角",
              "Time": "06:24"
            },
            {
              "Dst": "南勢角",
              "Time": "06:32"
            },
            {
              "Dst": "南勢角",
              "Time": "06:40"
            },
            {
              "Dst": "南勢角",
              "Time": "06:50"
            },
            {
              "Dst": "南勢角",
              "Time": "06:59"
            },
            {
              "Dst": "南勢角",
              "Time": "07:09"
            },
            {
              "Dst": "南勢角",
              "Time": "07:19"
            },
            {
              "Dst": "南勢角",
              "Time": "07:28"
            },
            {
              "Dst": "南勢角",
              "Time": "07:38"
            },
            {
              "Dst": "南勢角",
              "Time": "07:47"
            },
            {
              "Dst": "南勢角",
              "Time": "07:57"
            },
            {
              "Dst": "南勢角",
              "Time": "08:06"
            },
            {
              "Dst": "南勢角",
              "Time": "08:16"
            },
            {
              "Dst": "南勢角",
              "Time": "08:25"
            },
            {
              "Dst": "南勢角",
              "Time": "08:35"
            },
            {
              "Dst": "南勢角",
              "Time": "08:44"
            },
            {
              "Dst": "南勢角",
              "Time": "08:53"
            },
            {
              "Dst": "南勢角",
              "Time": "09:01"
            },
            {
              "Dst": "南勢角",
              "Time": "09:10"
            },
            {
              "Dst": "南勢角",
              "Time": "09:18"
            },
            {
              "Dst": "南勢角",
              "Time": "09:26"
            },
            {
              "Dst": "南勢角",
              "Time": "09:34"
            },
            {
              "Dst": "南勢角",
              "Time": "09:42"
            },
            {
              "Dst": "南勢角",
              "Time": "09:51"
            },
            {
              "Dst": "南勢角",
              "Time": "10:00"
            },
            {
              "Dst": "南勢角",
              "Time": "10:09"
            },
            {
              "Dst": "南勢角",
              "Time": "10:16"
            },
            {
              "Dst": "南勢角",
              "Time": "10:25"
            },
            {
              "Dst": "南勢角",
              "Time": "10:33"
            },
            {
              "Dst": "南勢角",
              "Time": "10:42"
            },
            {
              "Dst": "南勢角",
              "Time": "10:50"
            },
            {
              "Dst": "南勢角",
              "Time": "10:59"
            },
            {
              "Dst": "南勢角",
              "Time": "11:07"
            },
            {
              "Dst": "南勢角",
              "Time": "11:16"
            },
            {
              "Dst": "南勢角",
              "Time": "11:24"
            },
            {
              "Dst": "南勢角",
              "Time": "11:33"
            },
            {
              "Dst": "南勢角",
              "Time": "11:41"
            },
            {
              "Dst": "南勢角",
              "Time": "11:50"
            },
            {
              "Dst": "南勢角",
              "Time": "11:58"
            },
            {
              "Dst": "南勢角",
              "Time": "12:07"
            },
            {
              "Dst": "南勢角",
              "Time": "12:15"
            },
            {
              "Dst": "南勢角",
              "Time": "12:24"
            },
            {
              "Dst": "南勢角",
              "Time": "12:32"
            },
            {
              "Dst": "南勢角",
              "Time": "12:41"
            },
            {
              "Dst": "南勢角",
              "Time": "12:49"
            },
            {
              "Dst": "南勢角",
              "Time": "12:58"
            },
            {
              "Dst": "南勢角",
              "Time": "13:06"
            },
            {
              "Dst": "南勢角",
              "Time": "13:15"
            },
            {
              "Dst": "南勢角",
              "Time": "13:23"
            },
            {
              "Dst": "南勢角",
              "Time": "13:32"
            },
            {
              "Dst": "南勢角",
              "Time": "13:40"
            },
            {
              "Dst": "南勢角",
              "Time": "13:49"
            },
            {
              "Dst": "南勢角",
              "Time": "13:57"
            },
            {
              "Dst": "南勢角",
              "Time": "14:06"
            },
            {
              "Dst": "南勢角",
              "Time": "14:14"
            },
            {
              "Dst": "南勢角",
              "Time": "14:23"
            },
            {
              "Dst": "南勢角",
              "Time": "14:31"
            },
            {
              "Dst": "南勢角",
              "Time": "14:40"
            },
            {
              "Dst": "南勢角",
              "Time": "14:48"
            },
            {
              "Dst": "南勢角",
              "Time": "14:57"
            },
            {
              "Dst": "南勢角",
              "Time": "15:05"
            },
            {
              "Dst": "南勢角",
              "Time": "15:14"
            },
            {
              "Dst": "南勢角",
              "Time": "15:22"
            },
            {
              "Dst": "南勢角",
              "Time": "15:31"
            },
            {
              "Dst": "南勢角",
              "Time": "15:39"
            },
            {
              "Dst": "南勢角",
              "Time": "15:48"
            },
            {
              "Dst": "南勢角",
              "Time": "15:56"
            },
            {
              "Dst": "南勢角",
              "Time": "16:05"
            },
            {
              "Dst": "南勢角",
              "Time": "16:13"
            },
            {
              "Dst": "南勢角",
              "Time": "16:22"
            },
            {
              "Dst": "南勢角",
              "Time": "16:30"
            },
            {
              "Dst": "南勢角",
              "Time": "16:39"
            },
            {
              "Dst": "南勢角",
              "Time": "16:47"
            },
            {
              "Dst": "南勢角",
              "Time": "16:56"
            },
            {
              "Dst": "南勢角",
              "Time": "17:04"
            },
            {
              "Dst": "南勢角",
              "Time": "17:13"
            },
            {
              "Dst": "南勢角",
              "Time": "17:21"
            },
            {
              "Dst": "南勢角",
              "Time": "17:30"
            },
            {
              "Dst": "南勢角",
              "Time": "17:38"
            },
            {
              "Dst": "南勢角",
              "Time": "17:47"
            },
            {
              "Dst": "南勢角",
              "Time": "17:55"
            },
            {
              "Dst": "南勢角",
              "Time": "18:04"
            },
            {
              "Dst": "南勢角",
              "Time": "18:12"
            },
            {
              "Dst": "南勢角",
              "Time": "18:21"
            },
            {
              "Dst": "南勢角",
              "Time": "18:29"
            },
            {
              "Dst": "南勢角",
              "Time": "18:38"
            },
            {
              "Dst": "南勢角",
              "Time": "18:46"
            },
            {
              "Dst": "南勢角",
              "Time": "18:55"
            },
            {
              "Dst": "南勢角",
              "Time": "19:04"
            },
            {
              "Dst": "南勢角",
              "Time": "19:13"
            },
            {
              "Dst": "南勢角",
              "Time": "19:23"
            },
            {
              "Dst": "南勢角",
              "Time": "19:32"
            },
            {
              "Dst": "南勢角",
              "Time": "19:42"
            },
            {
              "Dst": "南勢角",
              "Time": "19:51"
            },
            {
              "Dst": "南勢角",
              "Time": "20:01"
            },
            {
              "Dst": "南勢角",
              "Time": "20:10"
            },
            {
              "Dst": "南勢角",
              "Time": "20:20"
            },
            {
              "Dst": "南勢角",
              "Time": "20:29"
            },
            {
              "Dst": "南勢角",
              "Time": "20:39"
            },
            {
              "Dst": "南勢角",
              "Time": "20:49"
            },
            {
              "Dst": "南勢角",
              "Time": "20:58"
            },
            {
              "Dst": "南勢角",
              "Time": "21:08"
            },
            {
              "Dst": "南勢角",
              "Time": "21:17"
            },
            {
              "Dst": "南勢角",
              "Time": "21:27"
            },
            {
              "Dst": "南勢角",
              "Time": "21:36"
            },
            {
              "Dst": "南勢角",
              "Time": "21:46"
            },
            {
              "Dst": "南勢角",
              "Time": "21:56"
            },
            {
              "Dst": "南勢角",
              "Time": "22:05"
            },
            {
              "Dst": "南勢角",
              "Time": "22:15"
            },
            {
              "Dst": "南勢角",
              "Time": "22:24"
            },
            {
              "Dst": "南勢角",
              "Time": "22:34"
            },
            {
              "Dst": "南勢角",
              "Time": "22:43"
            },
            {
              "Dst": "南勢角",
              "Time": "22:53"
            },
            {
              "Dst": "南勢角",
              "Time": "23:03"
            },
            {
              "Dst": "南勢角",
              "Time": "23:15"
            },
            {
              "Dst": "南勢角",
              "Time": "23:27"
            },
            {
              "Dst": "南勢角",
              "Time": "23:39"
            },
            {
              "Dst": "南勢角",
              "Time": "23:51"
            },
            {
              "Dst": "南勢角",
              "Time": "00:00"
            }
          ]
        }
      ]
    }
  ]
}