[{"StationID":"BR01","StationName":{"Zh_tw":"動物園","En":"Taipei Zoo"},"StationPosition":{"PositionLat":24.998205,"PositionLon":121.579501},"StationAddress":"11656臺北市文山區新光路2段32號","BikeAllowOnHoliday":false,"SrcUpdateTime":"2018-01-10T13:00:00+08:00","UpdateTime":"2018-07-25T10:00:00+08:00","VersionID":1},{"StationID":"BR02","StationName":{"Zh_tw":"木柵","En":"Muzha"},"StationPosition":{"PositionLat":24.99824,"PositionLon":121.573127},"StationAddress":"11656臺北市文山區木柵路4段135號","BikeAllowOnHoliday":false,"SrcUpdateTime":"2018-01-10T13:00:00+08:00","UpdateTime":"2018-07-25T10:00:00+08:00","VersionID":1},{"StationID":"BR03","StationName":{"Zh_tw":"萬芳社區","En":"Wanfang Community"},"StationPosition":{"PositionLat":24.99857,"PositionLon":121.568088},"StationAddress":"11653臺北市文山區萬芳路60號","BikeAllowOnHoliday":false,"SrcUpdateTime":"2018-01-10T13:00:00+08:00","UpdateTime":"2018-07-25T10:00:00+08:00","VersionID":1},{"StationID":"BR04","StationName":{"Zh_tw":"萬芳醫院","En":"Wanfang Hospital"},"StationPosition":{"PositionLat":24.99932,"PositionLon":121.558092},"StationAddress":"11696臺北市文山區興隆路3段113號","BikeAllowOnHoliday":false,"SrcUpdateTime":"2018-01-10T13:00:00+08:00","UpdateTime":"2018-07-25T10:00:00+08:00","VersionID":1},{"StationID":"BR05","StationName":{"Zh_tw":"辛亥","En":"Xinhai"},"StationPosition":{"PositionLat":25.005455,"PositionLon":121.557046},"StationAddress":"11694臺北市文山區辛亥路4段128號","BikeAllowOnHoliday":false,"SrcUpdateTime":"2018-01-10T13:00:00+08:00","UpdateTime":"2018-07-25T10:00:00+08:00","VersionID":1},{"StationID":"BR06","StationName":{"Zh_tw":"麟光","En":"Linguang"},"StationPosition":{"PositionLat":25.018495,"PositionLon":121.558834},"StationAddress":"10676臺北市大安區和平東路3段410號","BikeAllowOnHoliday":false,"SrcUpdateTime":"2018-01-10T13:00:00+08:00","UpdateTime":"2018-07-25T10:00:00+08:00","VersionID":1},{"StationID":"BR07","StationName":{"Zh_tw":"六張犁","En":"Liuzhangli"},"StationPosition":{"PositionLat":25.02381,"PositionLon":121.55302},"StationAddress":"10674臺北市大安區和平東路3段168號","BikeAllowOnHoliday":false,"SrcUpdateTime":"2018-01-10T13:00:00+08:00","UpdateTime":"2018-07-25T10:00:00+08:00","VersionID":1},{"StationID":"BR08","StationName":{"Zh_tw":"科技大樓","En":"Technology Building"},"StationPosition":{"PositionLat":25.02612,"PositionLon":121.543462},"StationAddress":"10667臺北市大安區復興南路2段235號","BikeAllowOnHoliday":false,"SrcUpdateTime":"2018-01-10T13:00:00+08:00","UpdateTime":"2018-07-25T10:00:00+08:00","VersionID":1},{"StationID":"BR09","StationName":{"Zh_tw":"大安","En":"Daan"},"StationPosition":{"PositionLat":25.033311,"PositionLon":121.54237},"StationAddress":"10683臺北市大安區信義路4段2號","BikeAllowOnHoliday":false,"SrcUpdateTime":"2018-01-10T13:00:00+08:00","UpdateTime":"2018-07-25T10:00:00+08:00","VersionID":1},{"StationID":"BR10","StationName":{"Zh_tw":"忠孝復興","En":"Zhongxiao Fuxing"},"StationPosition":{"PositionLat":25.041749,"PositionLon":121.545026},"StationAddress":"10654臺北市大安區忠孝東路3段302號","BikeAllowOnHoliday":false,"SrcUpdateTime":"2018-01-10T13:00:00+08:00","UpdateTime":"2018-07-25T10:00:00+08:00","VersionID":1},{"StationID":"BR11","StationName":{"Zh_tw":"南京復興","En":"Nanjing Fuxing"},"StationPosition":{"PositionLat":25.052044,"PositionLon":121.544303},"StationAddress":"10550臺北市松山區南京東路3段253號","BikeAllowOnHoliday":true,"SrcUpdateTime":"2018-01-10T13:00:00+08:00","UpdateTime":"2018-07-25T10:00:00+08:00","VersionID":1},{"StationID":"BR12","StationName":{"Zh_tw":"中山國中","En":"Zhongshan Junior High School"},"StationPosition":{"PositionLat":25.06085,"PositionLon":121.544215},"StationAddress":"10476臺北市中山區復興北路376號","BikeAllowOnHoliday":false,"SrcUpdateTime":"2018-01-10T13:00:00+08:00","UpdateTime":"2018-07-25T10:00:00+08:00","VersionID":1},{"StationID":"BR13","StationName":{"Zh_tw":"松山機場","En":"Songshan Airport"},"StationPosition":{"PositionLat":25.062908,"PositionLon":121.55201},"StationAddress":"10576臺北市松山區敦化北路338號","BikeAllowOnHoliday":false,"SrcUpdateTime":"2018-01-10T13:00:00+08:00","UpdateTime":"2018-07-25T10:00:00+08:00","VersionID":1},{"StationID":"BR14","StationName":{"Zh_tw":"大直","En":"Dazhi"},"StationPosition":{"PositionLat":25.07943,"PositionLon":121.54679},"StationAddress":"10465臺北市中山區北安路534之1號","BikeAllowOnHoliday":false,"SrcUpdateTime":"2018-01-10T13:00:00+08:00","UpdateTime":"2018-07-25T10:00:00+08:00","VersionID":1},{"StationID":"BR15","StationName":{"Zh_tw":"劍南路","En":"Jiannan Rd."},"StationPosition":{"PositionLat":25.08483,"PositionLon":121.555582},"StationAddress":"10464臺北市中山區北安路798號","BikeAllowOnHoliday":false,"SrcUpdateTime":"2018-01-10T13:00:00+08:00","UpdateTime":"2018-07-25T10:00:00+08:00","VersionID":1},{"StationID":"BR16","StationName":{"Zh_tw":"西湖","En":"Xihu"},"StationPosition":{"PositionLat":25.08216,"PositionLon":121.567227},"StationAddress":"11493臺北市內湖區內湖路1段256號","BikeAllowOnHoliday":false,"SrcUpdateTime":"2018-01-10T13:00:00+08:00","UpdateTime":"2018-07-25T10:00:00+08:00","VersionID":1},{"StationID":"BR17","StationName":{"Zh_tw":"港墘","En":"Gangqian"},"StationPosition":{"PositionLat":25.08007,"PositionLon":121.57516},"StationAddress":"11446臺北市內湖區內湖路1段663號","BikeAllowOnHoliday":false,"SrcUpdateTime":"2018-01-10T13:00:00+08:00","UpdateTime":"2018-07-25T10:00:00+08:00","VersionID":1},{"StationID":"BR18","StationName":{"Zh_tw":"文德","En":"Wende"},"StationPosition":{"PositionLat":25.078455,"PositionLon":121.584999},"StationAddress":"11475臺北市內湖區文德路214號","BikeAllowOnHoliday":false,"SrcUpdateTime":"2018-01-10T13:00:00+08:00","UpdateTime":"2018-07-25T10:00:00+08:00","VersionID":1},{"StationID":"BR19","StationName":{"Zh_tw":"內湖","En":"Neihu"},"StationPosition":{"PositionLat":25.083675,"PositionLon":121.594363},"StationAddress":"11489臺北市內湖區成功路4段186號","BikeAllowOnHoliday":false,"SrcUpdateTime":"2018-01-10T13:00:00+08:00","UpdateTime":"2018-07-25T10:00:00+08:00","VersionID":1},{"StationID":"BR20","StationName":{"Zh_tw":"大湖公園","En":"Dahu Park"},"StationPosition":{"PositionLat":25.083805,"PositionLon":121.602214},"StationAddress":"11477臺北市內湖區成功路5段11號","BikeAllowOnHoliday":false,"SrcUpdateTime":"2018-01-10T13:00:00+08:00","UpdateTime":"2018-07-25T10:00:00+08:00","VersionID":1},{"StationID":"BR21","StationName":{"Zh_tw":"葫洲","En":"Huzhou"},"StationPosition":{"PositionLat":25.07271,"PositionLon":121.607146},"StationAddress":"11486臺北市內湖區康寧路3段16號","BikeAllowOnHoliday":false,"SrcUpdateTime":"2018-01-10T13:00:00+08:00","UpdateTime":"2018-07-25T10:00:00+08:00","VersionID":1},{"StationID":"BR22","StationName":{"Zh_tw":"東湖","En":"Donghu"},"StationPosition":{"PositionLat":25.067455,"PositionLon":121.611535},"StationAddress":"11486臺北市內湖區康寧路3段235號","BikeAllowOnHoliday":false,"SrcUpdateTime":"2018-01-10T13:00:00+08:00","UpdateTime":"2018-07-25T10:00:00+08:00","VersionID":1},{"StationID":"BR23","StationName":{"Zh_tw":"南港軟體園區","En":"Nangang Software Park"},"StationPosition":{"PositionLat":25.05992,"PositionLon":121.615},"StationAddress":"11568臺北市南港區經貿二路183號","BikeAllowOnHoliday":false,"SrcUpdateTime":"2018-01-10T13:00:00+08:00","UpdateTime":"2018-07-25T10:00:00+08:00","VersionID":1},{"StationID":"BR24","StationName":{"Zh_tw":"南港展覽館","En":"Taipei Nangang Exhibition Center"},"StationPosition":{"PositionLat":25.054919,"PositionLon":121.616861},"StationAddress":"11568臺北市南港區南港路1段32號","BikeAllowOnHoliday":false,"SrcUpdateTime":"2018-01-10T13:00:00+08:00","UpdateTime":"2018-07-25T10:00:00+08:00","VersionID":1},{"StationID":"R02","StationName":{"Zh_tw":"象山","En":"Xiangshan"},"StationPosition":{"PositionLat":25.032395,"PositionLon":121.570116},"StationAddress":"11080臺北市信義區信義路5段152號B1","BikeAllowOnHoliday":true,"SrcUpdateTime":"2018-01-10T13:00:00+08:00","UpdateTime":"2018-07-25T10:00:00+08:00","VersionID":1},{"StationID":"R03","StationName":{"Zh_tw":"台北101/世貿","En":"Taipei 101/World Trade Center"},"StationPosition":{"PositionLat":25.032865,"PositionLon":121.563667},"StationAddress":"11049臺北市信義區信義路5段20號B1","BikeAllowOnHoliday":true,"SrcUpdateTime":"2018-01-10T13:00:00+08:00","UpdateTime":"2018-07-25T10:00:00+08:00","VersionID":1},{"StationID":"R04","StationName":{"Zh_tw":"信義安和","En":"Xinyi Anhe"},"StationPosition":{"PositionLat":25.033015,"PositionLon":121.552326},"StationAddress":"10681臺北市大安區信義路4段212之1號B1","BikeAllowOnHoliday":true,"SrcUpdateTime":"2018-01-10T13:00:00+08:00","UpdateTime":"2018-07-25T10:00:00+08:00","VersionID":1},{"StationID":"R05","StationName":{"Zh_tw":"大安","En":"Daan"},"StationPosition":{"PositionLat":25.033311,"PositionLon":121.54237},"StationAddress":"10658臺北市大安區信義路3段180號","BikeAllowOnHoliday":false,"SrcUpdateTime":"2018-01-10T13:00:00+08:00","UpdateTime":"2018-07-25T10:00:00+08:00","VersionID":1},{"StationID":"R06","StationName":{"Zh_tw":"大安森林公園","En":"Daan Park"},"StationPosition":{"PositionLat":25.033225,"PositionLon":121.536151},"StationAddress":"10656臺北市大安區信義路3段100號B1","BikeAllowOnHoliday":true,"SrcUpdateTime":"2018-01-10T13:00:00+08:00","UpdateTime":"2018-07-25T10:00:00+08:00","VersionID":1},{"StationID":"R07","StationName":{"Zh_tw":"東門","En":"Dongmen"},"StationPosition":{"PositionLat":25.033894,"PositionLon":121.528766},"StationAddress":"10650臺北市大安區信義路2段166號B1","BikeAllowOnHoliday":true,"SrcUpdateTime":"2018-01-10T13:00:00+08:00","UpdateTime":"2018-07-25T10:00:00+08:00","VersionID":1},{"StationID":"R08","StationName":{"Zh_tw":"中正紀念堂","En":"Chiang Kai-Shek Memorial Hall"},"StationPosition":{"PositionLat":25.032767,"PositionLon":121.518273},"StationAddress":"10074臺北市中正區羅斯福路1段8之1號B1  ","BikeAllowOnHoliday":true,"SrcUpdateTime":"2018-01-10T13:00:00+08:00","UpdateTime":"2018-07-25T10:00:00+08:00","VersionID":1},{"StationID":"R09","StationName":{"Zh_tw":"台大醫院","En":"NTU Hospital"},"StationPosition":{"PositionLat":25.041399,"PositionLon":121.51602},"StationAddress":"10048臺北市中正區公園路52號B1","BikeAllowOnHoliday":true,"SrcUpdateTime":"2018-01-10T13:00:00+08:00","UpdateTime":"2018-07-25T10:00:00+08:00","VersionID":1},{"StationID":"R10","StationName":{"Zh_tw":"台北車站","En":"Taipei Main Station"},"StationPosition":{"PositionLat":25.04631,"PositionLon":121.517415},"StationAddress":"10041臺北市中正區忠孝西路1段49號","BikeAllowOnHoliday":false,"SrcUpdateTime":"2018-01-10T13:00:00+08:00","UpdateTime":"2018-07-25T10:00:00+08:00","VersionID":1},{"StationID":"R11","StationName":{"Zh_tw":"中山","En":"Zhongshan"},"StationPosition":{"PositionLat":25.052621,"PositionLon":121.520364},"StationAddress":"10444臺北市中山區南京西路16號","BikeAllowOnHoliday":true,"SrcUpdateTime":"2018-01-10T13:00:00+08:00","UpdateTime":"2018-07-25T10:00:00+08:00","VersionID":1},{"StationID":"R12","StationName":{"Zh_tw":"雙連","En":"Shuanglian"},"StationPosition":{"PositionLat":25.057575,"PositionLon":121.520685},"StationAddress":"10354臺北市大同區民生西路47號","BikeAllowOnHoliday":true,"SrcUpdateTime":"2018-01-10T13:00:00+08:00","UpdateTime":"2018-07-25T10:00:00+08:00","VersionID":1},{"StationID":"R13","StationName":{"Zh_tw":"民權西路","En":"Minzuan W. Rd."},"StationPosition":{"PositionLat":25.06235,"PositionLon":121.519585},"StationAddress":"10365臺北市大同區民權西路72號","BikeAllowOnHoliday":true,"SrcUpdateTime":"2018-01-10T13:00:00+08:00","UpdateTime":"2018-07-25T10:00:00+08:00","VersionID":1},{"StationID":"R14","StationName":{"Zh_tw":"圓山","En":"Yuanshan"},"StationPosition":{"PositionLat":25.071409,"PositionLon":121.520074},"StationAddress":"10367臺北市大同區酒泉街9之1號","BikeAllowOnHoliday":true,"SrcUpdateTime":"2018-01-10T13:00:00+08:00","UpdateTime":"2018-07-25T10:00:00+08:00","VersionID":1},{"StationID":"R15","StationName":{"Zh_tw":"劍潭","En":"Jiantan"},"StationPosition":{"PositionLat":25.084201,"PositionLon":121.524955},"StationAddress":"11163臺北市士林區中山北路5段65號","BikeAllowOnHoliday":true,"SrcUpdateTime":"2018-01-10T13:00:00+08:00","UpdateTime":"2018-07-25T10:00:00+08:00","VersionID":1},{"StationID":"R16","StationName":{"Zh_tw":"士林","En":"Shilin"},"StationPosition":{"PositionLat":25.093492,"PositionLon":121.52623},"StationAddress":"11163臺北市士林區福德路1號","BikeAllowOnHoliday":true,"SrcUpdateTime":"2018-01-10T13:00:00+08:00","UpdateTime":"2018-07-25T10:00:00+08:00","VersionID":1},{"StationID":"R17","StationName":{"Zh_tw":"芝山","En":"Zhishan"},"StationPosition":{"PositionLat":25.102718,"PositionLon":121.522546},"StationAddress":"11158臺北市士林區福國路70號","BikeAllowOnHoliday":true,"SrcUpdateTime":"2018-01-10T13:00:00+08:00","UpdateTime":"2018-07-25T10:00:00+08:00","VersionID":1},{"StationID":"R18","StationName":{"Zh_tw":"明德","En":"Mingde"},"StationPosition":{"PositionLat":25.109815,"PositionLon":121.518785},"StationAddress":"11280臺北市北投區明德路95號","BikeAllowOnHoliday":true,"SrcUpdateTime":"2018-01-10T13:00:00+08:00","UpdateTime":"2018-07-25T10:00:00+08:00","VersionID":1},{"StationID":"R19","StationName":{"Zh_tw":"石牌","En":"Shipai"},"StationPosition":{"PositionLat":25.114455,"PositionLon":121.515572},"StationAddress":"11271臺北市北投區石牌路1段200號","BikeAllowOnHoliday":true,"SrcUpdateTime":"2018-01-10T13:00:00+08:00","UpdateTime":"2018-07-25T10:00:00+08:00","VersionID":1},{"StationID":"R20","StationName":{"Zh_tw":"唭哩岸","En":"Qilian"},"StationPosition":{"PositionLat":25.120852,"PositionLon":121.506234},"StationAddress":"11265臺北市北投區東華街2段301號","BikeAllowOnHoliday":true,"SrcUpdateTime":"2018-01-10T13:00:00+08:00","UpdateTime":"2018-07-25T10:00:00+08:00","VersionID":1},{"StationID":"R21","StationName":{"Zh_tw":"奇岩","En":"Qiyan"},"StationPosition":{"PositionLat":25.12547,"PositionLon":121.50114},"StationAddress":"11270臺北市北投區三合街2段489號","BikeAllowOnHoliday":true,"SrcUpdateTime":"2018-01-10T13:00:00+08:00","UpdateTime":"2018-07-25T10:00:00+08:00","VersionID":1},{"StationID":"R22","StationName":{"Zh_tw":"北投","En":"Beitou"},"StationPosition":{"PositionLat":25.131819,"PositionLon":121.498648},"StationAddress":"11246臺北市北投區光明路1號","BikeAllowOnHoliday":true,"SrcUpdateTime":"2018-01-10T13:00:00+08:00","UpdateTime":"2018-07-25T10:00:00+08:00","VersionID":1},{"StationID":"R22A","StationName":{"Zh_tw":"新北投","En":"Xinbeitou"},"StationPosition":{"PositionLat":25.136931,"PositionLon":121.502595},"StationAddress":"11268臺北市北投區大業路700號","BikeAllowOnHoliday":true,"SrcUpdateTime":"2018-01-10T13:00:00+08:00","UpdateTime":"2018-07-25T10:00:00+08:00","VersionID":1},{"StationID":"R23","StationName":{"Zh_tw":"復興崗","En":"Fuxinggang"},"StationPosition":{"PositionLat":25.137497,"PositionLon":121.485456},"StationAddress":"11257臺北市北投區中央北路3段53巷10號","BikeAllowOnHoliday":true,"SrcUpdateTime":"2018-01-10T13:00:00+08:00","UpdateTime":"2018-07-25T10:00:00+08:00","VersionID":1},{"StationID":"R24","StationName":{"Zh_tw":"忠義","En":"Zhongyi"},"StationPosition":{"PositionLat":25.130923,"PositionLon":121.473298},"StationAddress":"11257臺北市北投區中央北路4段301號","BikeAllowOnHoliday":true,"SrcUpdateTime":"2018-01-10T13:00:00+08:00","UpdateTime":"2018-07-25T10:00:00+08:00","VersionID":1},{"StationID":"R25","StationName":{"Zh_tw":"關渡","En":"Guandu"},"StationPosition":{"PositionLat":25.12551,"PositionLon":121.467},"StationAddress":"11259臺北市北投區大度路3段296巷51號","BikeAllowOnHoliday":true,"SrcUpdateTime":"2018-01-10T13:00:00+08:00","UpdateTime":"2018-07-25T10:00:00+08:00","VersionID":1},{"StationID":"R26","StationName":{"Zh_tw":"竹圍","En":"Zhuwei"},"StationPosition":{"PositionLat":25.1369,"PositionLon":121.45955},"StationAddress":"25173新北市淡水區民權路50號","BikeAllowOnHoliday":true,"SrcUpdateTime":"2018-01-10T13:00:00+08:00","UpdateTime":"2018-07-25T10:00:00+08:00","VersionID":1},{"StationID":"R27","StationName":{"Zh_tw":"紅樹林","En":"Hongshulin"},"StationPosition":{"PositionLat":25.15399,"PositionLon":121.4588},"StationAddress":"25173新北市淡水區中正東路2段68號","BikeAllowOnHoliday":true,"SrcUpdateTime":"2018-01-10T13:00:00+08:00","UpdateTime":"2018-07-25T10:00:00+08:00","VersionID":1},{"StationID":"R28","StationName":{"Zh_tw":"淡水","En":"Tamsui"},"StationPosition":{"PositionLat":25.167745,"PositionLon":121.445805},"StationAddress":"25158新北市淡水區中正路1號","BikeAllowOnHoliday":false,"SrcUpdateTime":"2018-01-10T13:00:00+08:00","UpdateTime":"2018-07-25T10:00:00+08:00","VersionID":1},{"StationID":"G01","StationName":{"Zh_tw":"新店","En":"Xindian"},"StationPosition":{"PositionLat":24.95761,"PositionLon":121.53746},"StationAddress":"23152新北市新店區北宜路1段2號","BikeAllowOnHoliday":true,"SrcUpdateTime":"2018-01-10T13:00:00+08:00","UpdateTime":"2018-07-25T10:00:00+08:00","VersionID":1},{"StationID":"G02","StationName":{"Zh_tw":"新店區公所","En":"Xindian District Office"},"StationPosition":{"PositionLat":24.96744,"PositionLon":121.5413},"StationAddress":"23147新北市新店區北新路1段295號","BikeAllowOnHoliday":true,"SrcUpdateTime":"2018-01-10T13:00:00+08:00","UpdateTime":"2018-07-25T10:00:00+08:00","VersionID":1},{"StationID":"G03","StationName":{"Zh_tw":"七張","En":"Qizhang"},"StationPosition":{"PositionLat":24.97545,"PositionLon":121.542985},"StationAddress":"23143新北市新店區北新路2段150號","BikeAllowOnHoliday":true,"SrcUpdateTime":"2018-01-10T13:00:00+08:00","UpdateTime":"2018-07-25T10:00:00+08:00","VersionID":1},{"StationID":"G03A","StationName":{"Zh_tw":"小碧潭","En":"Xiaobitan"},"StationPosition":{"PositionLat":24.97188,"PositionLon":121.53058},"StationAddress":"23150新北市新店區中央路151號4樓","BikeAllowOnHoliday":true,"SrcUpdateTime":"2018-01-10T13:00:00+08:00","UpdateTime":"2018-07-25T10:00:00+08:00","VersionID":1},{"StationID":"G04","StationName":{"Zh_tw":"大坪林","En":"Dapinglin"},"StationPosition":{"PositionLat":24.98272,"PositionLon":121.54134},"StationAddress":"23143新北市新店區北新路3段190號","BikeAllowOnHoliday":true,"SrcUpdateTime":"2018-01-10T13:00:00+08:00","UpdateTime":"2018-07-25T10:00:00+08:00","VersionID":1},{"StationID":"G05","StationName":{"Zh_tw":"景美","En":"Jingmei"},"StationPosition":{"PositionLat":24.992824,"PositionLon":121.540697},"StationAddress":"11674臺北市文山區羅斯福路6段393號","BikeAllowOnHoliday":true,"SrcUpdateTime":"2018-01-10T13:00:00+08:00","UpdateTime":"2018-07-25T10:00:00+08:00","VersionID":1},{"StationID":"G06","StationName":{"Zh_tw":"萬隆","En":"Wanlong"},"StationPosition":{"PositionLat":25.001978,"PositionLon":121.539008},"StationAddress":"11678臺北市文山區羅斯福路5段214號","BikeAllowOnHoliday":true,"SrcUpdateTime":"2018-01-10T13:00:00+08:00","UpdateTime":"2018-07-25T10:00:00+08:00","VersionID":1},{"StationID":"G07","StationName":{"Zh_tw":"公館","En":"Gongguan"},"StationPosition":{"PositionLat":25.014781,"PositionLon":121.534358},"StationAddress":"10091臺北市中正區羅斯福路4段74號B1","BikeAllowOnHoliday":true,"SrcUpdateTime":"2018-01-10T13:00:00+08:00","UpdateTime":"2018-07-25T10:00:00+08:00","VersionID":1},{"StationID":"G08","StationName":{"Zh_tw":"台電大樓","En":"Taipower Building"},"StationPosition":{"PositionLat":25.020733,"PositionLon":121.528143},"StationAddress":"10089臺北市中正區羅斯福路3段126之5號B1","BikeAllowOnHoliday":true,"SrcUpdateTime":"2018-01-10T13:00:00+08:00","UpdateTime":"2018-07-25T10:00:00+08:00","VersionID":1},{"StationID":"G09","StationName":{"Zh_tw":"古亭","En":"Guting"},"StationPosition":{"PositionLat":25.026373,"PositionLon":121.522868},"StationAddress":"10084臺北市中正區羅斯福路2段164之1號B1 ","BikeAllowOnHoliday":true,"SrcUpdateTime":"2018-01-10T13:00:00+08:00","UpdateTime":"2018-07-25T10:00:00+08:00","VersionID":1},{"StationID":"G10","StationName":{"Zh_tw":"中正紀念堂","En":"Chiang Kai-Shek Memorial Hall"},"StationPosition":{"PositionLat":25.032767,"PositionLon":121.518273},"StationAddress":"10074臺北市中正區羅斯福路1段8之1號B1  ","BikeAllowOnHoliday":true,"SrcUpdateTime":"2018-01-10T13:00:00+08:00","UpdateTime":"2018-07-25T10:00:00+08:00","VersionID":1},{"StationID":"G11","StationName":{"Zh_tw":"小南門","En":"Xiaonanmen"},"StationPosition":{"PositionLat":25.035585,"PositionLon":121.51088},"StationAddress":"10066臺北市中正區愛國西路22號B1","BikeAllowOnHoliday":true,"SrcUpdateTime":"2018-01-10T13:00:00+08:00","UpdateTime":"2018-07-25T10:00:00+08:00","VersionID":1},{"StationID":"G12","StationName":{"Zh_tw":"西門","En":"Ximen"},"StationPosition":{"PositionLat":25.042025,"PositionLon":121.508175},"StationAddress":"10042臺北市中正區寶慶路32之1號B1","BikeAllowOnHoliday":true,"SrcUpdateTime":"2018-01-10T13:00:00+08:00","UpdateTime":"2018-07-25T10:00:00+08:00","VersionID":1},{"StationID":"G13","StationName":{"Zh_tw":"北門","En":"Beimen"},"StationPosition":{"PositionLat":25.049554,"PositionLon":121.510184},"StationAddress":"10341臺北市大同區塔城街10號","BikeAllowOnHoliday":true,"SrcUpdateTime":"2018-01-10T13:00:00+08:00","UpdateTime":"2018-07-25T10:00:00+08:00","VersionID":1},{"StationID":"G14","StationName":{"Zh_tw":"中山","En":"Zhongshan"},"StationPosition":{"PositionLat":25.052621,"PositionLon":121.520364},"StationAddress":"10352臺北市大同區南京西路55號","BikeAllowOnHoliday":true,"SrcUpdateTime":"2018-01-10T13:00:00+08:00","UpdateTime":"2018-07-25T10:00:00+08:00","VersionID":1},{"StationID":"G15","StationName":{"Zh_tw":"松江南京","En":"Songliang Nanjing"},"StationPosition":{"PositionLat":25.052693,"PositionLon":121.53285},"StationAddress":"10457臺北市中山區松江路126號B1","BikeAllowOnHoliday":true,"SrcUpdateTime":"2018-01-10T13:00:00+08:00","UpdateTime":"2018-07-25T10:00:00+08:00","VersionID":1},{"StationID":"G16","StationName":{"Zh_tw":"南京復興","En":"Nanjing Fuxing"},"StationPosition":{"PositionLat":25.052044,"PositionLon":121.544303},"StationAddress":"10550臺北市松山區南京東路3段253號","BikeAllowOnHoliday":true,"SrcUpdateTime":"2018-01-10T13:00:00+08:00","UpdateTime":"2018-07-25T10:00:00+08:00","VersionID":1},{"StationID":"G17","StationName":{"Zh_tw":"台北小巨蛋","En":"Taipei Arena"},"StationPosition":{"PositionLat":25.05152,"PositionLon":121.552549},"StationAddress":"10553臺北市松山區南京東路4段10-1號","BikeAllowOnHoliday":true,"SrcUpdateTime":"2018-01-10T13:00:00+08:00","UpdateTime":"2018-07-25T10:00:00+08:00","VersionID":1},{"StationID":"G18","StationName":{"Zh_tw":"南京三民","En":"Nanjing Sanmin"},"StationPosition":{"PositionLat":25.051588,"PositionLon":121.56471},"StationAddress":"10569臺北市松山區南京東路5段237號","BikeAllowOnHoliday":true,"SrcUpdateTime":"2018-01-10T13:00:00+08:00","UpdateTime":"2018-07-25T10:00:00+08:00","VersionID":1},{"StationID":"G19","StationName":{"Zh_tw":"松山","En":"Songshan"},"StationPosition":{"PositionLat":25.050118,"PositionLon":121.577706},"StationAddress":"10567臺北市松山區八德路4段742號","BikeAllowOnHoliday":true,"SrcUpdateTime":"2018-01-10T13:00:00+08:00","UpdateTime":"2018-07-25T10:00:00+08:00","VersionID":1},{"StationID":"O01","StationName":{"Zh_tw":"南勢角","En":"Nanshijiao"},"StationPosition":{"PositionLat":24.990065,"PositionLon":121.509237},"StationAddress":"23566新北市中和區捷運路6號  ","BikeAllowOnHoliday":true,"SrcUpdateTime":"2018-01-10T13:00:00+08:00","UpdateTime":"2018-07-25T10:00:00+08:00","VersionID":1},{"StationID":"O02","StationName":{"Zh_tw":"景安","En":"Jingan"},"StationPosition":{"PositionLat":24.99392,"PositionLon":121.505114},"StationAddress":"23582新北市中和區景平路486號","BikeAllowOnHoliday":true,"SrcUpdateTime":"2018-01-10T13:00:00+08:00","UpdateTime":"2018-07-25T10:00:00+08:00","VersionID":1},{"StationID":"O03","StationName":{"Zh_tw":"永安市場","En":"Yongan Market"},"StationPosition":{"PositionLat":25.002895,"PositionLon":121.511225},"StationAddress":"23574新北市中和區中和路388號","BikeAllowOnHoliday":true,"SrcUpdateTime":"2018-01-10T13:00:00+08:00","UpdateTime":"2018-07-25T10:00:00+08:00","VersionID":1},{"StationID":"O04","StationName":{"Zh_tw":"頂溪","En":"Dingxi"},"StationPosition":{"PositionLat":25.013858,"PositionLon":121.515462},"StationAddress":"23445新北市永和區永和路2段168號B1  ","BikeAllowOnHoliday":true,"SrcUpdateTime":"2018-01-10T13:00:00+08:00","UpdateTime":"2018-07-25T10:00:00+08:00","VersionID":1},{"StationID":"O05","StationName":{"Zh_tw":"古亭","En":"Guting"},"StationPosition":{"PositionLat":25.026373,"PositionLon":121.522868},"StationAddress":"10084臺北市中正區羅斯福路2段164之1號B1 ","BikeAllowOnHoliday":true,"SrcUpdateTime":"2018-01-10T13:00:00+08:00","UpdateTime":"2018-07-25T10:00:00+08:00","VersionID":1},{"StationID":"O06","StationName":{"Zh_tw":"東門","En":"Dongmen"},"StationPosition":{"PositionLat":25.033894,"PositionLon":121.528766},"StationAddress":"10650臺北市大安區信義路2段166號B1","BikeAllowOnHoliday":true,"SrcUpdateTime":"2018-01-10T13:00:00+08:00","UpdateTime":"2018-07-25T10:00:00+08:00","VersionID":1},{"StationID":"O07","StationName":{"Zh_tw":"忠孝新生","En":"Zhongxiao Xinsheng"},"StationPosition":{"PositionLat":25.042498,"PositionLon":121.53321},"StationAddress":"10652臺北市大安區新生南路1段67號","BikeAllowOnHoliday":true,"SrcUpdateTime":"2018-01-10T13:00:00+08:00","UpdateTime":"2018-07-25T10:00:00+08:00","VersionID":1},{"StationID":"O08","StationName":{"Zh_tw":"松江南京","En":"Songliang Nanjing"},"StationPosition":{"PositionLat":25.052693,"PositionLon":121.53285},"StationAddress":"10457臺北市中山區松江路126號B1","BikeAllowOnHoliday":true,"SrcUpdateTime":"2018-01-10T13:00:00+08:00","UpdateTime":"2018-07-25T10:00:00+08:00","VersionID":1},{"StationID":"O09","StationName":{"Zh_tw":"行天宮","En":"Xingtian Temple"},"StationPosition":{"PositionLat":25.05924,"PositionLon":121.53315},"StationAddress":"10468臺北市中山區松江路316號B1","BikeAllowOnHoliday":true,"SrcUpdateTime":"2018-01-10T13:00:00+08:00","UpdateTime":"2018-07-25T10:00:00+08:00","VersionID":1},{"StationID":"O10","StationName":{"Zh_tw":"中山國小","En":"Zhongshan Elementary School"},"StationPosition":{"PositionLat":25.062665,"PositionLon":121.526609},"StationAddress":"10452臺北市中山區民權東路1段71號B1","BikeAllowOnHoliday":true,"SrcUpdateTime":"2018-01-10T13:00:00+08:00","UpdateTime":"2018-07-25T10:00:00+08:00","VersionID":1},{"StationID":"O11","StationName":{"Zh_tw":"民權西路","En":"Minzuan W. Rd."},"StationPosition":{"PositionLat":25.06235,"PositionLon":121.519585},"StationAddress":"10365臺北市大同區民權西路72號","BikeAllowOnHoliday":true,"SrcUpdateTime":"2018-01-10T13:00:00+08:00","UpdateTime":"2018-07-25T10:00:00+08:00","VersionID":1},{"StationID":"O12","StationName":{"Zh_tw":"大橋頭","En":"Daqiaotou"},"StationPosition":{"PositionLat":25.06322,"PositionLon":121.513003},"StationAddress":"10357臺北市大同區民權西路223號B1","BikeAllowOnHoliday":true,"SrcUpdateTime":"2018-01-10T13:00:00+08:00","UpdateTime":"2018-07-25T10:00:00+08:00","VersionID":1},{"StationID":"O13","StationName":{"Zh_tw":"台北橋","En":"Taipei Bridge"},"StationPosition":{"PositionLat":25.063075,"PositionLon":121.500575},"StationAddress":"24142新北市三重區重新路1段108號B1","BikeAllowOnHoliday":true,"SrcUpdateTime":"2018-01-10T13:00:00+08:00","UpdateTime":"2018-07-25T10:00:00+08:00","VersionID":1},{"StationID":"O14","StationName":{"Zh_tw":"菜寮","En":"Cailiao"},"StationPosition":{"PositionLat":25.059451,"PositionLon":121.491421},"StationAddress":"24143新北市三重區重新路3段150號B1 ","BikeAllowOnHoliday":true,"SrcUpdateTime":"2018-01-10T13:00:00+08:00","UpdateTime":"2018-07-25T10:00:00+08:00","VersionID":1},{"StationID":"O15","StationName":{"Zh_tw":"三重","En":"Sanchong"},"StationPosition":{"PositionLat":25.05571,"PositionLon":121.48422},"StationAddress":"24161新北市三重區捷運路36號B1","BikeAllowOnHoliday":true,"SrcUpdateTime":"2018-01-10T13:00:00+08:00","UpdateTime":"2018-07-25T10:00:00+08:00","VersionID":1},{"StationID":"O16","StationName":{"Zh_tw":"先嗇宮","En":"Xianse Temple"},"StationPosition":{"PositionLat":25.04632,"PositionLon":121.47165},"StationAddress":"24158新北市三重區重新路5段515號B1","BikeAllowOnHoliday":true,"SrcUpdateTime":"2018-01-10T13:00:00+08:00","UpdateTime":"2018-07-25T10:00:00+08:00","VersionID":1},{"StationID":"O17","StationName":{"Zh_tw":"頭前庄","En":"Touqianzhuang"},"StationPosition":{"PositionLat":25.039735,"PositionLon":121.461655},"StationAddress":"24251新北市新莊區思源路18號B1","BikeAllowOnHoliday":true,"SrcUpdateTime":"2018-01-10T13:00:00+08:00","UpdateTime":"2018-07-25T10:00:00+08:00","VersionID":1},{"StationID":"O18","StationName":{"Zh_tw":"新莊","En":"Xinzhuang"},"StationPosition":{"PositionLat":25.03608,"PositionLon":121.45218},"StationAddress":"24243新北市新莊區中正路138號B1","BikeAllowOnHoliday":true,"SrcUpdateTime":"2018-01-10T13:00:00+08:00","UpdateTime":"2018-07-25T10:00:00+08:00","VersionID":1},{"StationID":"O19","StationName":{"Zh_tw":"輔大","En":"Fu Jen University"},"StationPosition":{"PositionLat":25.03279,"PositionLon":121.435735},"StationAddress":"24205新北市新莊區中正路510之1號B1","BikeAllowOnHoliday":true,"SrcUpdateTime":"2018-01-10T13:00:00+08:00","UpdateTime":"2018-07-25T10:00:00+08:00","VersionID":1},{"StationID":"O20","StationName":{"Zh_tw":"丹鳳","En":"Danfeng"},"StationPosition":{"PositionLat":25.029073,"PositionLon":121.422422},"StationAddress":"24256新北市新莊區中正路624之1號B1","BikeAllowOnHoliday":true,"SrcUpdateTime":"2018-01-10T13:00:00+08:00","UpdateTime":"2018-07-25T10:00:00+08:00","VersionID":1},{"StationID":"O21","StationName":{"Zh_tw":"迴龍","En":"Huilong"},"StationPosition":{"PositionLat":25.022107,"PositionLon":121.411757},"StationAddress":"24257新北市新莊區中正路758號B1","BikeAllowOnHoliday":true,"SrcUpdateTime":"2018-01-10T13:00:00+08:00","UpdateTime":"2018-07-25T10:00:00+08:00","VersionID":1},{"StationID":"O50","StationName":{"Zh_tw":"三重國小","En":"Sanchong Elementary School"},"StationPosition":{"PositionLat":25.070275,"PositionLon":121.49701},"StationAddress":"24149新北市三重區三和路3段5號B1","BikeAllowOnHoliday":true,"SrcUpdateTime":"2018-01-10T13:00:00+08:00","UpdateTime":"2018-07-25T10:00:00+08:00","VersionID":1},{"StationID":"O51","StationName":{"Zh_tw":"三和國中","En":"Sanhe Junior High School"},"StationPosition":{"PositionLat":25.07646,"PositionLon":121.486795},"StationAddress":"24152新北市三重區三和路4段107號B1","BikeAllowOnHoliday":true,"SrcUpdateTime":"2018-01-10T13:00:00+08:00","UpdateTime":"2018-07-25T10:00:00+08:00","VersionID":1},{"StationID":"O52","StationName":{"Zh_tw":"徐匯中學","En":"St.lgnatius High School"},"StationPosition":{"PositionLat":25.080485,"PositionLon":121.479945},"StationAddress":"24753新北市蘆洲區中山一路3號B1","BikeAllowOnHoliday":true,"SrcUpdateTime":"2018-01-10T13:00:00+08:00","UpdateTime":"2018-07-25T10:00:00+08:00","VersionID":1},{"StationID":"O53","StationName":{"Zh_tw":"三民高中","En":"Sanmin Senior High School"},"StationPosition":{"PositionLat":25.085425,"PositionLon":121.473365},"StationAddress":"24760新北市蘆洲區三民路105號B1","BikeAllowOnHoliday":true,"SrcUpdateTime":"2018-01-10T13:00:00+08:00","UpdateTime":"2018-07-25T10:00:00+08:00","VersionID":1},{"StationID":"O54","StationName":{"Zh_tw":"蘆洲","En":"Luzhou"},"StationPosition":{"PositionLat":25.09152,"PositionLon":121.46471},"StationAddress":"24760新北市蘆洲區三民路386號B1","BikeAllowOnHoliday":true,"SrcUpdateTime":"2018-01-10T13:00:00+08:00","UpdateTime":"2018-07-25T10:00:00+08:00","VersionID":1},{"StationID":"BL01","StationName":{"Zh_tw":"頂埔","En":"Dingpu"},"StationPosition":{"PositionLat":24.96012,"PositionLon":121.4205},"StationAddress":"23671新北市土城區中央路4段51-6號B3","BikeAllowOnHoliday":true,"SrcUpdateTime":"2018-01-10T13:00:00+08:00","UpdateTime":"2018-07-25T10:00:00+08:00","VersionID":1},{"StationID":"BL02","StationName":{"Zh_tw":"永寧","En":"Yongning"},"StationPosition":{"PositionLat":24.96682,"PositionLon":121.43613},"StationAddress":"23671新北市土城區中央路3段105號B1","BikeAllowOnHoliday":true,"SrcUpdateTime":"2018-01-10T13:00:00+08:00","UpdateTime":"2018-07-25T10:00:00+08:00","VersionID":1},{"StationID":"BL03","StationName":{"Zh_tw":"土城","En":"Tucheng"},"StationPosition":{"PositionLat":24.97313,"PositionLon":121.44432},"StationAddress":"23671新北市土城區金城路1段105號B1","BikeAllowOnHoliday":true,"SrcUpdateTime":"2018-01-10T13:00:00+08:00","UpdateTime":"2018-07-25T10:00:00+08:00","VersionID":1},{"StationID":"BL04","StationName":{"Zh_tw":"海山","En":"Haishan"},"StationPosition":{"PositionLat":24.985305,"PositionLon":121.44873},"StationAddress":"23660新北市土城區海山路39號B2","BikeAllowOnHoliday":true,"SrcUpdateTime":"2018-01-10T13:00:00+08:00","UpdateTime":"2018-07-25T10:00:00+08:00","VersionID":1},{"StationID":"BL05","StationName":{"Zh_tw":"亞東醫院","En":"Far Eastern Hospital"},"StationPosition":{"PositionLat":24.99828,"PositionLon":121.452465},"StationAddress":"22060新北市板橋區南雅南路2段17號B1","BikeAllowOnHoliday":true,"SrcUpdateTime":"2018-01-10T13:00:00+08:00","UpdateTime":"2018-07-25T10:00:00+08:00","VersionID":1},{"StationID":"BL06","StationName":{"Zh_tw":"府中","En":"Fuzhong"},"StationPosition":{"PositionLat":25.008465,"PositionLon":121.459276},"StationAddress":"22055新北市板橋區縣民大道1段193號B1","BikeAllowOnHoliday":true,"SrcUpdateTime":"2018-01-10T13:00:00+08:00","UpdateTime":"2018-07-25T10:00:00+08:00","VersionID":1},{"StationID":"BL07","StationName":{"Zh_tw":"板橋","En":"Banqiao"},"StationPosition":{"PositionLat":25.013825,"PositionLon":121.462305},"StationAddress":"22041新北市板橋區站前路5號B1","BikeAllowOnHoliday":true,"SrcUpdateTime":"2018-01-10T13:00:00+08:00","UpdateTime":"2018-07-25T10:00:00+08:00","VersionID":1},{"StationID":"BL08","StationName":{"Zh_tw":"新埔","En":"Xinpu"},"StationPosition":{"PositionLat":25.02327,"PositionLon":121.468055},"StationAddress":"22047新北市板橋區民生路3段2號B1","BikeAllowOnHoliday":true,"SrcUpdateTime":"2018-01-10T13:00:00+08:00","UpdateTime":"2018-07-25T10:00:00+08:00","VersionID":1},{"StationID":"BL09","StationName":{"Zh_tw":"江子翠","En":"Jiangzicui"},"StationPosition":{"PositionLat":25.030265,"PositionLon":121.47257},"StationAddress":"22044新北市板橋區文化路2段296號B1","BikeAllowOnHoliday":true,"SrcUpdateTime":"2018-01-10T13:00:00+08:00","UpdateTime":"2018-07-25T10:00:00+08:00","VersionID":1},{"StationID":"BL10","StationName":{"Zh_tw":"龍山寺","En":"Longshan Temple"},"StationPosition":{"PositionLat":25.03528,"PositionLon":121.500325},"StationAddress":"10855臺北市萬華區西園路1段153號","BikeAllowOnHoliday":true,"SrcUpdateTime":"2018-01-10T13:00:00+08:00","UpdateTime":"2018-07-25T10:00:00+08:00","VersionID":1},{"StationID":"BL11","StationName":{"Zh_tw":"西門","En":"Ximen"},"StationPosition":{"PositionLat":25.042025,"PositionLon":121.508175},"StationAddress":"10042臺北市中正區寶慶路32之1號B1","BikeAllowOnHoliday":true,"SrcUpdateTime":"2018-01-10T13:00:00+08:00","UpdateTime":"2018-07-25T10:00:00+08:00","VersionID":1},{"StationID":"BL12","StationName":{"Zh_tw":"台北車站","En":"Taipei Main Station"},"StationPosition":{"PositionLat":25.04631,"PositionLon":121.517415},"StationAddress":"10041臺北市中正區忠孝西路1段49號","BikeAllowOnHoliday":false,"SrcUpdateTime":"2018-01-10T13:00:00+08:00","UpdateTime":"2018-07-25T10:00:00+08:00","VersionID":1},{"StationID":"BL13","StationName":{"Zh_tw":"善導寺","En":"Shandao Temple"},"StationPosition":{"PositionLat":25.04468,"PositionLon":121.523885},"StationAddress":"10049臺北市中正區忠孝東路1段58號B1","BikeAllowOnHoliday":true,"SrcUpdateTime":"2018-01-10T13:00:00+08:00","UpdateTime":"2018-07-25T10:00:00+08:00","VersionID":1},{"StationID":"BL14","StationName":{"Zh_tw":"忠孝新生","En":"Zhongxiao Xinsheng"},"StationPosition":{"PositionLat":25.042498,"PositionLon":121.53321},"StationAddress":"10652臺北市大安區新生南路1段67號","BikeAllowOnHoliday":true,"SrcUpdateTime":"2018-01-10T13:00:00+08:00","UpdateTime":"2018-07-25T10:00:00+08:00","VersionID":1},{"StationID":"BL15","StationName":{"Zh_tw":"忠孝復興","En":"Zhongxiao Fuxing"},"StationPosition":{"PositionLat":25.041749,"PositionLon":121.545026},"StationAddress":"10691臺北市大安區忠孝東路4段47號","BikeAllowOnHoliday":false,"SrcUpdateTime":"2018-01-10T13:00:00+08:00","UpdateTime":"2018-07-25T10:00:00+08:00","VersionID":1},{"StationID":"BL16","StationName":{"Zh_tw":"忠孝敦化","En":"Xhongxiao Dunhua"},"StationPosition":{"PositionLat":25.041505,"PositionLon":121.55045},"StationAddress":"10686臺北市大安區忠孝東路4段182號","BikeAllowOnHoliday":true,"SrcUpdateTime":"2018-01-10T13:00:00+08:00","UpdateTime":"2018-07-25T10:00:00+08:00","VersionID":1},{"StationID":"BL17","StationName":{"Zh_tw":"國父紀念館","En":"Sun Yat-Sen Memorial Hall"},"StationPosition":{"PositionLat":25.04137,"PositionLon":121.557815},"StationAddress":"11072臺北市信義區忠孝東路4段400號","BikeAllowOnHoliday":true,"SrcUpdateTime":"2018-01-10T13:00:00+08:00","UpdateTime":"2018-07-25T10:00:00+08:00","VersionID":1},{"StationID":"BL18","StationName":{"Zh_tw":"市政府","En":"Taipei City Hall"},"StationPosition":{"PositionLat":25.041135,"PositionLon":121.565685},"StationAddress":"11071臺北市信義區忠孝東路5段2號","BikeAllowOnHoliday":true,"SrcUpdateTime":"2018-01-10T13:00:00+08:00","UpdateTime":"2018-07-25T10:00:00+08:00","VersionID":1},{"StationID":"BL19","StationName":{"Zh_tw":"永春","En":"Yongchun"},"StationPosition":{"PositionLat":25.040855,"PositionLon":121.5762},"StationAddress":"11061臺北市信義區忠孝東路5段455號","BikeAllowOnHoliday":true,"SrcUpdateTime":"2018-01-10T13:00:00+08:00","UpdateTime":"2018-07-25T10:00:00+08:00","VersionID":1},{"StationID":"BL20","StationName":{"Zh_tw":"後山埤","En":"Houshanpi"},"StationPosition":{"PositionLat":25.044715,"PositionLon":121.58227},"StationAddress":"11575臺北市南港區忠孝東路6段2號","BikeAllowOnHoliday":true,"SrcUpdateTime":"2018-01-10T13:00:00+08:00","UpdateTime":"2018-07-25T10:00:00+08:00","VersionID":1},{"StationID":"BL21","StationName":{"Zh_tw":"昆陽","En":"Kunyang"},"StationPosition":{"PositionLat":25.050459,"PositionLon":121.593228},"StationAddress":"11558臺北市南港區忠孝東路6段451號","BikeAllowOnHoliday":true,"SrcUpdateTime":"2018-01-10T13:00:00+08:00","UpdateTime":"2018-07-25T10:00:00+08:00","VersionID":1},{"StationID":"BL22","StationName":{"Zh_tw":"南港","En":"Nangang"},"StationPosition":{"PositionLat":25.052035,"PositionLon":121.60697},"StationAddress":"11561臺北市南港區忠孝東路7段380號","BikeAllowOnHoliday":true,"SrcUpdateTime":"2018-01-10T13:00:00+08:00","UpdateTime":"2018-07-25T10:00:00+08:00","VersionID":1},{"StationID":"BL23","StationName":{"Zh_tw":"南港展覽館","En":"Taipei Nangang Exhibition Center"},"StationPosition":{"PositionLat":25.054919,"PositionLon":121.616861},"StationAddress":"11568臺北市南港區研究院路1段1號","BikeAllowOnHoliday":true,"SrcUpdateTime":"2018-01-10T13:00:00+08:00","UpdateTime":"2018-07-25T10:00:00+08:00","VersionID":1}]